ISO-10303-21;
HEADER;
FILE_DESCRIPTION (( 'STEP AP214' ),
    '1' );
FILE_NAME ('Hind Leg.STEP',
    '2026-06-08T08:19:27',
    ( '' ),
    ( '' ),
    'SwSTEP 2.0',
    'SolidWorks 2024',
    '' );
FILE_SCHEMA (( 'AUTOMOTIVE_DESIGN' ));
ENDSEC;

DATA;
#1 = EDGE_CURVE ( 'NONE', #1219, #3180, #4851, .T. ) ;
#2 = DIRECTION ( 'NONE',  ( -1.000000000000000000, 0.000000000000000000, 0.000000000000000000 ) ) ;
#3 = CARTESIAN_POINT ( 'NONE',  ( -6.560365685056509299, 5.452319956944943868, 26.68346933000369248 ) ) ;
#4 = DIRECTION ( 'NONE',  ( -0.000000000000000000, 1.000000000000000000, -0.000000000000000000 ) ) ;
#5 = CARTESIAN_POINT ( 'NONE',  ( 0.000000000000000000, 26.14942490415070253, 0.000000000000000000 ) ) ;
#6 = VERTEX_POINT ( 'NONE', #868 ) ;
#7 = ORIENTED_EDGE ( 'NONE', *, *, #3932, .T. ) ;
#8 = AXIS2_PLACEMENT_3D ( 'NONE', #946, #3854, #2438 ) ;
#9 = CARTESIAN_POINT ( 'NONE',  ( -45.00000000000002132, -23.42384038863437468, -43.20370120307598683 ) ) ;
#10 = FACE_OUTER_BOUND ( 'NONE', #3161, .T. ) ;
#11 = AXIS2_PLACEMENT_3D ( 'NONE', #3674, #4776, #4431 ) ;
#12 = VERTEX_POINT ( 'NONE', #121 ) ;
#13 = ADVANCED_FACE ( 'NONE', ( #2335, #2359 ), #3827, .F. ) ;
#14 = CARTESIAN_POINT ( 'NONE',  ( 0.000000000000000000, 0.000000000000000000, 0.000000000000000000 ) ) ;
#15 = EDGE_LOOP ( 'NONE', ( #726, #4135, #2789, #4807, #1617 ) ) ;
#16 = VERTEX_POINT ( 'NONE', #1990 ) ;
#17 = ORIENTED_EDGE ( 'NONE', *, *, #4577, .T. ) ;
#18 = AXIS2_PLACEMENT_3D ( 'NONE', #1673, #859, #3871 ) ;
#19 = AXIS2_PLACEMENT_3D ( 'NONE', #3099, #898, #3520 ) ;
#20 = ORIENTED_EDGE ( 'NONE', *, *, #1984, .F. ) ;
#21 = SPHERICAL_SURFACE ( 'NONE', #1976, 0.7000000000000002887 ) ;
#22 = CARTESIAN_POINT ( 'NONE',  ( -17.48771895889622741, 13.38752406167055575, 5.913528885215256745E-16 ) ) ;
#23 = DIRECTION ( 'NONE',  ( 0.000000000000000000, 0.000000000000000000, 1.000000000000000000 ) ) ;
#24 = EDGE_CURVE ( 'NONE', #112, #3672, #3122, .T. ) ;
#25 = CYLINDRICAL_SURFACE ( 'NONE', #565, 1.499999999999999556 ) ;
#26 = AXIS2_PLACEMENT_3D ( 'NONE', #4108, #446, #752 ) ;
#27 = CARTESIAN_POINT ( 'NONE',  ( 13.54999999999999893, -13.30000000000000071, 0.000000000000000000 ) ) ;
#28 = LINE ( 'NONE', #4146, #4837 ) ;
#29 = CARTESIAN_POINT ( 'NONE',  ( -3.588477383490476402, 1.538759491240389909, 32.62724593313576804 ) ) ;
#30 = ORIENTED_EDGE ( 'NONE', *, *, #1456, .F. ) ;
#31 = CARTESIAN_POINT ( 'NONE',  ( 0.000000000000000000, 0.000000000000000000, 20.00000000000000000 ) ) ;
#32 = CARTESIAN_POINT ( 'NONE',  ( -29.09009742330268011, 5.000000000000000000, -76.89558429511278348 ) ) ;
#33 = CIRCLE ( 'NONE', #2550, 10.50000000000000533 ) ;
#34 = ORIENTED_EDGE ( 'NONE', *, *, #3314, .T. ) ;
#35 = EDGE_CURVE ( 'NONE', #879, #2575, #98, .T. ) ;
#36 = CARTESIAN_POINT ( 'NONE',  ( -21.43453026256791460, 0.3727565640246604528, -29.90185060153803320 ) ) ;
#37 = EDGE_CURVE ( 'NONE', #4450, #3615, #2731, .T. ) ;
#38 = DIRECTION ( 'NONE',  ( 0.000000000000000000, -0.000000000000000000, 1.000000000000000000 ) ) ;
#39 = ORIENTED_EDGE ( 'NONE', *, *, #3378, .T. ) ;
#40 = ORIENTED_EDGE ( 'NONE', *, *, #1843, .F. ) ;
#41 = EDGE_LOOP ( 'NONE', ( #332, #360, #3061, #1723 ) ) ;
#42 = CYLINDRICAL_SURFACE ( 'NONE', #2031, 5.000000000000004441 ) ;
#43 = DIRECTION ( 'NONE',  ( -1.000000000000000000, 0.000000000000000000, 0.000000000000000000 ) ) ;
#44 = DIRECTION ( 'NONE',  ( 0.000000000000000000, 1.000000000000000000, 0.000000000000000000 ) ) ;
#45 = DIRECTION ( 'NONE',  ( 0.000000000000000000, 1.000000000000000000, 0.000000000000000000 ) ) ;
#46 = CARTESIAN_POINT ( 'NONE',  ( -2.559059817791450087, 3.888912010840047451, 34.68608106453382334 ) ) ;
#47 = SURFACE_SIDE_STYLE ('',( #3418 ) ) ;
#48 = CYLINDRICAL_SURFACE ( 'NONE', #985, 7.450000000000003730 ) ;
#49 = VECTOR ( 'NONE', #2902, 1000.000000000000000 ) ;
#50 = CARTESIAN_POINT ( 'NONE',  ( 0.000000000000000000, 5.000000000000000000, -42.00000000000000000 ) ) ;
#51 = PRODUCT_DEFINITION_FORMATION_WITH_SPECIFIED_SOURCE ( 'ä»', '', #821, .NOT_KNOWN. ) ;
#52 = VECTOR ( 'NONE', #1413, 1000.000000000000000 ) ;
#53 = AXIS2_PLACEMENT_3D ( 'NONE', #50, #1559, #3805 ) ;
#54 = EDGE_CURVE ( 'NONE', #2397, #959, #1725, .T. ) ;
#55 = DIRECTION ( 'NONE',  ( 0.000000000000000000, 1.000000000000000000, 0.000000000000000000 ) ) ;
#56 = DIRECTION ( 'NONE',  ( 0.000000000000000000, 0.000000000000000000, 1.000000000000000000 ) ) ;
#57 = ORIENTED_EDGE ( 'NONE', *, *, #2170, .F. ) ;
#58 = VECTOR ( 'NONE', #3285, 1000.000000000000000 ) ;
#59 = EDGE_CURVE ( 'NONE', #3104, #1819, #4605, .T. ) ;
#60 =( LENGTH_UNIT ( ) NAMED_UNIT ( * ) SI_UNIT ( .MILLI., .METRE. ) );
#61 = LINE ( 'NONE', #2738, #141 ) ;
#62 = ORIENTED_EDGE ( 'NONE', *, *, #1145, .T. ) ;
#63 = EDGE_CURVE ( 'NONE', #4450, #1846, #2755, .T. ) ;
#64 = EDGE_LOOP ( 'NONE', ( #2282, #3606, #756, #2137, #4825 ) ) ;
#65 = VERTEX_POINT ( 'NONE', #3120 ) ;
#66 = CARTESIAN_POINT ( 'NONE',  ( -2.389691460303893678, 0.8729443479809960715, 0.000000000000000000 ) ) ;
#67 = LINE ( 'NONE', #3798, #2451 ) ;
#68 = PRODUCT_DEFINITION_SHAPE ( 'NONE', 'NONE',  #4858 ) ;
#69 = CARTESIAN_POINT ( 'NONE',  ( -33.24383501506019911, 5.452319956944943868, -1.633891265256780515E-15 ) ) ;
#70 = AXIS2_PLACEMENT_3D ( 'NONE', #1909, #1149, #1190 ) ;
#71 = CARTESIAN_POINT ( 'NONE',  ( -45.00000000000002132, 5.000000000000000000, -44.80370120307598114 ) ) ;
#72 = LINE ( 'NONE', #1578, #163 ) ;
#73 = FACE_OUTER_BOUND ( 'NONE', #711, .T. ) ;
#74 = DIRECTION ( 'NONE',  ( 0.000000000000000000, -0.000000000000000000, 1.000000000000000000 ) ) ;
#75 = CARTESIAN_POINT ( 'NONE',  ( -10.55000000000000071, -10.80000000000000071, 1.500000000000000000 ) ) ;
#76 = CARTESIAN_POINT ( 'NONE',  ( 10.50000000000000533, -8.849999999999992539, 0.000000000000000000 ) ) ;
#77 = CIRCLE ( 'NONE', #4151, 10.45000000000000462 ) ;
#78 = AXIS2_PLACEMENT_3D ( 'NONE', #3561, #1646, #2377 ) ;
#79 = CARTESIAN_POINT ( 'NONE',  ( -11.66726188957807331, -3.799999999999999822, 10.16726188957802890 ) ) ;
#80 = CARTESIAN_POINT ( 'NONE',  ( -16.00000000000000000, -7.025961875374001409, 0.000000000000000000 ) ) ;
#81 = EDGE_LOOP ( 'NONE', ( #2056, #3532, #4526, #588 ) ) ;
#82 = FACE_OUTER_BOUND ( 'NONE', #3084, .T. ) ;
#83 = ORIENTED_EDGE ( 'NONE', *, *, #2198, .F. ) ;
#84 = ADVANCED_FACE ( 'NONE', ( #3493 ), #4251, .T. ) ;
#85 = ORIENTED_EDGE ( 'NONE', *, *, #94, .F. ) ;
#86 = CARTESIAN_POINT ( 'NONE',  ( -1.813707415476477847, 0.5732407636741823076, -36.17678586916374428 ) ) ;
#87 = ADVANCED_FACE ( 'NONE', ( #3784 ), #3441, .T. ) ;
#88 = LINE ( 'NONE', #367, #3780 ) ;
#89 = LINE ( 'NONE', #1598, #2861 ) ;
#90 = VECTOR ( 'NONE', #1280, 1000.000000000000000 ) ;
#91 = VECTOR ( 'NONE', #474, 1000.000000000000000 ) ;
#92 = DIRECTION ( 'NONE',  ( -0.000000000000000000, -1.000000000000000000, -0.000000000000000000 ) ) ;
#93 = AXIS2_PLACEMENT_3D ( 'NONE', #3925, #1384, #271 ) ;
#94 = EDGE_CURVE ( 'NONE', #2840, #2495, #3205, .T. ) ;
#95 = DIRECTION ( 'NONE',  ( -1.000000000000000000, 0.000000000000000000, 0.000000000000000000 ) ) ;
#96 = DIRECTION ( 'NONE',  ( 0.000000000000000000, -0.000000000000000000, 1.000000000000000000 ) ) ;
#97 = CARTESIAN_POINT ( 'NONE',  ( -1.051612519740649176, 0.1449029338955367674, 37.70097566063542160 ) ) ;
#98 = LINE ( 'NONE', #4611, #3988 ) ;
#99 = VECTOR ( 'NONE', #3737, 1000.000000000000000 ) ;
#100 = DIRECTION ( 'NONE',  ( -0.000000000000000000, -1.000000000000000000, -0.000000000000000000 ) ) ;
#101 = DIRECTION ( 'NONE',  ( -0.000000000000000000, -1.000000000000000000, -0.000000000000000000 ) ) ;
#102 = CARTESIAN_POINT ( 'NONE',  ( -32.97918471982870159, 5.000000000000000000, -65.93542918672126518 ) ) ;
#103 = VERTEX_POINT ( 'NONE', #3096 ) ;
#104 = ORIENTED_EDGE ( 'NONE', *, *, #4547, .T. ) ;
#105 = DIRECTION ( 'NONE',  ( 0.000000000000000000, 0.000000000000000000, 1.000000000000000000 ) ) ;
#106 = DIRECTION ( 'NONE',  ( -0.000000000000000000, 1.000000000000000000, 0.000000000000000000 ) ) ;
#107 = ORIENTED_EDGE ( 'NONE', *, *, #3375, .T. ) ;
#108 = DIRECTION ( 'NONE',  ( -0.000000000000000000, 1.000000000000000000, -0.000000000000000000 ) ) ;
#109 = EDGE_CURVE ( 'NONE', #4093, #4429, #2729, .T. ) ;
#110 = CIRCLE ( 'NONE', #1459, 7.500000000000000000 ) ;
#111 = EDGE_LOOP ( 'NONE', ( #753, #3949 ) ) ;
#112 = VERTEX_POINT ( 'NONE', #2315 ) ;
#113 = CARTESIAN_POINT ( 'NONE',  ( -1.051612519740641849, 0.1449029338955367674, -37.70097566063541450 ) ) ;
#114 = DIRECTION ( 'NONE',  ( 0.000000000000000000, 1.000000000000000000, 0.000000000000000000 ) ) ;
#115 = CARTESIAN_POINT ( 'NONE',  ( -30.89870260200558150, 1.740681043584102250, 21.99320450389443948 ) ) ;
#116 = CARTESIAN_POINT ( 'NONE',  ( -29.81154385655510808, 7.182549245871483912, -19.81888701299351752 ) ) ;
#117 = DIRECTION ( 'NONE',  ( 0.000000000000000000, 0.000000000000000000, -1.000000000000000000 ) ) ;
#118 = DIRECTION ( 'NONE',  ( -0.000000000000000000, 1.000000000000000000, -0.000000000000000000 ) ) ;
#119 = DIRECTION ( 'NONE',  ( 0.000000000000000000, 0.000000000000000000, 1.000000000000000000 ) ) ;
#120 = CARTESIAN_POINT ( 'NONE',  ( 0.000000000000000000, 0.000000000000000000, 0.000000000000000000 ) ) ;
#121 = CARTESIAN_POINT ( 'NONE',  ( 0.000000000000000000, -3.800000000000001155, 13.00000000000000178 ) ) ;
#122 = EDGE_CURVE ( 'NONE', #1719, #581, #2336, .T. ) ;
#123 = DIRECTION ( 'NONE',  ( 0.000000000000000000, 1.000000000000000000, 0.000000000000000000 ) ) ;
#124 = DIRECTION ( 'NONE',  ( 0.000000000000000000, 0.000000000000000000, -1.000000000000000000 ) ) ;
#125 = CARTESIAN_POINT ( 'NONE',  ( -16.00000000000000000, -7.025961875374001409, 1.500000000000000000 ) ) ;
#126 = ORIENTED_EDGE ( 'NONE', *, *, #3160, .F. ) ;
#127 = EDGE_LOOP ( 'NONE', ( #2247, #3976, #230, #3286, #2735, #706 ) ) ;
#128 = PRESENTATION_LAYER_ASSIGNMENT (  '', '', ( #3351 ) ) ;
#129 = APPLICATION_PROTOCOL_DEFINITION ( 'draft international standard', 'automotive_design', 1998, #200 ) ;
#130 = DIRECTION ( 'NONE',  ( 0.000000000000000000, 1.000000000000000000, 0.000000000000000000 ) ) ;
#131 = ORIENTED_EDGE ( 'NONE', *, *, #679, .T. ) ;
#132 = DIRECTION ( 'NONE',  ( -0.000000000000000000, 1.000000000000000000, -0.000000000000000000 ) ) ;
#133 = ORIENTED_EDGE ( 'NONE', *, *, #3845, .T. ) ;
#134 = AXIS2_PLACEMENT_3D ( 'NONE', #1419, #4410, #1054 ) ;
#135 = DIRECTION ( 'NONE',  ( 0.000000000000000000, 0.000000000000000000, 1.000000000000000000 ) ) ;
#136 = CARTESIAN_POINT ( 'NONE',  ( 0.000000000000000000, 26.14942490415070253, 7.500000000000000000 ) ) ;
#137 = LINE ( 'NONE', #3562, #968 ) ;
#138 = CARTESIAN_POINT ( 'NONE',  ( -49.80210035005837454, -0.1774874432095524257, -3.661693929450588187E-15 ) ) ;
#139 = VERTEX_POINT ( 'NONE', #2661 ) ;
#140 = FACE_OUTER_BOUND ( 'NONE', #3127, .T. ) ;
#141 = VECTOR ( 'NONE', #4232, 1000.000000000000000 ) ;
#142 = DIRECTION ( 'NONE',  ( 0.000000000000000000, 1.000000000000000000, 0.000000000000000000 ) ) ;
#143 = CARTESIAN_POINT ( 'NONE',  ( -9.992656843561595892, 7.182549245871482135, 19.81888701299352462 ) ) ;
#144 = DIRECTION ( 'NONE',  ( 0.000000000000000000, 1.000000000000000000, 0.000000000000000000 ) ) ;
#145 = CARTESIAN_POINT ( 'NONE',  ( 0.000000000000000000, 26.14942490415070253, 0.000000000000000000 ) ) ;
#146 = PRODUCT_DEFINITION_SHAPE ( 'NONE', 'NONE',  #4861 ) ;
#147 = DIRECTION ( 'NONE',  ( 0.000000000000000000, 0.000000000000000000, -1.000000000000000000 ) ) ;
#148 = EDGE_CURVE ( 'NONE', #3615, #4022, #2412, .T. ) ;
#149 = DIRECTION ( 'NONE',  ( -0.000000000000000000, -1.000000000000000000, -0.000000000000000000 ) ) ;
#150 = FACE_OUTER_BOUND ( 'NONE', #2978, .T. ) ;
#151 = DIRECTION ( 'NONE',  ( 0.000000000000000000, 0.000000000000000000, 1.000000000000000000 ) ) ;
#152 = VERTEX_POINT ( 'NONE', #3420 ) ;
#153 = EDGE_LOOP ( 'NONE', ( #1132, #2391 ) ) ;
#154 = VECTOR ( 'NONE', #1412, 1000.000000000000000 ) ;
#155 = CARTESIAN_POINT ( 'NONE',  ( 13.00000000000000178, -9.525961875374001409, 1.500000000000000000 ) ) ;
#156 = ORIENTED_EDGE ( 'NONE', *, *, #2206, .F. ) ;
#157 = LINE ( 'NONE', #3890, #3727 ) ;
#158 = ADVANCED_FACE ( 'NONE', ( #796 ), #4220, .T. ) ;
#159 = AXIS2_PLACEMENT_3D ( 'NONE', #4279, #2020, #147 ) ;
#160 = ORIENTED_EDGE ( 'NONE', *, *, #418, .T. ) ;
#161 = DIRECTION ( 'NONE',  ( 0.000000000000000000, 1.000000000000000000, -0.000000000000000000 ) ) ;
#162 = LINE ( 'NONE', #3165, #3223 ) ;
#163 = VECTOR ( 'NONE', #4559, 1000.000000000000000 ) ;
#164 = CARTESIAN_POINT ( 'NONE',  ( -29.05121421725457509, 2.033202709351189519, -1.120443301249651439E-15 ) ) ;
#165 = CARTESIAN_POINT ( 'NONE',  ( -19.90210035005835110, 3.340681043584106558, 15.99999999999999645 ) ) ;
#166 = ORIENTED_EDGE ( 'NONE', *, *, #1456, .T. ) ;
#167 = DIRECTION ( 'NONE',  ( 0.000000000000000000, -1.000000000000000000, 0.000000000000000000 ) ) ;
#168 = CARTESIAN_POINT ( 'NONE',  ( -56.66726188957804311, 5.000000000000000000, -57.80370120307598114 ) ) ;
#169 = DIRECTION ( 'NONE',  ( -0.000000000000000000, 1.000000000000000000, -0.000000000000000000 ) ) ;
#170 = CARTESIAN_POINT ( 'NONE',  ( -39.39838489184216996, 0.05478672904803285476, -2.387606245936157452E-15 ) ) ;
#171 = CARTESIAN_POINT ( 'NONE',  ( -29.81154385655510808, 7.182549245871482135, -19.81888701299351752 ) ) ;
#172 = EDGE_CURVE ( 'NONE', #1030, #1478, #3048, .T. ) ;
#173 = VECTOR ( 'NONE', #2011, 1000.000000000000000 ) ;
#174 = CIRCLE ( 'NONE', #3853, 19.90210035005835110 ) ;
#175 = DIRECTION ( 'NONE',  ( 0.000000000000000000, 0.000000000000000000, 1.000000000000000000 ) ) ;
#176 = CARTESIAN_POINT ( 'NONE',  ( 16.00000000000000000, -7.025961875374001409, 1.500000000000000000 ) ) ;
#177 = DIRECTION ( 'NONE',  ( 0.7071067811865469066, 0.000000000000000000, -0.7071067811865482389 ) ) ;
#178 = CARTESIAN_POINT ( 'NONE',  ( -9.500000000000005329, -13.84999999999999964, -6.633814543801955899E-14 ) ) ;
#179 = VERTEX_POINT ( 'NONE', #1206 ) ;
#180 = ORIENTED_EDGE ( 'NONE', *, *, #1540, .F. ) ;
#181 = EDGE_CURVE ( 'NONE', #4785, #2736, #3593, .T. ) ;
#182 = CONTEXT_DEPENDENT_SHAPE_REPRESENTATION ( #3461, #4612 ) ;
#183 = DIRECTION ( 'NONE',  ( 0.000000000000000000, 0.000000000000000000, 1.000000000000000000 ) ) ;
#184 = ORIENTED_EDGE ( 'NONE', *, *, #2710, .T. ) ;
#185 = CARTESIAN_POINT ( 'NONE',  ( -9.992656843561592339, 7.182549245871483024, 0.000000000000000000 ) ) ;
#186 = ADVANCED_FACE ( 'NONE', ( #4302 ), #3146, .F. ) ;
#187 = ORIENTED_EDGE ( 'NONE', *, *, #377, .T. ) ;
#188 = ADVANCED_FACE ( 'NONE', ( #4691 ), #1297, .F. ) ;
#189 = CARTESIAN_POINT ( 'NONE',  ( 1.602911526882484435E-16, -2.229077290394566550E-17, 0.000000000000000000 ) ) ;
#190 = LINE ( 'NONE', #136, #4706 ) ;
#191 = CARTESIAN_POINT ( 'NONE',  ( -8.905498098111136684, 1.740681043584102250, 21.99320450389444304 ) ) ;
#192 = CIRCLE ( 'NONE', #2178, 1.549999999999995826 ) ;
#193 = ORIENTED_EDGE ( 'NONE', *, *, #1716, .F. ) ;
#194 = ORIENTED_EDGE ( 'NONE', *, *, #400, .T. ) ;
#195 = DIRECTION ( 'NONE',  ( -0.000000000000000000, 1.000000000000000000, -0.000000000000000000 ) ) ;
#196 = CARTESIAN_POINT ( 'NONE',  ( -7.000000000000000888, 0.000000000000000000, -13.87298334620741436 ) ) ;
#197 = CARTESIAN_POINT ( 'NONE',  ( -29.72530282808941138, 7.229776570311006623, -1.202995347209708528E-15 ) ) ;
#198 = DIRECTION ( 'NONE',  ( -1.000000000000000000, 0.000000000000000000, 0.000000000000000000 ) ) ;
#199 = DIRECTION ( 'NONE',  ( -0.000000000000000000, 1.000000000000000000, 0.000000000000000000 ) ) ;
#200 = APPLICATION_CONTEXT ( 'automotive_design' ) ;
#201 = CARTESIAN_POINT ( 'NONE',  ( -16.05000000000000071, -13.30000000000000071, 0.000000000000000000 ) ) ;
#202 = CARTESIAN_POINT ( 'NONE',  ( -56.66726188957796495, 5.000000000000000000, -81.13822498223190394 ) ) ;
#203 = DIRECTION ( 'NONE',  ( -0.000000000000000000, 1.000000000000000000, -0.000000000000000000 ) ) ;
#204 = CARTESIAN_POINT ( 'NONE',  ( -40.00000000000002132, -23.42384038863437468, -55.98568171841543517 ) ) ;
#205 = ORIENTED_EDGE ( 'NONE', *, *, #1362, .F. ) ;
#206 = ORIENTED_EDGE ( 'NONE', *, *, #473, .T. ) ;
#207 = ADVANCED_FACE ( 'NONE', ( #919 ), #4741, .F. ) ;
#208 = CARTESIAN_POINT ( 'NONE',  ( -12.45210035005835003, 24.63667557965986532, 0.000000000000000000 ) ) ;
#209 = ORIENTED_EDGE ( 'NONE', *, *, #4440, .T. ) ;
#210 = CARTESIAN_POINT ( 'NONE',  ( -15.11984585097072120, 5.000000000000000000, -48.07609031786337539 ) ) ;
#211 = AXIS2_PLACEMENT_3D ( 'NONE', #1086, #272, #344 ) ;
#212 = AXIS2_PLACEMENT_3D ( 'NONE', #781, #105, #4543 ) ;
#213 = EDGE_CURVE ( 'NONE', #1266, #3999, #293, .T. ) ;
#214 = ORIENTED_EDGE ( 'NONE', *, *, #3738, .F. ) ;
#215 = DIRECTION ( 'NONE',  ( 1.000000000000000000, 0.000000000000000000, 0.000000000000000000 ) ) ;
#216 = CARTESIAN_POINT ( 'NONE',  ( -13.00000000000000178, -9.525961875374001409, 1.500000000000000000 ) ) ;
#217 = CARTESIAN_POINT ( 'NONE',  ( -10.75298648286213066, 2.033202709351189519, 2.240886602499302483E-15 ) ) ;
#218 = VERTEX_POINT ( 'NONE', #3619 ) ;
#219 = AXIS2_PLACEMENT_3D ( 'NONE', #3304, #4798, #660 ) ;
#220 = VERTEX_POINT ( 'NONE', #598 ) ;
#221 = DIRECTION ( 'NONE',  ( -0.000000000000000000, 1.000000000000000000, -0.000000000000000000 ) ) ;
#222 = LINE ( 'NONE', #1258, #3504 ) ;
#223 = DIRECTION ( 'NONE',  ( 0.000000000000000000, 0.000000000000000000, 1.000000000000000000 ) ) ;
#224 = CLOSED_SHELL ( 'NONE', ( #2362, #4742, #606, #1210, #1392, #457, #3908, #1176, #1812, #1045, #3394, #643, #87, #3376, #845, #1274, #2478, #3726, #4333, #2017, #3948, #974, #3280, #3700, #3609, #4589, #903, #207 ) ) ;
#225 = EDGE_CURVE ( 'NONE', #261, #4795, #2516, .T. ) ;
#226 = CARTESIAN_POINT ( 'NONE',  ( -13.54999999999999893, -13.30000000000000071, 1.500000000000000000 ) ) ;
#227 = CYLINDRICAL_SURFACE ( 'NONE', #2277, 10.99660225194722152 ) ;
#228 = DIRECTION ( 'NONE',  ( -0.7071067811865469066, 0.000000000000000000, 0.7071067811865482389 ) ) ;
#229 = CARTESIAN_POINT ( 'NONE',  ( 4.316879966994419987E-16, 0.000000000000000000, -3.524999999999999911 ) ) ;
#230 = ORIENTED_EDGE ( 'NONE', *, *, #2196, .F. ) ;
#231 = ORIENTED_EDGE ( 'NONE', *, *, #1975, .T. ) ;
#232 = DIRECTION ( 'NONE',  ( 0.000000000000000000, -1.000000000000000000, 0.000000000000000000 ) ) ;
#233 = ORIENTED_EDGE ( 'NONE', *, *, #3866, .F. ) ;
#234 = DIRECTION ( 'NONE',  ( 0.000000000000000000, 0.000000000000000000, 1.000000000000000000 ) ) ;
#235 = AXIS2_PLACEMENT_3D ( 'NONE', #2680, #4840, #3398 ) ;
#236 = ORIENTED_EDGE ( 'NONE', *, *, #2431, .F. ) ;
#237 = CARTESIAN_POINT ( 'NONE',  ( -19.90210035005835110, 24.63667557965986532, 0.000000000000000000 ) ) ;
#238 = CIRCLE ( 'NONE', #2984, 4.999999999999990230 ) ;
#239 = EDGE_CURVE ( 'NONE', #699, #4241, #1757, .T. ) ;
#240 = AXIS2_PLACEMENT_3D ( 'NONE', #2050, #475, #3856 ) ;
#241 = EDGE_LOOP ( 'NONE', ( #2129, #3552, #1272, #3264 ) ) ;
#242 = ORIENTED_EDGE ( 'NONE', *, *, #2147, .F. ) ;
#243 = ADVANCED_FACE ( 'NONE', ( #4664, #623 ), #2120, .F. ) ;
#244 = CYLINDRICAL_SURFACE ( 'NONE', #2849, 7.500000000000000000 ) ;
#245 = VECTOR ( 'NONE', #3714, 1000.000000000000000 ) ;
#246 = DIRECTION ( 'NONE',  ( 0.000000000000000000, 1.000000000000000000, 0.000000000000000000 ) ) ;
#247 = PLANE ( 'NONE',  #768 ) ;
#248 = CARTESIAN_POINT ( 'NONE',  ( 13.54999999999999893, -15.80000000000000071, 1.500000000000000000 ) ) ;
#249 = EDGE_CURVE ( 'NONE', #4622, #2450, #3430, .T. ) ;
#250 = ADVANCED_FACE ( 'NONE', ( #996 ), #769, .F. ) ;
#251 = EDGE_CURVE ( 'NONE', #2279, #4843, #2783, .T. ) ;
#252 = DIRECTION ( 'NONE',  ( -0.000000000000000000, 1.000000000000000000, -0.000000000000000000 ) ) ;
#253 = DIRECTION ( 'NONE',  ( 0.000000000000000000, 0.000000000000000000, -1.000000000000000000 ) ) ;
#254 = CARTESIAN_POINT ( 'NONE',  ( 13.00000000000000178, -4.525961875374001409, 0.000000000000000000 ) ) ;
#255 = FACE_OUTER_BOUND ( 'NONE', #1103, .T. ) ;
#256 = ORIENTED_EDGE ( 'NONE', *, *, #2405, .T. ) ;
#257 = VERTEX_POINT ( 'NONE', #4768 ) ;
#258 = VECTOR ( 'NONE', #989, 1000.000000000000000 ) ;
#259 = AXIS2_PLACEMENT_3D ( 'NONE', #2075, #1236, #1993 ) ;
#260 = FACE_OUTER_BOUND ( 'NONE', #554, .T. ) ;
#261 = VERTEX_POINT ( 'NONE', #1777 ) ;
#262 = DIRECTION ( 'NONE',  ( -0.000000000000000000, 1.000000000000000000, -0.000000000000000000 ) ) ;
#263 = VECTOR ( 'NONE', #4509, 1000.000000000000000 ) ;
#264 = B_SPLINE_CURVE_WITH_KNOTS ( 'NONE', 3,
 ( #1358, #2479, #491, #463, #3876, #2620 ),
 .UNSPECIFIED., .F., .F.,
 ( 4, 1, 1, 4 ),
 ( 0.000000000000000000, 0.1565210492490426430, 0.5689366928055971107, 1.000000000000000000 ),
 .UNSPECIFIED. ) ;
#265 = VECTOR ( 'NONE', #428, 1000.000000000000000 ) ;
#266 = CARTESIAN_POINT ( 'NONE',  ( -38.75258818037606545, 0.1449029338955367396, -2.308518958376471876E-15 ) ) ;
#267 = ORIENTED_EDGE ( 'NONE', *, *, #1334, .F. ) ;
#268 = ORIENTED_EDGE ( 'NONE', *, *, #1479, .T. ) ;
#269 = EDGE_LOOP ( 'NONE', ( #2918, #3962, #4617, #4651 ) ) ;
#270 = EDGE_CURVE ( 'NONE', #1749, #1447, #2903, .T. ) ;
#271 = DIRECTION ( 'NONE',  ( 0.000000000000000000, 0.000000000000000000, 1.000000000000000000 ) ) ;
#272 = DIRECTION ( 'NONE',  ( 0.000000000000000000, 1.000000000000000000, 0.000000000000000000 ) ) ;
#273 = DIRECTION ( 'NONE',  ( 0.000000000000000000, 0.000000000000000000, 1.000000000000000000 ) ) ;
#274 = DIRECTION ( 'NONE',  ( -0.7071067811865469066, 0.000000000000000000, 0.7071067811865482389 ) ) ;
#275 = EDGE_CURVE ( 'NONE', #1002, #784, #1400, .T. ) ;
#276 = LINE ( 'NONE', #3646, #1037 ) ;
#277 = DIRECTION ( 'NONE',  ( -0.000000000000000000, 1.000000000000000000, -0.000000000000000000 ) ) ;
#278 = CARTESIAN_POINT ( 'NONE',  ( 7.115701178078309930, 0.001519591069921833338, 0.000000000000000000 ) ) ;
#279 = CARTESIAN_POINT ( 'NONE',  ( 11.66726188957801291, 0.000000000000000000, 11.66726188957805910 ) ) ;
#280 = ORIENTED_EDGE ( 'NONE', *, *, #611, .T. ) ;
#281 = ORIENTED_EDGE ( 'NONE', *, *, #4412, .T. ) ;
#282 = CARTESIAN_POINT ( 'NONE',  ( -29.09009742330268011, 0.000000000000000000, -76.89558429511278348 ) ) ;
#283 =( NAMED_UNIT ( * ) PLANE_ANGLE_UNIT ( ) SI_UNIT ( $, .RADIAN. ) );
#284 = VERTEX_POINT ( 'NONE', #216 ) ;
#285 = CARTESIAN_POINT ( 'NONE',  ( -3.077405220891714865, 1.290109711048460062, 0.000000000000000000 ) ) ;
#286 = CARTESIAN_POINT ( 'NONE',  ( -22.89182284326413352, 9.407438995575475360, -5.979444986411562191 ) ) ;
#287 = ORIENTED_EDGE ( 'NONE', *, *, #2148, .F. ) ;
#288 = VECTOR ( 'NONE', #794, 1000.000000000000000 ) ;
#289 =( GEOMETRIC_REPRESENTATION_CONTEXT ( 3 ) GLOBAL_UNCERTAINTY_ASSIGNED_CONTEXT ( ( #682 ) ) GLOBAL_UNIT_ASSIGNED_CONTEXT ( ( #383, #4133, #2688 ) ) REPRESENTATION_CONTEXT ( 'NONE', 'WORKASPACE' ) );
#290 = ORIENTED_EDGE ( 'NONE', *, *, #2110, .F. ) ;
#291 = ORIENTED_EDGE ( 'NONE', *, *, #473, .F. ) ;
#292 = AXIS2_PLACEMENT_3D ( 'NONE', #4793, #723, #2220 ) ;
#293 = CIRCLE ( 'NONE', #4763, 8.000000000000000000 ) ;
#294 = ORIENTED_EDGE ( 'NONE', *, *, #2348, .F. ) ;
#295 = DIRECTION ( 'NONE',  ( 0.000000000000000000, 0.000000000000000000, 1.000000000000000000 ) ) ;
#296 = CARTESIAN_POINT ( 'NONE',  ( -40.00000000000002132, -23.42384038863437468, -44.80370120307598114 ) ) ;
#297 = CARTESIAN_POINT ( 'NONE',  ( -7.500000000000000000, 0.000000000000000000, -5.237222008264700033E-14 ) ) ;
#298 = AXIS2_PLACEMENT_3D ( 'NONE', #3014, #803, #2368 ) ;
#299 = CARTESIAN_POINT ( 'NONE',  ( 13.00000000000000178, -4.525961875374001409, 1.500000000000000000 ) ) ;
#300 = DIRECTION ( 'NONE',  ( 1.000000000000000000, 0.000000000000000000, 0.000000000000000000 ) ) ;
#301 = CARTESIAN_POINT ( 'NONE',  ( -19.90210035005835110, -1.332016574660525920, 0.000000000000000000 ) ) ;
#302 = VERTEX_POINT ( 'NONE', #4602 ) ;
#303 = ORIENTED_EDGE ( 'NONE', *, *, #4547, .F. ) ;
#304 = EDGE_CURVE ( 'NONE', #3917, #1030, #909, .T. ) ;
#305 = EDGE_CURVE ( 'NONE', #3963, #3809, #2835, .T. ) ;
#306 = CARTESIAN_POINT ( 'NONE',  ( 13.00000000000000178, -3.800000000000000266, 0.000000000000000000 ) ) ;
#307 = DIRECTION ( 'NONE',  ( -0.000000000000000000, 1.000000000000000000, -0.000000000000000000 ) ) ;
#308 = ORIENTED_EDGE ( 'NONE', *, *, #63, .F. ) ;
#309 = EDGE_CURVE ( 'NONE', #3913, #784, #190, .T. ) ;
#310 = CARTESIAN_POINT ( 'NONE',  ( -16.91237785685257222, 9.407438995575475360, 0.000000000000000000 ) ) ;
#311 = VERTEX_POINT ( 'NONE', #4654 ) ;
#312 = VERTEX_POINT ( 'NONE', #3972 ) ;
#313 = ORIENTED_EDGE ( 'NONE', *, *, #2234, .F. ) ;
#314 = CIRCLE ( 'NONE', #2044, 1.500000000000001332 ) ;
#315 = VECTOR ( 'NONE', #564, 1000.000000000000114 ) ;
#316 = ORIENTED_EDGE ( 'NONE', *, *, #1708, .F. ) ;
#317 = DIRECTION ( 'NONE',  ( -0.000000000000000000, 1.000000000000000000, -0.000000000000000000 ) ) ;
#318 = CARTESIAN_POINT ( 'NONE',  ( -14.49999999999999822, -7.025961875374001409, 1.500000000000000000 ) ) ;
#319 = CARTESIAN_POINT ( 'NONE',  ( -52.42462120245868107, 5.000000000000000000, -85.38086566935119492 ) ) ;
#320 = EDGE_CURVE ( 'NONE', #3473, #12, #4243, .T. ) ;
#321 = AXIS2_PLACEMENT_3D ( 'NONE', #2046, #575, #175 ) ;
#322 = DIRECTION ( 'NONE',  ( -0.000000000000000000, -1.000000000000000000, -0.000000000000000000 ) ) ;
#323 = CARTESIAN_POINT ( 'NONE',  ( -19.90210035005835110, 24.63667557965986532, 0.000000000000000000 ) ) ;
#324 = CARTESIAN_POINT ( 'NONE',  ( -19.90210035005835110, 24.63667557965986177, 7.450000000000003730 ) ) ;
#325 = FACE_OUTER_BOUND ( 'NONE', #81, .T. ) ;
#326 = ORIENTED_EDGE ( 'NONE', *, *, #2914, .F. ) ;
#327 = EDGE_CURVE ( 'NONE', #1243, #685, #1727, .T. ) ;
#328 = ORIENTED_EDGE ( 'NONE', *, *, #4781, .T. ) ;
#329 = AXIS2_PLACEMENT_3D ( 'NONE', #3397, #1510, #2973 ) ;
#330 = CARTESIAN_POINT ( 'NONE',  ( 13.00000000000000178, -9.525961875374001409, 1.500000000000000000 ) ) ;
#331 = DIRECTION ( 'NONE',  ( 0.000000000000000000, 0.000000000000000000, 1.000000000000000000 ) ) ;
#332 = ORIENTED_EDGE ( 'NONE', *, *, #1805, .F. ) ;
#333 = EDGE_CURVE ( 'NONE', #2944, #2645, #2745, .T. ) ;
#334 = CIRCLE ( 'NONE', #3708, 1.499999999999999556 ) ;
#335 = AXIS2_PLACEMENT_3D ( 'NONE', #2067, #2882, #4687 ) ;
#336 = CARTESIAN_POINT ( 'NONE',  ( -17.48771895889623096, 13.38752406167055398, -4.828762782324246494 ) ) ;
#337 = ORIENTED_EDGE ( 'NONE', *, *, #3811, .F. ) ;
#338 = EDGE_CURVE ( 'NONE', #218, #1590, #4350, .T. ) ;
#339 = ORIENTED_EDGE ( 'NONE', *, *, #4396, .F. ) ;
#340 = EDGE_CURVE ( 'NONE', #3266, #992, #3058, .T. ) ;
#341 = VERTEX_POINT ( 'NONE', #2399 ) ;
#342 = ORIENTED_EDGE ( 'NONE', *, *, #1700, .F. ) ;
#343 = CARTESIAN_POINT ( 'NONE',  ( -60.90990257669725594, 5.000000000000000000, -76.89558429511261295 ) ) ;
#344 = DIRECTION ( 'NONE',  ( 0.000000000000000000, 0.000000000000000000, 1.000000000000000000 ) ) ;
#345 = DIRECTION ( 'NONE',  ( 0.000000000000000000, 0.000000000000000000, -1.000000000000000000 ) ) ;
#346 = CIRCLE ( 'NONE', #2074, 1.500000000000001332 ) ;
#347 = CARTESIAN_POINT ( 'NONE',  ( -19.90210035005834754, 1.740681043584102472, -15.99999999999999645 ) ) ;
#348 = CARTESIAN_POINT ( 'NONE',  ( 7.115701178078310818, 0.001519591069921833338, 6.617452832286206231E-15 ) ) ;
#349 = LINE ( 'NONE', #4008, #2886 ) ;
#350 = LINE ( 'NONE', #4078, #3721 ) ;
#351 = ORIENTED_EDGE ( 'NONE', *, *, #1193, .T. ) ;
#352 = ORIENTED_EDGE ( 'NONE', *, *, #4003, .T. ) ;
#353 = VECTOR ( 'NONE', #1326, 1000.000000000000000 ) ;
#354 = DIRECTION ( 'NONE',  ( -0.000000000000000000, -1.000000000000000000, -0.000000000000000000 ) ) ;
#355 = FILL_AREA_STYLE ('',( #3699 ) ) ;
#356 = DIRECTION ( 'NONE',  ( 0.000000000000000000, 0.000000000000000000, 1.000000000000000000 ) ) ;
#357 = EDGE_LOOP ( 'NONE', ( #854, #361 ) ) ;
#358 = EDGE_CURVE ( 'NONE', #501, #1220, #471, .T. ) ;
#359 = CARTESIAN_POINT ( 'NONE',  ( -27.45797837036198530, 3.067221540086911169, -9.253281832312684604E-16 ) ) ;
#360 = ORIENTED_EDGE ( 'NONE', *, *, #4500, .F. ) ;
#361 = ORIENTED_EDGE ( 'NONE', *, *, #59, .T. ) ;
#362 = EDGE_CURVE ( 'NONE', #1077, #2025, #2353, .T. ) ;
#363 = ORIENTED_EDGE ( 'NONE', *, *, #1352, .F. ) ;
#364 = ORIENTED_EDGE ( 'NONE', *, *, #3661, .T. ) ;
#365 = VECTOR ( 'NONE', #4789, 1000.000000000000000 ) ;
#366 = DIRECTION ( 'NONE',  ( 0.000000000000000000, 1.000000000000000000, 0.000000000000000000 ) ) ;
#367 = CARTESIAN_POINT ( 'NONE',  ( -10.55000000000000071, -10.80000000000000071, 1.500000000000000000 ) ) ;
#368 = DIRECTION ( 'NONE',  ( -0.000000000000000000, 1.000000000000000000, -0.000000000000000000 ) ) ;
#369 = VECTOR ( 'NONE', #3804, 1000.000000000000000 ) ;
#370 = PRODUCT_RELATED_PRODUCT_CATEGORY ( 'part', '', ( #1209 ) ) ;
#371 = DIRECTION ( 'NONE',  ( -0.000000000000000000, -1.000000000000000000, -0.000000000000000000 ) ) ;
#372 = DIRECTION ( 'NONE',  ( 0.000000000000000000, 0.000000000000000000, 1.000000000000000000 ) ) ;
#373 = PRESENTATION_STYLE_ASSIGNMENT (( #2543 ) ) ;
#374 = DIRECTION ( 'NONE',  ( 0.000000000000000000, -1.000000000000000000, 0.000000000000000000 ) ) ;
#375 = ORIENTED_EDGE ( 'NONE', *, *, #3186, .T. ) ;
#376 = EDGE_LOOP ( 'NONE', ( #956, #126, #1171, #1744 ) ) ;
#377 = EDGE_CURVE ( 'NONE', #2208, #585, #162, .T. ) ;
#378 = AXIS2_PLACEMENT_3D ( 'NONE', #2152, #2867, #2839 ) ;
#379 = PRESENTATION_LAYER_ASSIGNMENT (  '', '', ( #3981 ) ) ;
#380 =( NAMED_UNIT ( * ) PLANE_ANGLE_UNIT ( ) SI_UNIT ( $, .RADIAN. ) );
#381 = DIRECTION ( 'NONE',  ( -0.000000000000000000, -1.000000000000000000, -0.000000000000000000 ) ) ;
#382 = VERTEX_POINT ( 'NONE', #1307 ) ;
#383 =( LENGTH_UNIT ( ) NAMED_UNIT ( * ) SI_UNIT ( .MILLI., .METRE. ) );
#384 = CIRCLE ( 'NONE', #1643, 10.55000000000000071 ) ;
#385 = CARTESIAN_POINT ( 'NONE',  ( -12.34622232975471867, 3.067221540086911169, 0.000000000000000000 ) ) ;
#386 = EDGE_LOOP ( 'NONE', ( #387, #4437, #2579, #3056 ) ) ;
#387 = ORIENTED_EDGE ( 'NONE', *, *, #4294, .T. ) ;
#388 = ORIENTED_EDGE ( 'NONE', *, *, #757, .F. ) ;
#389 = ORIENTED_EDGE ( 'NONE', *, *, #4297, .F. ) ;
#390 = LINE ( 'NONE', #2213, #4732 ) ;
#391 = DIRECTION ( 'NONE',  ( -1.000000000000000000, 0.000000000000000000, 0.000000000000000000 ) ) ;
#392 = DIRECTION ( 'NONE',  ( -0.000000000000000000, -1.000000000000000000, -0.000000000000000000 ) ) ;
#393 = AXIS2_PLACEMENT_3D ( 'NONE', #3926, #4580, #3070 ) ;
#394 = FACE_OUTER_BOUND ( 'NONE', #4697, .T. ) ;
#395 = CARTESIAN_POINT ( 'NONE',  ( -33.33273811042190715, 0.000000000000000000, -57.80370120307600246 ) ) ;
#396 = CARTESIAN_POINT ( 'NONE',  ( -13.00000000000000178, -9.525961875374001409, 1.500000000000000000 ) ) ;
#397 = CARTESIAN_POINT ( 'NONE',  ( -36.21572331662624578, 1.538759491240389909, 32.62724593313576094 ) ) ;
#398 = ORIENTED_EDGE ( 'NONE', *, *, #3218, .F. ) ;
#399 = ORIENTED_EDGE ( 'NONE', *, *, #2585, .F. ) ;
#400 = EDGE_CURVE ( 'NONE', #2202, #2944, #238, .T. ) ;
#401 = EDGE_CURVE ( 'NONE', #2450, #1077, #936, .T. ) ;
#402 = AXIS2_PLACEMENT_3D ( 'NONE', #1069, #720, #2561 ) ;
#403 = EDGE_CURVE ( 'NONE', #1846, #4804, #953, .T. ) ;
#404 = AXIS2_PLACEMENT_3D ( 'NONE', #2077, #2417, #4307 ) ;
#405 = CARTESIAN_POINT ( 'NONE',  ( -33.33273811042200663, 5.000000000000000000, -81.13822498223208868 ) ) ;
#406 = DIRECTION ( 'NONE',  ( 0.000000000000000000, 1.000000000000000000, 0.000000000000000000 ) ) ;
#407 = AXIS2_PLACEMENT_3D ( 'NONE', #1228, #2355, #4579 ) ;
#408 = ORIENTED_EDGE ( 'NONE', *, *, #3484, .F. ) ;
#409 = CARTESIAN_POINT ( 'NONE',  ( -10.50000000000000533, -3.799999999999999822, -7.332110811570583833E-14 ) ) ;
#410 = EDGE_LOOP ( 'NONE', ( #555, #4378, #2303, #2051, #1593, #3770 ) ) ;
#411 = EDGE_LOOP ( 'NONE', ( #4460, #256 ) ) ;
#412 = AXIS2_PLACEMENT_3D ( 'NONE', #512, #910, #2719 ) ;
#413 = AXIS2_PLACEMENT_3D ( 'NONE', #550, #3471, #3124 ) ;
#414 = ORIENTED_EDGE ( 'NONE', *, *, #3338, .F. ) ;
#415 = CARTESIAN_POINT ( 'NONE',  ( -3.588477383490469741, 1.538759491240390131, 0.000000000000000000 ) ) ;
#416 = CARTESIAN_POINT ( 'NONE',  ( -25.02401048452300714, 5.777545601188450952, 10.24382026892930142 ) ) ;
#417 = DIRECTION ( 'NONE',  ( 0.000000000000000000, 0.000000000000000000, 1.000000000000000000 ) ) ;
#418 = EDGE_CURVE ( 'NONE', #3350, #2545, #4075, .T. ) ;
#419 = LINE ( 'NONE', #3416, #3628 ) ;
#420 = VECTOR ( 'NONE', #4604, 1000.000000000000000 ) ;
#421 = CARTESIAN_POINT ( 'NONE',  ( -49.80210035005837454, -0.1774874432095524257, -3.661693929450588187E-15 ) ) ;
#422 =( NAMED_UNIT ( * ) PLANE_ANGLE_UNIT ( ) SI_UNIT ( $, .RADIAN. ) );
#423 = DIRECTION ( 'NONE',  ( 0.000000000000000000, 0.000000000000000000, -1.000000000000000000 ) ) ;
#424 = DIRECTION ( 'NONE',  ( 0.000000000000000000, 0.000000000000000000, 1.000000000000000000 ) ) ;
#425 = ADVANCED_FACE ( 'NONE', ( #2062 ), #961, .T. ) ;
#426 = EDGE_CURVE ( 'NONE', #4484, #284, #2005, .T. ) ;
#427 = DIRECTION ( 'NONE',  ( 0.000000000000000000, 0.000000000000000000, 1.000000000000000000 ) ) ;
#428 = DIRECTION ( 'NONE',  ( -0.000000000000000000, -1.000000000000000000, -0.000000000000000000 ) ) ;
#429 = CIRCLE ( 'NONE', #3175, 1.549999999999995826 ) ;
#430 = ORIENTED_EDGE ( 'NONE', *, *, #3365, .F. ) ;
#431 = DIRECTION ( 'NONE',  ( 1.000000000000000000, 0.000000000000000000, 0.000000000000000000 ) ) ;
#432 = DIRECTION ( 'NONE',  ( -0.000000000000000000, 1.000000000000000000, -0.000000000000000000 ) ) ;
#433 = ORIENTED_EDGE ( 'NONE', *, *, #403, .T. ) ;
#434 = ORIENTED_EDGE ( 'NONE', *, *, #1656, .F. ) ;
#435 = ORIENTED_EDGE ( 'NONE', *, *, #3828, .T. ) ;
#436 = CARTESIAN_POINT ( 'NONE',  ( -19.90210035005835110, 15.88667557965986177, -10.45000000000000462 ) ) ;
#437 = DIRECTION ( 'NONE',  ( 0.000000000000000000, 0.000000000000000000, -1.000000000000000000 ) ) ;
#438 = DIRECTION ( 'NONE',  ( 0.000000000000000000, 0.000000000000000000, -1.000000000000000000 ) ) ;
#439 = DIRECTION ( 'NONE',  ( 0.000000000000000000, 0.000000000000000000, 1.000000000000000000 ) ) ;
#440 = DIRECTION ( 'NONE',  ( 0.000000000000000000, 0.000000000000000000, -1.000000000000000000 ) ) ;
#441 = CYLINDRICAL_SURFACE ( 'NONE', #235, 1.500000000000001332 ) ;
#442 = CARTESIAN_POINT ( 'NONE',  ( -57.02081528017137657, 5.000000000000000000, -65.93542918672127939 ) ) ;
#443 = CARTESIAN_POINT ( 'NONE',  ( -50.00000000000001421, -23.42384038863437468, -55.98568171841538543 ) ) ;
#444 = CIRCLE ( 'NONE', #3891, 29.90000000000001634 ) ;
#445 = CARTESIAN_POINT ( 'NONE',  ( 16.00000000000000000, -7.025961875374001409, 1.500000000000000000 ) ) ;
#446 = DIRECTION ( 'NONE',  ( 0.000000000000000000, 1.000000000000000000, 0.000000000000000000 ) ) ;
#447 = APPLICATION_CONTEXT ( 'automotive_design' ) ;
#448 = EDGE_CURVE ( 'NONE', #3180, #1219, #3839, .T. ) ;
#449 = ORIENTED_EDGE ( 'NONE', *, *, #3581, .F. ) ;
#450 = B_SPLINE_CURVE_WITH_KNOTS ( 'NONE', 3,
 ( #2707, #526, #4225, #2441, #2364, #1294, #1321, #3179 ),
 .UNSPECIFIED., .F., .F.,
 ( 4, 1, 1, 1, 1, 4 ),
 ( 0.000000000000000000, 0.2590864190816864476, 0.3949345011034242625, 0.5592166308916470818, 0.7114141871853519872, 1.000000000000000000 ),
 .UNSPECIFIED. ) ;
#451 = SHAPE_REPRESENTATION ( '\X2\543876d88fde63a54ef6\X0\', ( #4677 ), #837 ) ;
#452 = EDGE_CURVE ( 'NONE', #2349, #341, #4476, .T. ) ;
#453 = APPLICATION_PROTOCOL_DEFINITION ( 'draft international standard', 'automotive_design', 1998, #4464 ) ;
#454 = CARTESIAN_POINT ( 'NONE',  ( 7.714285714285711748, 0.000000000000000000, -2.118913853455899776 ) ) ;
#455 = ORIENTED_EDGE ( 'NONE', *, *, #1656, .T. ) ;
#456 = AXIS2_PLACEMENT_3D ( 'NONE', #3851, #497, #1260 ) ;
#457 = ADVANCED_FACE ( 'NONE', ( #1608 ), #4282, .T. ) ;
#458 = VERTEX_POINT ( 'NONE', #578 ) ;
#459 = FACE_OUTER_BOUND ( 'NONE', #3108, .T. ) ;
#460 = CARTESIAN_POINT ( 'NONE',  ( -17.45210035005835181, 14.50106184802028331, 4.900000000000001243 ) ) ;
#461 = PRODUCT ( '\X2\673a81c2540e\X0\', '\X2\673a81c2540e\X0\', '', ( #2816 ) ) ;
#462 = CARTESIAN_POINT ( 'NONE',  ( 0.000000000000000000, 5.000000000000000000, -42.00000000000000000 ) ) ;
#463 = CARTESIAN_POINT ( 'NONE',  ( -28.81402596760598911, 7.640285087069871750, -1.091396118176901283E-15 ) ) ;
#464 = AXIS2_PLACEMENT_3D ( 'NONE', #3647, #277, #1780 ) ;
#465 = DIRECTION ( 'NONE',  ( -0.000000000000000000, 0.000000000000000000, -1.000000000000000000 ) ) ;
#466 = PLANE ( 'NONE',  #1034 ) ;
#467 =( BOUNDED_SURFACE ( )  B_SPLINE_SURFACE ( 3, 3, ( 
 ( #3458, #1573, #460, #3020 ),
 ( #2609, #1597, #2675, #22 ),
 ( #3042, #3736, #1531, #4118 ),
 ( #4575, #765, #4095, #741 ),
 ( #4553, #1872, #3366, #2323 ),
 ( #4490, #2653, #789, #2285 ),
 ( #3777, #416, #962, #1980 ),
 ( #487, #3586, #3191, #2454 ),
 ( #3485, #1330, #2825, #4323 ),
 ( #164, #2773, #3535, #217 ),
 ( #3843, #3947, #4682, #4293 ),
 ( #1223, #115, #191, #1728 ) ),
 .UNSPECIFIED., .F., .F., .F. ) 
 B_SPLINE_SURFACE_WITH_KNOTS ( ( 4, 1, 1, 1, 1, 1, 1, 1, 1, 4 ),
 ( 4, 4 ),
 ( 0.000000000000000000, 0.1997370386782031382, 0.3261119748736344137, 0.3939157550268472807, 0.4628473456101401817, 0.5502918942374745992, 0.6635105524481801353, 0.7774312957374458488, 0.8897888678394247908, 1.000000000000000000 ),
 ( 0.000000000000000000, 1.000000000000000000 ),
 .UNSPECIFIED. ) 
 GEOMETRIC_REPRESENTATION_ITEM ( )  RATIONAL_B_SPLINE_SURFACE ( (
 ( 1.000000000000000000, 0.3333333333333334259, 0.3333333333333334259, 1.000000000000000000),
 ( 1.000000000000000000, 0.3333333333333334259, 0.3333333333333334259, 1.000000000000000000),
 ( 1.000000000000000000, 0.3333333333333334259, 0.3333333333333334259, 1.000000000000000000),
 ( 1.000000000000000000, 0.3333333333333334259, 0.3333333333333334259, 1.000000000000000000),
 ( 1.000000000000000000, 0.3333333333333334259, 0.3333333333333334259, 1.000000000000000000),
 ( 1.000000000000000000, 0.3333333333333334259, 0.3333333333333334259, 1.000000000000000000),
 ( 1.000000000000000000, 0.3333333333333334259, 0.3333333333333334259, 1.000000000000000000),
 ( 1.000000000000000000, 0.3333333333333334259, 0.3333333333333334259, 1.000000000000000000),
 ( 1.000000000000000000, 0.3333333333333334259, 0.3333333333333334259, 1.000000000000000000),
 ( 1.000000000000000000, 0.3333333333333334259, 0.3333333333333334259, 1.000000000000000000),
 ( 1.000000000000000000, 0.3333333333333334259, 0.3333333333333334259, 1.000000000000000000),
 ( 1.000000000000000000, 0.3333333333333334259, 0.3333333333333334259, 1.000000000000000000) ) ) 
 REPRESENTATION_ITEM ( '' )  SURFACE ( )  );
#468 = DIRECTION ( 'NONE',  ( 0.000000000000000000, 0.000000000000000000, 1.000000000000000000 ) ) ;
#469 = CARTESIAN_POINT ( 'NONE',  ( -37.41450923981281562, 0.8729443479809960715, -2.144651549219745142E-15 ) ) ;
#470 = CARTESIAN_POINT ( 'NONE',  ( 0.000000000000000000, 0.000000000000000000, -42.00000000000000000 ) ) ;
#471 = CIRCLE ( 'NONE', #1348, 3.524999999999999911 ) ;
#472 = CARTESIAN_POINT ( 'NONE',  ( -13.00000000000000178, -4.525961875374001409, 1.500000000000000000 ) ) ;
#473 = EDGE_CURVE ( 'NONE', #4588, #3246, #4240, .T. ) ;
#474 = DIRECTION ( 'NONE',  ( 0.000000000000000000, 1.000000000000000000, 0.000000000000000000 ) ) ;
#475 = DIRECTION ( 'NONE',  ( -0.000000000000000000, 1.000000000000000000, -0.000000000000000000 ) ) ;
#476 = ORIENTED_EDGE ( 'NONE', *, *, #239, .F. ) ;
#477 = ORIENTED_EDGE ( 'NONE', *, *, #4802, .F. ) ;
#478 = VECTOR ( 'NONE', #4567, 1000.000000000000000 ) ;
#479 = VECTOR ( 'NONE', #2218, 1000.000000000000000 ) ;
#480 = LINE ( 'NONE', #409, #3050 ) ;
#481 = EDGE_CURVE ( 'NONE', #1467, #2992, #641, .T. ) ;
#482 = ORIENTED_EDGE ( 'NONE', *, *, #4671, .F. ) ;
#483 = CARTESIAN_POINT ( 'NONE',  ( -56.66726188957796495, 5.000000000000000000, -81.13822498223190394 ) ) ;
#484 = VERTEX_POINT ( 'NONE', #848 ) ;
#485 = EDGE_CURVE ( 'NONE', #3590, #1590, #2528, .T. ) ;
#486 = DIRECTION ( 'NONE',  ( 0.000000000000000000, 0.000000000000000000, 1.000000000000000000 ) ) ;
#487 = CARTESIAN_POINT ( 'NONE',  ( -26.09965688416941276, 4.391801250357438846, -7.589817772033874462E-16 ) ) ;
#488 = CARTESIAN_POINT ( 'NONE',  ( -37.24514088232526632, 3.888912010840047007, -2.123909907532348277E-15 ) ) ;
#489 = AXIS2_PLACEMENT_3D ( 'NONE', #4192, #3091, #1577 ) ;
#490 = CIRCLE ( 'NONE', #1906, 1.500000000000001332 ) ;
#491 = CARTESIAN_POINT ( 'NONE',  ( -29.37307556689170340, 7.323837609385373426, -1.159859948409887045E-15 ) ) ;
#492 = CONICAL_SURFACE ( 'NONE', #4346, 19.90210035005835110, 1.438346677629791737 ) ;
#493 = DIRECTION ( 'NONE',  ( 0.000000000000000000, 0.000000000000000000, -1.000000000000000000 ) ) ;
#494 = CARTESIAN_POINT ( 'NONE',  ( -33.33273811042200663, 0.000000000000000000, -81.13822498223208868 ) ) ;
#495 = DIRECTION ( 'NONE',  ( -0.000000000000000000, -1.000000000000000000, -0.000000000000000000 ) ) ;
#496 = CARTESIAN_POINT ( 'NONE',  ( 16.00000000000000000, -7.025961875374001409, 1.500000000000000000 ) ) ;
#497 = DIRECTION ( 'NONE',  ( 0.000000000000000000, 1.000000000000000000, 0.000000000000000000 ) ) ;
#498 = LINE ( 'NONE', #1992, #1427 ) ;
#499 = FACE_OUTER_BOUND ( 'NONE', #801, .T. ) ;
#500 = DIRECTION ( 'NONE',  ( -6.982962677686266711E-15, 0.000000000000000000, 1.000000000000000000 ) ) ;
#501 = VERTEX_POINT ( 'NONE', #1687 ) ;
#502 = ORIENTED_EDGE ( 'NONE', *, *, #757, .T. ) ;
#503 = CONTEXT_DEPENDENT_SHAPE_REPRESENTATION ( #2023, #2694 ) ;
#504 = CARTESIAN_POINT ( 'NONE',  ( -30.89870260200557084, 1.740681043584102250, -21.99320450389443948 ) ) ;
#505 = ORIENTED_EDGE ( 'NONE', *, *, #812, .T. ) ;
#506 = CARTESIAN_POINT ( 'NONE',  ( -45.00000000000002132, 5.000000000000000000, -64.47096309265401715 ) ) ;
#507 = EDGE_LOOP ( 'NONE', ( #3627, #2716, #1383, #30 ) ) ;
#508 = ORIENTED_EDGE ( 'NONE', *, *, #225, .T. ) ;
#509 = FACE_OUTER_BOUND ( 'NONE', #736, .T. ) ;
#510 = DIRECTION ( 'NONE',  ( 0.000000000000000000, 1.000000000000000000, 0.000000000000000000 ) ) ;
#511 = EDGE_CURVE ( 'NONE', #655, #2419, #1268, .T. ) ;
#512 = CARTESIAN_POINT ( 'NONE',  ( 27.00000000000000355, 0.000000000000000000, -7.416198487095657654 ) ) ;
#513 = CARTESIAN_POINT ( 'NONE',  ( -8.966083024013361324, 6.620376742835878403, 0.000000000000000000 ) ) ;
#514 = ORIENTED_EDGE ( 'NONE', *, *, #4235, .T. ) ;
#515 = DIRECTION ( 'NONE',  ( 0.000000000000000000, 1.000000000000000000, -0.000000000000000000 ) ) ;
#516 = DIRECTION ( 'NONE',  ( -0.000000000000000000, -1.000000000000000000, -0.000000000000000000 ) ) ;
#517 = CARTESIAN_POINT ( 'NONE',  ( -10.07889787202729437, 7.229776570311006623, 2.405990694419417057E-15 ) ) ;
#518 = FACE_OUTER_BOUND ( 'NONE', #3638, .T. ) ;
#519 = CARTESIAN_POINT ( 'NONE',  ( -56.66726188957796495, 0.000000000000000000, -81.13822498223190394 ) ) ;
#520 = PRODUCT_DEFINITION ( 'æœ', '', #2569, #2600 ) ;
#521 = EDGE_CURVE ( 'NONE', #2237, #3360, #2988, .T. ) ;
#522 = VECTOR ( 'NONE', #1433, 1000.000000000000000 ) ;
#523 = FACE_OUTER_BOUND ( 'NONE', #4066, .T. ) ;
#524 = DIRECTION ( 'NONE',  ( -1.000000000000000000, 0.000000000000000000, -0.000000000000000000 ) ) ;
#525 = DIRECTION ( 'NONE',  ( -0.000000000000000000, -1.000000000000000000, -0.000000000000000000 ) ) ;
#526 = CARTESIAN_POINT ( 'NONE',  ( -36.21572331662623867, 1.538759491240390131, -1.997842614850410338E-15 ) ) ;
#527 = EDGE_LOOP ( 'NONE', ( #1841, #2993, #775, #4730 ) ) ;
#528 = ORIENTED_EDGE ( 'NONE', *, *, #2088, .T. ) ;
#529 = CIRCLE ( 'NONE', #4127, 10.99660225194722152 ) ;
#530 = AXIS2_PLACEMENT_3D ( 'NONE', #120, #4250, #198 ) ;
#531 = VECTOR ( 'NONE', #3928, 1000.000000000000000 ) ;
#532 = FACE_OUTER_BOUND ( 'NONE', #4079, .T. ) ;
#533 = ORIENTED_EDGE ( 'NONE', *, *, #24, .T. ) ;
#534 = CARTESIAN_POINT ( 'NONE',  ( -57.02081528017137657, 0.000000000000000000, -65.93542918672127939 ) ) ;
#535 = ORIENTED_EDGE ( 'NONE', *, *, #1839, .T. ) ;
#536 = ORIENTED_EDGE ( 'NONE', *, *, #4440, .F. ) ;
#537 = CARTESIAN_POINT ( 'NONE',  ( -12.04999999999999893, -13.30000000000000071, 0.000000000000000000 ) ) ;
#538 = DIRECTION ( 'NONE',  ( -0.000000000000000000, 1.000000000000000000, -0.000000000000000000 ) ) ;
#539 = EDGE_CURVE ( 'NONE', #4187, #4116, #3912, .T. ) ;
#540 = CARTESIAN_POINT ( 'NONE',  ( -45.00000000000002132, 0.000000000000000000, -39.80370120307598114 ) ) ;
#541 = CARTESIAN_POINT ( 'NONE',  ( 9.997899649941663469, -0.1774874432095524257, 0.000000000000000000 ) ) ;
#542 = ORIENTED_EDGE ( 'NONE', *, *, #448, .F. ) ;
#543 = CARTESIAN_POINT ( 'NONE',  ( -19.90210035005835110, 0.000000000000000000, 0.000000000000000000 ) ) ;
#544 = AXIS2_PLACEMENT_3D ( 'NONE', #4601, #1250, #486 ) ;
#545 = DIRECTION ( 'NONE',  ( -1.000000000000000000, 0.000000000000000000, 0.000000000000000000 ) ) ;
#546 = CARTESIAN_POINT ( 'NONE',  ( -11.34606636875347085, 8.060162897851448349, 2.095623925720201218E-15 ) ) ;
#547 = DIRECTION ( 'NONE',  ( -0.000000000000000000, -1.000000000000000000, -0.000000000000000000 ) ) ;
#548 = DIRECTION ( 'NONE',  ( 0.000000000000000000, 0.000000000000000000, -1.000000000000000000 ) ) ;
#549 = CARTESIAN_POINT ( 'NONE',  ( -33.33273811042190715, 5.000000000000000000, -57.80370120307600246 ) ) ;
#550 = CARTESIAN_POINT ( 'NONE',  ( -7.000000000000000888, 5.000000000000000000, -13.87298334620741436 ) ) ;
#551 = DIRECTION ( 'NONE',  ( 0.000000000000000000, 0.000000000000000000, 1.000000000000000000 ) ) ;
#552 = DIRECTION ( 'NONE',  ( 0.000000000000000000, 0.000000000000000000, -1.000000000000000000 ) ) ;
#553 = EDGE_CURVE ( 'NONE', #4832, #2183, #3549, .T. ) ;
#554 = EDGE_LOOP ( 'NONE', ( #725, #2800, #1095, #4386 ) ) ;
#555 = ORIENTED_EDGE ( 'NONE', *, *, #4566, .F. ) ;
#556 = EDGE_CURVE ( 'NONE', #849, #3245, #450, .T. ) ;
#557 = CIRCLE ( 'NONE', #4074, 13.00000000000000178 ) ;
#558 = DIRECTION ( 'NONE',  ( -0.000000000000000000, 1.000000000000000000, -0.000000000000000000 ) ) ;
#559 = VERTEX_POINT ( 'NONE', #3498 ) ;
#560 = LINE ( 'NONE', #2057, #353 ) ;
#561 = AXIS2_PLACEMENT_3D ( 'NONE', #2489, #1370, #1411 ) ;
#562 = ORIENTED_EDGE ( 'NONE', *, *, #826, .T. ) ;
#563 = CARTESIAN_POINT ( 'NONE',  ( -38.75258818037605835, 0.1449029338955367674, -37.70097566063542160 ) ) ;
#564 = DIRECTION ( 'NONE',  ( -0.7071067811865456854, 0.000000000000000000, -0.7071067811865493491 ) ) ;
#565 = AXIS2_PLACEMENT_3D ( 'NONE', #2999, #2288, #4493 ) ;
#566 = DIRECTION ( 'NONE',  ( -0.000000000000000000, -1.000000000000000000, -0.000000000000000000 ) ) ;
#567 = VERTEX_POINT ( 'NONE', #3574 ) ;
#568 = CARTESIAN_POINT ( 'NONE',  ( 0.000000000000000000, 0.000000000000000000, -42.00000000000000000 ) ) ;
#569 = LINE ( 'NONE', #196, #2082 ) ;
#570 = CARTESIAN_POINT ( 'NONE',  ( 7.714285714285712636, 5.000000000000000000, -39.88108614654409223 ) ) ;
#571 = AXIS2_PLACEMENT_3D ( 'NONE', #914, #3462, #2310 ) ;
#572 = DIRECTION ( 'NONE',  ( -1.000000000000000000, 0.000000000000000000, 0.000000000000000000 ) ) ;
#573 = EDGE_CURVE ( 'NONE', #2916, #1374, #4616, .T. ) ;
#574 = AXIS2_PLACEMENT_3D ( 'NONE', #568, #2483, #939 ) ;
#575 = DIRECTION ( 'NONE',  ( 0.000000000000000000, 1.000000000000000000, 0.000000000000000000 ) ) ;
#576 = DIRECTION ( 'NONE',  ( 1.000000000000000000, -0.000000000000000000, -0.000000000000000000 ) ) ;
#577 = LINE ( 'NONE', #976, #1381 ) ;
#578 = CARTESIAN_POINT ( 'NONE',  ( -45.00000000000002132, 0.000000000000000000, -43.20370120307598683 ) ) ;
#579 = ORIENTED_EDGE ( 'NONE', *, *, #3016, .F. ) ;
#580 = EDGE_CURVE ( 'NONE', #4407, #2275, #2813, .T. ) ;
#581 = VERTEX_POINT ( 'NONE', #2760 ) ;
#582 = ADVANCED_FACE ( 'NONE', ( #4202 ), #3830, .T. ) ;
#583 = APPLICATION_PROTOCOL_DEFINITION ( 'draft international standard', 'automotive_design', 1998, #2122 ) ;
#584 = FACE_BOUND ( 'NONE', #357, .T. ) ;
#585 = VERTEX_POINT ( 'NONE', #102 ) ;
#586 = FACE_OUTER_BOUND ( 'NONE', #1079, .T. ) ;
#587 = VECTOR ( 'NONE', #3516, 1000.000000000000000 ) ;
#588 = ORIENTED_EDGE ( 'NONE', *, *, #2938, .T. ) ;
#589 = CARTESIAN_POINT ( 'NONE',  ( -52.42462120245868107, 5.000000000000000000, -85.38086566935119492 ) ) ;
#590 = CARTESIAN_POINT ( 'NONE',  ( -13.00000000000000178, -4.525961875374001409, 1.500000000000000000 ) ) ;
#591 = DIRECTION ( 'NONE',  ( 0.000000000000000000, 0.000000000000000000, 1.000000000000000000 ) ) ;
#592 = CIRCLE ( 'NONE', #4743, 20.00000000000000355 ) ;
#593 = VERTEX_POINT ( 'NONE', #1634 ) ;
#594 = ORIENTED_EDGE ( 'NONE', *, *, #1331, .F. ) ;
#595 = FACE_BOUND ( 'NONE', #4246, .T. ) ;
#596 = CARTESIAN_POINT ( 'NONE',  ( -29.81154385655511518, 7.182549245871482135, -1.213556827156278435E-15 ) ) ;
#597 = DIRECTION ( 'NONE',  ( 0.000000000000000000, -0.000000000000000000, 1.000000000000000000 ) ) ;
#598 = CARTESIAN_POINT ( 'NONE',  ( -50.00000000000001421, 0.000000000000000000, -55.98568171841537833 ) ) ;
#599 = PLANE ( 'NONE',  #4402 ) ;
#600 = DIRECTION ( 'NONE',  ( -1.000000000000000000, 0.000000000000000000, 0.000000000000000000 ) ) ;
#601 = LINE ( 'NONE', #2466, #670 ) ;
#602 = DIRECTION ( 'NONE',  ( -0.000000000000000000, -1.000000000000000000, -0.000000000000000000 ) ) ;
#603 = EDGE_LOOP ( 'NONE', ( #2690, #4748, #3433, #3315 ) ) ;
#604 = ORIENTED_EDGE ( 'NONE', *, *, #3011, .T. ) ;
#605 = VECTOR ( 'NONE', #2069, 1000.000000000000000 ) ;
#606 = ADVANCED_FACE ( 'NONE', ( #4256 ), #900, .F. ) ;
#607 = FACE_BOUND ( 'NONE', #4397, .T. ) ;
#608 = ORIENTED_EDGE ( 'NONE', *, *, #2196, .T. ) ;
#609 = DIRECTION ( 'NONE',  ( -0.000000000000000000, 1.000000000000000000, -0.000000000000000000 ) ) ;
#610 = CIRCLE ( 'NONE', #1316, 15.99999999999999645 ) ;
#611 = EDGE_CURVE ( 'NONE', #3707, #3913, #2751, .T. ) ;
#612 = ORIENTED_EDGE ( 'NONE', *, *, #270, .T. ) ;
#613 = CARTESIAN_POINT ( 'NONE',  ( -16.91237785685257222, 9.407438995575475360, 0.000000000000000000 ) ) ;
#614 = CARTESIAN_POINT ( 'NONE',  ( -33.33273811042190715, 0.000000000000000000, -57.80370120307600246 ) ) ;
#615 = EDGE_CURVE ( 'NONE', #261, #4137, #3980, .T. ) ;
#616 = CIRCLE ( 'NONE', #1721, 15.99999999999999645 ) ;
#617 = EDGE_LOOP ( 'NONE', ( #3937, #3387 ) ) ;
#618 = AXIS2_PLACEMENT_3D ( 'NONE', #2817, #130, #4262 ) ;
#619 = ORIENTED_EDGE ( 'NONE', *, *, #2413, .T. ) ;
#620 = DIRECTION ( 'NONE',  ( -0.000000000000000000, 1.000000000000000000, -0.000000000000000000 ) ) ;
#621 = DIRECTION ( 'NONE',  ( -0.7071067811865474617, 0.000000000000000000, 0.7071067811865474617 ) ) ;
#622 = DIRECTION ( 'NONE',  ( 0.000000000000000000, 0.000000000000000000, 1.000000000000000000 ) ) ;
#623 = FACE_BOUND ( 'NONE', #3705, .T. ) ;
#624 = VECTOR ( 'NONE', #4173, 1000.000000000000000 ) ;
#625 = FACE_OUTER_BOUND ( 'NONE', #730, .T. ) ;
#626 = CARTESIAN_POINT ( 'NONE',  ( -14.49999999999999822, -7.025961875374001409, 1.500000000000000000 ) ) ;
#627 = CYLINDRICAL_SURFACE ( 'NONE', #2784, 1.499999999999999556 ) ;
#628 = CARTESIAN_POINT ( 'NONE',  ( -10.55000000000000071, -15.80000000000000071, 1.500000000000000000 ) ) ;
#629 = VERTEX_POINT ( 'NONE', #4427 ) ;
#630 = ORIENTED_EDGE ( 'NONE', *, *, #521, .F. ) ;
#631 = EDGE_CURVE ( 'NONE', #1429, #4722, #3594, .T. ) ;
#632 = SHAPE_REPRESENTATION_RELATIONSHIP ( 'NONE' , 'NONE' ,  #3159, #1166 ) ;
#633 =( NAMED_UNIT ( * ) SI_UNIT ( $, .STERADIAN. ) SOLID_ANGLE_UNIT ( ) );
#634 = EDGE_LOOP ( 'NONE', ( #4856, #1858, #1501, #316 ) ) ;
#635 = CARTESIAN_POINT ( 'NONE',  ( 0.000000000000000000, 5.000000000000000000, 0.000000000000000000 ) ) ;
#636 = AXIS2_PLACEMENT_3D ( 'NONE', #27, #3322, #2952 ) ;
#637 = UNCERTAINTY_MEASURE_WITH_UNIT (LENGTH_MEASURE( 1.000000000000000082E-05 ), #3669, 'distance_accuracy_value', 'NONE');
#638 = CARTESIAN_POINT ( 'NONE',  ( 4.316879966994419987E-16, 5.000000000000000000, -3.524999999999999911 ) ) ;
#639 = VERTEX_POINT ( 'NONE', #4337 ) ;
#640 = AXIS2_PLACEMENT_3D ( 'NONE', #2634, #3369, #2612 ) ;
#641 = CIRCLE ( 'NONE', #4625, 1.500000000000001332 ) ;
#642 = EDGE_LOOP ( 'NONE', ( #2603, #2236, #808, #1519, #1649 ) ) ;
#643 = ADVANCED_FACE ( 'NONE', ( #1373, #3277, #1782 ), #4794, .T. ) ;
#644 = ORIENTED_EDGE ( 'NONE', *, *, #2497, .F. ) ;
#645 = FACE_BOUND ( 'NONE', #3424, .T. ) ;
#646 = AXIS2_PLACEMENT_3D ( 'NONE', #4098, #3802, #440 ) ;
#647 = DIRECTION ( 'NONE',  ( 0.000000000000000000, 0.000000000000000000, -1.000000000000000000 ) ) ;
#648 = CARTESIAN_POINT ( 'NONE',  ( 9.997899649941663469, -0.1774874432095528698, 0.000000000000000000 ) ) ;
#649 = CARTESIAN_POINT ( 'NONE',  ( -19.90210035005835110, 0.000000000000000000, 0.000000000000000000 ) ) ;
#650 = CARTESIAN_POINT ( 'NONE',  ( -13.00000000000000178, -4.525961875374001409, 1.500000000000000000 ) ) ;
#651 = DIRECTION ( 'NONE',  ( -0.000000000000000000, -0.000000000000000000, -1.000000000000000000 ) ) ;
#652 = DIRECTION ( 'NONE',  ( 0.000000000000000000, 0.000000000000000000, 1.000000000000000000 ) ) ;
#653 = DIRECTION ( 'NONE',  ( 0.000000000000000000, 0.000000000000000000, -1.000000000000000000 ) ) ;
#654 = ORIENTED_EDGE ( 'NONE', *, *, #812, .F. ) ;
#655 = VERTEX_POINT ( 'NONE', #4362 ) ;
#656 = AXIS2_PLACEMENT_3D ( 'NONE', #4215, #862, #965 ) ;
#657 = AXIS2_PLACEMENT_3D ( 'NONE', #1123, #1945, #3052 ) ;
#658 = CLOSED_SHELL ( 'NONE', ( #2557, #3013, #4236, #1011, #582, #2613, #4224, #2655, #1246 ) ) ;
#659 = LINE ( 'NONE', #3281, #1042 ) ;
#660 = DIRECTION ( 'NONE',  ( -1.000000000000000000, 0.000000000000000000, 0.000000000000000000 ) ) ;
#661 = ORIENTED_EDGE ( 'NONE', *, *, #3121, .F. ) ;
#662 = CARTESIAN_POINT ( 'NONE',  ( -19.90210035005834754, 24.63667557965986532, -29.90000000000001279 ) ) ;
#663 = AXIS2_PLACEMENT_3D ( 'NONE', #4779, #3655, #2572 ) ;
#664 = DIRECTION ( 'NONE',  ( 0.000000000000000000, 0.000000000000000000, 1.000000000000000000 ) ) ;
#665 = EDGE_LOOP ( 'NONE', ( #3004, #1972, #2638, #3409 ) ) ;
#666 = ORIENTED_EDGE ( 'NONE', *, *, #213, .F. ) ;
#667 = VERTEX_POINT ( 'NONE', #1739 ) ;
#668 = CYLINDRICAL_SURFACE ( 'NONE', #891, 3.524999999999999911 ) ;
#669 = ADVANCED_FACE ( 'NONE', ( #3231 ), #4695, .T. ) ;
#670 = VECTOR ( 'NONE', #4336, 1000.000000000000000 ) ;
#671 = CARTESIAN_POINT ( 'NONE',  ( 10.55000000000000071, -15.80000000000000071, 0.000000000000000000 ) ) ;
#672 = PRESENTATION_STYLE_ASSIGNMENT (( #4026 ) ) ;
#673 = EDGE_CURVE ( 'NONE', #1323, #3258, #1482, .T. ) ;
#674 = CYLINDRICAL_SURFACE ( 'NONE', #561, 19.99999999999999645 ) ;
#675 = DIRECTION ( 'NONE',  ( -0.000000000000000000, -1.000000000000000000, 0.000000000000000000 ) ) ;
#676 = DIRECTION ( 'NONE',  ( -0.000000000000000000, 1.000000000000000000, -0.000000000000000000 ) ) ;
#677 = ORIENTED_EDGE ( 'NONE', *, *, #4552, .F. ) ;
#678 = EDGE_LOOP ( 'NONE', ( #986, #1359, #2174, #2769 ) ) ;
#679 = EDGE_CURVE ( 'NONE', #3474, #4508, #616, .T. ) ;
#680 = LINE ( 'NONE', #472, #777 ) ;
#681 = FACE_OUTER_BOUND ( 'NONE', #4542, .T. ) ;
#682 = UNCERTAINTY_MEASURE_WITH_UNIT (LENGTH_MEASURE( 1.000000000000000082E-05 ), #383, 'distance_accuracy_value', 'NONE');
#683 = CARTESIAN_POINT ( 'NONE',  ( -22.31648174122047479, 13.38752406167055575, -2.956764442607626400E-16 ) ) ;
#684 = EDGE_LOOP ( 'NONE', ( #2893, #805, #1143, #2341 ) ) ;
#685 = VERTEX_POINT ( 'NONE', #4773 ) ;
#686 = ORIENTED_EDGE ( 'NONE', *, *, #4303, .F. ) ;
#687 = AXIS2_PLACEMENT_3D ( 'NONE', #1289, #1338, #548 ) ;
#688 = ORIENTED_EDGE ( 'NONE', *, *, #3460, .F. ) ;
#689 = CARTESIAN_POINT ( 'NONE',  ( 0.000000000000000000, -16.35000000000000497, 10.55000000000000071 ) ) ;
#690 = EDGE_CURVE ( 'NONE', #16, #2202, #3985, .T. ) ;
#691 = CARTESIAN_POINT ( 'NONE',  ( 20.00000000000000000, 0.000000000000000000, 0.000000000000000000 ) ) ;
#692 = CARTESIAN_POINT ( 'NONE',  ( -19.90210035005835110, 14.50106184802028153, 0.000000000000000000 ) ) ;
#693 = AXIS2_PLACEMENT_3D ( 'NONE', #2712, #432, #4571 ) ;
#694 = ADVANCED_FACE ( 'NONE', ( #4009 ), #1072, .T. ) ;
#695 = CARTESIAN_POINT ( 'NONE',  ( -30.28407840404760520, 1.747546292539036150, -1.271425619263600547E-15 ) ) ;
#696 = CYLINDRICAL_SURFACE ( 'NONE', #2826, 10.50000000000000533 ) ;
#697 = CARTESIAN_POINT ( 'NONE',  ( -13.54999999999999893, -15.80000000000000071, 1.500000000000000000 ) ) ;
#698 = DIRECTION ( 'NONE',  ( 0.000000000000000000, 0.000000000000000000, -1.000000000000000000 ) ) ;
#699 = VERTEX_POINT ( 'NONE', #4034 ) ;
#700 = ORIENTED_EDGE ( 'NONE', *, *, #4081, .T. ) ;
#701 = EDGE_CURVE ( 'NONE', #501, #3858, #2564, .T. ) ;
#702 = CARTESIAN_POINT ( 'NONE',  ( -19.90210035005834754, 0.000000000000000000, 19.90210035005835110 ) ) ;
#703 = FILL_AREA_STYLE_COLOUR ( '', #1942 ) ;
#704 = CARTESIAN_POINT ( 'NONE',  ( -50.00000000000001421, 5.000000000000000000, -44.80370120307598114 ) ) ;
#705 = EDGE_CURVE ( 'NONE', #1822, #4502, #1240, .T. ) ;
#706 = ORIENTED_EDGE ( 'NONE', *, *, #3494, .T. ) ;
#707 = VECTOR ( 'NONE', #215, 1000.000000000000000 ) ;
#708 = CIRCLE ( 'NONE', #3447, 1.500000000000001332 ) ;
#709 = DIRECTION ( 'NONE',  ( -0.000000000000000000, 1.000000000000000000, -0.000000000000000000 ) ) ;
#710 = ORIENTED_EDGE ( 'NONE', *, *, #3333, .T. ) ;
#711 = EDGE_LOOP ( 'NONE', ( #2158, #4226, #1221, #39, #2448 ) ) ;
#712 = ORIENTED_EDGE ( 'NONE', *, *, #556, .T. ) ;
#713 =( GEOMETRIC_REPRESENTATION_CONTEXT ( 3 ) GLOBAL_UNCERTAINTY_ASSIGNED_CONTEXT ( ( #2161 ) ) GLOBAL_UNIT_ASSIGNED_CONTEXT ( ( #2096, #2434, #2070 ) ) REPRESENTATION_CONTEXT ( 'NONE', 'WORKASPACE' ) );
#714 = VECTOR ( 'NONE', #1279, 1000.000000000000000 ) ;
#715 = ORIENTED_EDGE ( 'NONE', *, *, #3252, .F. ) ;
#716 = LINE ( 'NONE', #2608, #2455 ) ;
#717 = DIRECTION ( 'NONE',  ( 0.000000000000000000, 1.000000000000000000, 0.000000000000000000 ) ) ;
#718 = CARTESIAN_POINT ( 'NONE',  ( -19.90210035005835110, 24.63667557965986532, 8.450000000000006395 ) ) ;
#719 = AXIS2_PLACEMENT_3D ( 'NONE', #549, #2732, #3148 ) ;
#720 = DIRECTION ( 'NONE',  ( -0.000000000000000000, 1.000000000000000000, -0.000000000000000000 ) ) ;
#721 = EDGE_CURVE ( 'NONE', #2575, #152, #3117, .T. ) ;
#722 = LINE ( 'NONE', #4513, #2592 ) ;
#723 = DIRECTION ( 'NONE',  ( 0.000000000000000000, 0.000000000000000000, -1.000000000000000000 ) ) ;
#724 = LINE ( 'NONE', #817, #1842 ) ;
#725 = ORIENTED_EDGE ( 'NONE', *, *, #251, .T. ) ;
#726 = ORIENTED_EDGE ( 'NONE', *, *, #1631, .T. ) ;
#727 = FILL_AREA_STYLE ('',( #703 ) ) ;
#728 = ADVANCED_FACE ( 'NONE', ( #255 ), #1762, .F. ) ;
#729 = CARTESIAN_POINT ( 'NONE',  ( -13.54999999999999893, -13.30000000000000071, 1.500000000000000000 ) ) ;
#730 = EDGE_LOOP ( 'NONE', ( #3867, #2257, #3719, #3374 ) ) ;
#731 = CIRCLE ( 'NONE', #4091, 19.90210035005835110 ) ;
#732 = AXIS2_PLACEMENT_3D ( 'NONE', #3422, #1147, #2274 ) ;
#733 = CARTESIAN_POINT ( 'NONE',  ( -22.45078147173898131, 11.57534542638514274, -3.121234177713465143E-16 ) ) ;
#734 = ORIENTED_EDGE ( 'NONE', *, *, #35, .F. ) ;
#735 = ORIENTED_EDGE ( 'NONE', *, *, #4394, .T. ) ;
#736 = EDGE_LOOP ( 'NONE', ( #4736, #1059 ) ) ;
#737 = AXIS2_PLACEMENT_3D ( 'NONE', #635, #1837, #2133 ) ;
#738 = ORIENTED_EDGE ( 'NONE', *, *, #3423, .F. ) ;
#739 = CARTESIAN_POINT ( 'NONE',  ( -57.02081528017139789, 0.000000000000000000, -73.00649699858674069 ) ) ;
#740 = ADVANCED_FACE ( 'NONE', ( #2544 ), #4406, .F. ) ;
#741 = CARTESIAN_POINT ( 'NONE',  ( -16.91237785685257222, 9.407438995575475360, 7.322708163286609850E-16 ) ) ;
#742 = CARTESIAN_POINT ( 'NONE',  ( -45.00000000000009237, 0.000000000000000000, -85.02731227875810305 ) ) ;
#743 = DIRECTION ( 'NONE',  ( 0.000000000000000000, 0.000000000000000000, -1.000000000000000000 ) ) ;
#744 = CARTESIAN_POINT ( 'NONE',  ( -10.50000000000000533, -8.849999999999992539, -7.332110811570583833E-14 ) ) ;
#745 = SURFACE_STYLE_FILL_AREA ( #1781 ) ;
#746 = CARTESIAN_POINT ( 'NONE',  ( -45.00000000000002132, -23.42384038863437468, -39.80370120307598114 ) ) ;
#747 = ORIENTED_EDGE ( 'NONE', *, *, #37, .T. ) ;
#748 = EDGE_LOOP ( 'NONE', ( #3969, #804, #339, #4647, #2079 ) ) ;
#749 = AXIS2_PLACEMENT_3D ( 'NONE', #4345, #2474, #1973 ) ;
#750 = DIRECTION ( 'NONE',  ( 0.000000000000000000, 0.000000000000000000, -1.000000000000000000 ) ) ;
#751 = CYLINDRICAL_SURFACE ( 'NONE', #3457, 1.549999999999995826 ) ;
#752 = DIRECTION ( 'NONE',  ( 0.000000000000000000, 0.000000000000000000, 1.000000000000000000 ) ) ;
#753 = ORIENTED_EDGE ( 'NONE', *, *, #305, .F. ) ;
#754 = ADVANCED_FACE ( 'NONE', ( #1049 ), #3202, .F. ) ;
#755 = CARTESIAN_POINT ( 'NONE',  ( -10.75298648286213066, 2.033202709351189519, 0.000000000000000000 ) ) ;
#756 = ORIENTED_EDGE ( 'NONE', *, *, #448, .T. ) ;
#757 = EDGE_CURVE ( 'NONE', #2132, #1547, #346, .T. ) ;
#758 = ORIENTED_EDGE ( 'NONE', *, *, #1234, .T. ) ;
#759 = EDGE_LOOP ( 'NONE', ( #3411, #2531, #328, #2212 ) ) ;
#760 = EDGE_LOOP ( 'NONE', ( #1891, #2030, #2533, #363, #2473 ) ) ;
#761 = VECTOR ( 'NONE', #3825, 1000.000000000000000 ) ;
#762 = LINE ( 'NONE', #4422, #1524 ) ;
#763 = ADVANCED_FACE ( 'NONE', ( #3783 ), #773, .T. ) ;
#764 = EDGE_CURVE ( 'NONE', #3209, #3631, #4102, .T. ) ;
#765 = CARTESIAN_POINT ( 'NONE',  ( -22.89182284326413352, 9.407438995575475360, 5.979444986411562191 ) ) ;
#766 = DIRECTION ( 'NONE',  ( -0.000000000000000000, 0.000000000000000000, -1.000000000000000000 ) ) ;
#767 = ADVANCED_FACE ( 'NONE', ( #1558 ), #48, .T. ) ;
#768 = AXIS2_PLACEMENT_3D ( 'NONE', #1706, #2832, #597 ) ;
#769 = CONICAL_SURFACE ( 'NONE', #2179, 19.90210035005835110, 1.438346677629791737 ) ;
#770 = DIRECTION ( 'NONE',  ( 0.000000000000000000, 0.000000000000000000, 1.000000000000000000 ) ) ;
#771 = CARTESIAN_POINT ( 'NONE',  ( -6.560365685056503082, 5.452319956944943868, 3.267782530513560242E-15 ) ) ;
#772 =( LENGTH_UNIT ( ) NAMED_UNIT ( * ) SI_UNIT ( .MILLI., .METRE. ) );
#773 = CYLINDRICAL_SURFACE ( 'NONE', #4353, 2.500000000000002220 ) ;
#774 = EDGE_LOOP ( 'NONE', ( #62, #1789 ) ) ;
#775 = ORIENTED_EDGE ( 'NONE', *, *, #2265, .T. ) ;
#776 =( REPRESENTATION_RELATIONSHIP ('NONE','NONE', #1810, #3159 ) REPRESENTATION_RELATIONSHIP_WITH_TRANSFORMATION ( #4285 )SHAPE_REPRESENTATION_RELATIONSHIP( ) );
#777 = VECTOR ( 'NONE', #2663, 1000.000000000000000 ) ;
#778 = SURFACE_SIDE_STYLE ('',( #2227 ) ) ;
#779 = LINE ( 'NONE', #4501, #4027 ) ;
#780 = EDGE_LOOP ( 'NONE', ( #1194, #209, #3204, #1541, #4069 ) ) ;
#781 = CARTESIAN_POINT ( 'NONE',  ( 23.56546973743202500, 0.3727565640246608969, 39.56911249111605144 ) ) ;
#782 = VECTOR ( 'NONE', #4268, 1000.000000000000000 ) ;
#783 = CARTESIAN_POINT ( 'NONE',  ( -8.905498098111131355, 1.740681043584102250, -21.99320450389443948 ) ) ;
#784 = VERTEX_POINT ( 'NONE', #2246 ) ;
#785 = EDGE_CURVE ( 'NONE', #1380, #1677, #4537, .T. ) ;
#786 = ORIENTED_EDGE ( 'NONE', *, *, #791, .F. ) ;
#787 = ORIENTED_EDGE ( 'NONE', *, *, #2801, .F. ) ;
#788 = FACE_OUTER_BOUND ( 'NONE', #930, .T. ) ;
#789 = CARTESIAN_POINT ( 'NONE',  ( -15.65836554453899332, 6.996578877477782399, 8.487469611038722661 ) ) ;
#790 = DIRECTION ( 'NONE',  ( 0.000000000000000000, 0.000000000000000000, 1.000000000000000000 ) ) ;
#791 = EDGE_CURVE ( 'NONE', #302, #2275, #4817, .T. ) ;
#792 = CARTESIAN_POINT ( 'NONE',  ( 11.66726188957801291, -3.799999999999999822, 11.66726188957805910 ) ) ;
#793 = CARTESIAN_POINT ( 'NONE',  ( -19.90210035005835110, 24.63667557965986532, 0.000000000000000000 ) ) ;
#794 = DIRECTION ( 'NONE',  ( 0.000000000000000000, 0.000000000000000000, -1.000000000000000000 ) ) ;
#795 = CARTESIAN_POINT ( 'NONE',  ( -40.00000000000002132, 5.000000000000000000, -44.80370120307598114 ) ) ;
#796 = FACE_OUTER_BOUND ( 'NONE', #4283, .T. ) ;
#797 = AXIS2_PLACEMENT_3D ( 'NONE', #4253, #2810, #3958 ) ;
#798 = CARTESIAN_POINT ( 'NONE',  ( -33.33273811042200663, 0.000000000000000000, -81.13822498223208868 ) ) ;
#799 = CARTESIAN_POINT ( 'NONE',  ( -14.49999999999999822, -7.025961875374001409, 0.000000000000000000 ) ) ;
#800 = CIRCLE ( 'NONE', #11, 6.000000000000032863 ) ;
#801 = EDGE_LOOP ( 'NONE', ( #2942, #2778, #528, #4696 ) ) ;
#802 = DIRECTION ( 'NONE',  ( 0.000000000000000000, 0.000000000000000000, 1.000000000000000000 ) ) ;
#803 = DIRECTION ( 'NONE',  ( 1.000000000000000000, -0.000000000000000000, 0.000000000000000000 ) ) ;
#804 = ORIENTED_EDGE ( 'NONE', *, *, #679, .F. ) ;
#805 = ORIENTED_EDGE ( 'NONE', *, *, #889, .T. ) ;
#806 = VECTOR ( 'NONE', #2798, 999.9999999999998863 ) ;
#807 = AXIS2_PLACEMENT_3D ( 'NONE', #729, #1187, #2664 ) ;
#808 = ORIENTED_EDGE ( 'NONE', *, *, #1983, .T. ) ;
#809 = CARTESIAN_POINT ( 'NONE',  ( -36.21572331662623867, 1.538759491240390131, -1.997842614850410338E-15 ) ) ;
#810 = CYLINDRICAL_SURFACE ( 'NONE', #3074, 2.450000000000000622 ) ;
#811 = FACE_OUTER_BOUND ( 'NONE', #2525, .T. ) ;
#812 = EDGE_CURVE ( 'NONE', #2026, #1819, #350, .T. ) ;
#813 = CARTESIAN_POINT ( 'NONE',  ( -19.90210035005835110, -1.332016574660525920, 29.90000000000000924 ) ) ;
#814 = CIRCLE ( 'NONE', #737, 8.000000000000000000 ) ;
#815 = CARTESIAN_POINT ( 'NONE',  ( -2.559059817791441205, 3.888912010840047007, 4.247819815064696554E-15 ) ) ;
#816 = CARTESIAN_POINT ( 'NONE',  ( -60.90990257669735541, 5.000000000000000000, -62.04634189019528634 ) ) ;
#817 = CARTESIAN_POINT ( 'NONE',  ( -41.46446609406726225, 0.000000000000000000, -57.45014781248266900 ) ) ;
#818 = DIRECTION ( 'NONE',  ( 0.000000000000000000, 0.000000000000000000, 1.000000000000000000 ) ) ;
#819 = AXIS2_PLACEMENT_3D ( 'NONE', #2954, #1880, #2976 ) ;
#820 = ADVANCED_FACE ( 'NONE', ( #4842 ), #3419, .F. ) ;
#821 = PRODUCT ( 'Sucker', 'Sucker', '', ( #4672 ) ) ;
#822 = FACE_OUTER_BOUND ( 'NONE', #3626, .T. ) ;
#823 = FACE_BOUND ( 'NONE', #3451, .T. ) ;
#824 = AXIS2_PLACEMENT_3D ( 'NONE', #1579, #96, #4194 ) ;
#825 = VERTEX_POINT ( 'NONE', #4515 ) ;
#826 = EDGE_CURVE ( 'NONE', #4407, #2840, #724, .T. ) ;
#827 = UNCERTAINTY_MEASURE_WITH_UNIT (LENGTH_MEASURE( 1.000000000000000082E-05 ), #2226, 'distance_accuracy_value', 'NONE');
#828 = FACE_OUTER_BOUND ( 'NONE', #2512, .T. ) ;
#829 = VERTEX_POINT ( 'NONE', #2314 ) ;
#830 = EDGE_LOOP ( 'NONE', ( #388, #2300, #3134, #4854 ) ) ;
#831 = ADVANCED_FACE ( 'NONE', ( #325 ), #1831, .F. ) ;
#832 = EDGE_LOOP ( 'NONE', ( #280, #3155, #2111, #3003, #156, #1814 ) ) ;
#833 = FACE_OUTER_BOUND ( 'NONE', #3357, .T. ) ;
#834 = DIRECTION ( 'NONE',  ( 1.000000000000000000, 0.000000000000000000, 0.000000000000000000 ) ) ;
#835 = PLANE ( 'NONE',  #3407 ) ;
#836 = EDGE_CURVE ( 'NONE', #4843, #2955, #2934, .T. ) ;
#837 =( GEOMETRIC_REPRESENTATION_CONTEXT ( 3 ) GLOBAL_UNCERTAINTY_ASSIGNED_CONTEXT ( ( #1522 ) ) GLOBAL_UNIT_ASSIGNED_CONTEXT ( ( #60, #2343, #1970 ) ) REPRESENTATION_CONTEXT ( 'NONE', 'WORKASPACE' ) );
#838 = DIRECTION ( 'NONE',  ( -0.7071067811865456854, 0.000000000000000000, -0.7071067811865493491 ) ) ;
#839 = FACE_BOUND ( 'NONE', #2184, .T. ) ;
#840 = DIRECTION ( 'NONE',  ( 0.000000000000000000, 0.000000000000000000, 1.000000000000000000 ) ) ;
#841 = DIRECTION ( 'NONE',  ( 0.000000000000000000, 0.000000000000000000, -1.000000000000000000 ) ) ;
#842 = CARTESIAN_POINT ( 'NONE',  ( -38.75258818037607256, 0.1449029338955367674, 37.70097566063542160 ) ) ;
#843 = VECTOR ( 'NONE', #3268, 1000.000000000000000 ) ;
#844 = CARTESIAN_POINT ( 'NONE',  ( 0.000000000000000000, 5.000000000000000000, -42.00000000000000000 ) ) ;
#845 = ADVANCED_FACE ( 'NONE', ( #4448 ), #4123, .T. ) ;
#846 = LINE ( 'NONE', #9, #1185 ) ;
#847 = DIRECTION ( 'NONE',  ( -0.000000000000000000, 1.000000000000000000, -0.000000000000000000 ) ) ;
#848 = CARTESIAN_POINT ( 'NONE',  ( -19.90210035005835110, 8.312075473978843831, -8.450000000000008171 ) ) ;
#849 = VERTEX_POINT ( 'NONE', #2269 ) ;
#850 = VERTEX_POINT ( 'NONE', #2221 ) ;
#851 = CIRCLE ( 'NONE', #3506, 2.500000000000000444 ) ;
#852 = EDGE_CURVE ( 'NONE', #4785, #2078, #1856, .T. ) ;
#853 = DIRECTION ( 'NONE',  ( -1.000000000000000000, 0.000000000000000000, 0.000000000000000000 ) ) ;
#854 = ORIENTED_EDGE ( 'NONE', *, *, #3252, .T. ) ;
#855 = AXIS2_PLACEMENT_3D ( 'NONE', #2386, #1943, #2703 ) ;
#856 = VERTEX_POINT ( 'NONE', #4473 ) ;
#857 = ORIENTED_EDGE ( 'NONE', *, *, #3312, .F. ) ;
#858 = CARTESIAN_POINT ( 'NONE',  ( -33.33273811042200663, 5.000000000000000000, -87.13822498223211710 ) ) ;
#859 = DIRECTION ( 'NONE',  ( -0.000000000000000000, 0.000000000000000000, -1.000000000000000000 ) ) ;
#860 = PRODUCT_DEFINITION_SHAPE ( 'NONE', 'NONE',  #2205 ) ;
#861 = CARTESIAN_POINT ( 'NONE',  ( -8.966083024013359548, 6.620376742835877515, -21.87203465208997955 ) ) ;
#862 = DIRECTION ( 'NONE',  ( 0.000000000000000000, -1.000000000000000000, 0.000000000000000000 ) ) ;
#863 = AXIS2_PLACEMENT_3D ( 'NONE', #3275, #3716, #4815 ) ;
#864 = CYLINDRICAL_SURFACE ( 'NONE', #1509, 1.500000000000001332 ) ;
#865 = DIRECTION ( 'NONE',  ( -1.000000000000000000, 0.000000000000000000, 0.000000000000000000 ) ) ;
#866 = FACE_OUTER_BOUND ( 'NONE', #4238, .T. ) ;
#867 = CARTESIAN_POINT ( 'NONE',  ( -2.389691460303899895, 0.8729443479809960715, 35.02481777950892194 ) ) ;
#868 = CARTESIAN_POINT ( 'NONE',  ( -40.00000000000002132, 0.000000000000000000, -44.80370120307598114 ) ) ;
#869 = DIRECTION ( 'NONE',  ( 0.000000000000000000, 1.000000000000000000, 0.000000000000000000 ) ) ;
#870 = DIRECTION ( 'NONE',  ( 1.000000000000000000, -0.000000000000000000, -0.000000000000000000 ) ) ;
#871 = DIRECTION ( 'NONE',  ( 1.000000000000000000, 0.000000000000000000, 0.000000000000000000 ) ) ;
#872 = ORIENTED_EDGE ( 'NONE', *, *, #2673, .T. ) ;
#873 = ORIENTED_EDGE ( 'NONE', *, *, #401, .T. ) ;
#874 = CIRCLE ( 'NONE', #3539, 5.000000000000004441 ) ;
#875 = AXIS2_PLACEMENT_3D ( 'NONE', #2788, #2339, #1660 ) ;
#876 = ADVANCED_FACE ( 'NONE', ( #3764 ), #1668, .F. ) ;
#877 = AXIS2_PLACEMENT_3D ( 'NONE', #405, #100, #4540 ) ;
#878 = LINE ( 'NONE', #3861, #1565 ) ;
#879 = VERTEX_POINT ( 'NONE', #3095 ) ;
#880 = DIRECTION ( 'NONE',  ( 0.000000000000000000, 0.000000000000000000, -1.000000000000000000 ) ) ;
#881 = ORIENTED_EDGE ( 'NONE', *, *, #2206, .T. ) ;
#882 = CARTESIAN_POINT ( 'NONE',  ( -3.902100350058355982, 1.740681043584102250, -31.99999999999998579 ) ) ;
#883 = DIRECTION ( 'NONE',  ( 0.000000000000000000, 0.000000000000000000, 1.000000000000000000 ) ) ;
#884 = CARTESIAN_POINT ( 'NONE',  ( -52.42462120245872370, 5.000000000000000000, -53.56106051595667594 ) ) ;
#885 = CARTESIAN_POINT ( 'NONE',  ( -16.00000000000000000, -7.025961875374001409, 1.500000000000000000 ) ) ;
#886 = CIRCLE ( 'NONE', #2060, 8.450000000000008171 ) ;
#887 = AXIS2_PLACEMENT_3D ( 'NONE', #176, #124, #1633 ) ;
#888 = ORIENTED_EDGE ( 'NONE', *, *, #3225, .T. ) ;
#889 = EDGE_CURVE ( 'NONE', #4502, #3832, #2409, .T. ) ;
#890 = CARTESIAN_POINT ( 'NONE',  ( -7.500000000000000000, 0.000000000000000000, -5.237222008264700033E-14 ) ) ;
#891 = AXIS2_PLACEMENT_3D ( 'NONE', #3660, #317, #295 ) ;
#892 = LINE ( 'NONE', #2780, #4272 ) ;
#893 = CARTESIAN_POINT ( 'NONE',  ( -29.37307556689170696, 7.323837609385374314, 18.94195043366669395 ) ) ;
#894 = CARTESIAN_POINT ( 'NONE',  ( -3.077405220891713089, 1.290109711048460062, 4.120861807312797530E-15 ) ) ;
#895 = DIRECTION ( 'NONE',  ( 0.000000000000000000, 0.000000000000000000, 1.000000000000000000 ) ) ;
#896 = VECTOR ( 'NONE', #368, 1000.000000000000000 ) ;
#897 = DIRECTION ( 'NONE',  ( -0.000000000000000000, 0.000000000000000000, -1.000000000000000000 ) ) ;
#898 = DIRECTION ( 'NONE',  ( -0.000000000000000000, 1.000000000000000000, -0.000000000000000000 ) ) ;
#899 = DIRECTION ( 'NONE',  ( 0.000000000000000000, 0.000000000000000000, -1.000000000000000000 ) ) ;
#900 = CYLINDRICAL_SURFACE ( 'NONE', #3227, 8.500000000000003553 ) ;
#901 = ORIENTED_EDGE ( 'NONE', *, *, #1119, .F. ) ;
#902 = EDGE_LOOP ( 'NONE', ( #3217, #1549, #1747, #104 ) ) ;
#903 = ADVANCED_FACE ( 'NONE', ( #518 ), #2702, .F. ) ;
#904 = FACE_BOUND ( 'NONE', #1036, .T. ) ;
#905 = EDGE_LOOP ( 'NONE', ( #857, #982 ) ) ;
#906 = CARTESIAN_POINT ( 'NONE',  ( -15.11984585097072120, 5.000000000000000000, -48.07609031786337539 ) ) ;
#907 = ORIENTED_EDGE ( 'NONE', *, *, #3089, .T. ) ;
#908 = LINE ( 'NONE', #2398, #3210 ) ;
#909 = LINE ( 'NONE', #3138, #714 ) ;
#910 = DIRECTION ( 'NONE',  ( -0.000000000000000000, -1.000000000000000000, -0.000000000000000000 ) ) ;
#911 = CARTESIAN_POINT ( 'NONE',  ( -49.80210035005836744, -0.1774874432095524257, -59.80000000000003979 ) ) ;
#912 = VERTEX_POINT ( 'NONE', #1288 ) ;
#913 = EDGE_CURVE ( 'NONE', #1284, #1405, #1989, .T. ) ;
#914 = CARTESIAN_POINT ( 'NONE',  ( -33.33273811042200663, 5.000000000000000000, -81.13822498223208868 ) ) ;
#915 = EDGE_CURVE ( 'NONE', #1374, #2591, #851, .T. ) ;
#916 = DIRECTION ( 'NONE',  ( -0.000000000000000000, -1.000000000000000000, 0.000000000000000000 ) ) ;
#917 = CYLINDRICAL_SURFACE ( 'NONE', #2487, 1.549999999999995826 ) ;
#918 = DIRECTION ( 'NONE',  ( 0.000000000000000000, 0.000000000000000000, -1.000000000000000000 ) ) ;
#919 = FACE_OUTER_BOUND ( 'NONE', #1771, .T. ) ;
#920 = VECTOR ( 'NONE', #246, 1000.000000000000000 ) ;
#921 = DIRECTION ( 'NONE',  ( 0.000000000000000000, 0.000000000000000000, -1.000000000000000000 ) ) ;
#922 = LINE ( 'NONE', #2048, #1443 ) ;
#923 = CARTESIAN_POINT ( 'NONE',  ( 12.04999999999999893, -13.30000000000000071, 0.000000000000000000 ) ) ;
#924 = DIRECTION ( 'NONE',  ( -0.000000000000000000, 0.000000000000000000, -1.000000000000000000 ) ) ;
#925 = ORIENTED_EDGE ( 'NONE', *, *, #1505, .F. ) ;
#926 = VERTEX_POINT ( 'NONE', #4301 ) ;
#927 = COLOUR_RGB ( '',0.7921568627450980005, 0.8196078431372548767, 0.9333333333333333481 ) ;
#928 = AXIS2_PLACEMENT_3D ( 'NONE', #1707, #3198, #1734 ) ;
#929 = CARTESIAN_POINT ( 'NONE',  ( -7.000000000000000888, 5.000000000000000000, -13.87298334620741436 ) ) ;
#930 = EDGE_LOOP ( 'NONE', ( #872, #712, #3576, #2555, #205, #131 ) ) ;
#931 = DIRECTION ( 'NONE',  ( 0.000000000000000000, 0.000000000000000000, -1.000000000000000000 ) ) ;
#932 = VECTOR ( 'NONE', #2845, 1000.000000000000000 ) ;
#933 = ORIENTED_EDGE ( 'NONE', *, *, #2509, .F. ) ;
#934 = DIRECTION ( 'NONE',  ( -0.000000000000000000, -1.000000000000000000, -0.000000000000000000 ) ) ;
#935 = EDGE_CURVE ( 'NONE', #1568, #4749, #2782, .T. ) ;
#936 = LINE ( 'NONE', #3112, #315 ) ;
#937 = DIRECTION ( 'NONE',  ( -0.000000000000000000, -1.000000000000000000, -0.000000000000000000 ) ) ;
#938 = ORIENTED_EDGE ( 'NONE', *, *, #2895, .F. ) ;
#939 = DIRECTION ( 'NONE',  ( 0.000000000000000000, 0.000000000000000000, 1.000000000000000000 ) ) ;
#940 = EDGE_CURVE ( 'NONE', #2237, #112, #4581, .T. ) ;
#941 = AXIS2_PLACEMENT_3D ( 'NONE', #1242, #106, #38 ) ;
#942 = DIRECTION ( 'NONE',  ( -0.000000000000000000, 1.000000000000000000, -0.000000000000000000 ) ) ;
#943 = DIRECTION ( 'NONE',  ( -0.000000000000000000, -1.000000000000000000, -0.000000000000000000 ) ) ;
#944 = CARTESIAN_POINT ( 'NONE',  ( -10.55000000000000071, -15.80000000000000071, 0.000000000000000000 ) ) ;
#945 = EDGE_CURVE ( 'NONE', #220, #850, #2042, .T. ) ;
#946 = CARTESIAN_POINT ( 'NONE',  ( -19.90210035005835110, 7.182549245871483024, 0.000000000000000000 ) ) ;
#947 = CARTESIAN_POINT ( 'NONE',  ( -19.90210035005835110, -0.1774874432095528698, 29.90000000000001634 ) ) ;
#948 = DIRECTION ( 'NONE',  ( -0.000000000000000000, 1.000000000000000000, -0.000000000000000000 ) ) ;
#949 = CARTESIAN_POINT ( 'NONE',  ( -45.00000000000002132, 5.000000000000000000, -69.47096309265401715 ) ) ;
#950 = ORIENTED_EDGE ( 'NONE', *, *, #1695, .T. ) ;
#951 = ORIENTED_EDGE ( 'NONE', *, *, #1695, .F. ) ;
#952 = CIRCLE ( 'NONE', #3690, 1.549999999999995826 ) ;
#953 = CIRCLE ( 'NONE', #3691, 10.99660225194722152 ) ;
#954 = CONTEXT_DEPENDENT_SHAPE_REPRESENTATION ( #776, #68 ) ;
#955 = FILL_AREA_STYLE_COLOUR ( '', #3517 ) ;
#956 = ORIENTED_EDGE ( 'NONE', *, *, #836, .T. ) ;
#957 = CARTESIAN_POINT ( 'NONE',  ( -11.34606636875347085, 8.060162897851448349, 0.000000000000000000 ) ) ;
#958 = AXIS2_PLACEMENT_3D ( 'NONE', #3123, #2463, #2098 ) ;
#959 = VERTEX_POINT ( 'NONE', #1259 ) ;
#960 = CARTESIAN_POINT ( 'NONE',  ( -33.33273811042200663, 5.000000000000000000, -81.13822498223208868 ) ) ;
#961 = CYLINDRICAL_SURFACE ( 'NONE', #78, 10.99660225194722152 ) ;
#962 = CARTESIAN_POINT ( 'NONE',  ( -14.78019021559370216, 5.777545601188450952, 10.24382026892930497 ) ) ;
#963 = VERTEX_POINT ( 'NONE', #2754 ) ;
#964 = EDGE_LOOP ( 'NONE', ( #2983, #2374 ) ) ;
#965 = DIRECTION ( 'NONE',  ( 0.000000000000000000, -0.000000000000000000, -1.000000000000000000 ) ) ;
#966 = CARTESIAN_POINT ( 'NONE',  ( -28.45813433136323667, 8.060162897851448349, 17.11206796260976049 ) ) ;
#967 = DIRECTION ( 'NONE',  ( -0.000000000000000000, 1.000000000000000000, 0.000000000000000000 ) ) ;
#968 = VECTOR ( 'NONE', #4245, 1000.000000000000000 ) ;
#969 = CIRCLE ( 'NONE', #2850, 1.499999999999999556 ) ;
#970 = CARTESIAN_POINT ( 'NONE',  ( -9.992656843561590563, 7.182549245871482135, 0.000000000000000000 ) ) ;
#971 = ADVANCED_FACE ( 'NONE', ( #3492 ), #1231, .T. ) ;
#972 = CIRCLE ( 'NONE', #3244, 2.500000000000000444 ) ;
#973 = CARTESIAN_POINT ( 'NONE',  ( -19.90210035005835110, 1.740681043584102472, 0.000000000000000000 ) ) ;
#974 = ADVANCED_FACE ( 'NONE', ( #1205, #2727, #2014 ), #3850, .T. ) ;
#975 = DIRECTION ( 'NONE',  ( 0.000000000000000000, 0.000000000000000000, -1.000000000000000000 ) ) ;
#976 = CARTESIAN_POINT ( 'NONE',  ( -13.00000000000000178, -9.525961875374001409, 1.500000000000000000 ) ) ;
#977 = CARTESIAN_POINT ( 'NONE',  ( -29.44365081389597449, 5.000000000000000000, -69.47096309265403136 ) ) ;
#978 = ORIENTED_EDGE ( 'NONE', *, *, #2872, .F. ) ;
#979 = ORIENTED_EDGE ( 'NONE', *, *, #580, .T. ) ;
#980 = B_SPLINE_CURVE_WITH_KNOTS ( 'NONE', 3,
 ( #1379, #2878, #3263, #613, #4680, #4349, #2851, #1328, #3241, #2033, #2822, #4319 ),
 .UNSPECIFIED., .F., .F.,
 ( 4, 1, 1, 1, 1, 1, 1, 1, 1, 4 ),
 ( 0.000000000000000000, 0.1997370386782031382, 0.3261119748736344137, 0.3939157550268472807, 0.4628473456101401817, 0.5502918942374745992, 0.6635105524481801353, 0.7774312957374458488, 0.8897888678394247908, 1.000000000000000000 ),
 .UNSPECIFIED. ) ;
#981 = CARTESIAN_POINT ( 'NONE',  ( 12.04999999999999893, -13.30000000000000071, 1.500000000000000000 ) ) ;
#982 = ORIENTED_EDGE ( 'NONE', *, *, #1340, .F. ) ;
#983 = CARTESIAN_POINT ( 'NONE',  ( 13.00000000000000178, -9.525961875374001409, 1.500000000000000000 ) ) ;
#984 = EDGE_CURVE ( 'NONE', #1808, #629, #4762, .T. ) ;
#985 = AXIS2_PLACEMENT_3D ( 'NONE', #3047, #2291, #3400 ) ;
#986 = ORIENTED_EDGE ( 'NONE', *, *, #889, .F. ) ;
#987 = DIRECTION ( 'NONE',  ( 0.000000000000000000, 0.000000000000000000, 1.000000000000000000 ) ) ;
#988 = DIRECTION ( 'NONE',  ( -0.000000000000000000, 1.000000000000000000, -0.000000000000000000 ) ) ;
#989 = DIRECTION ( 'NONE',  ( 0.000000000000000000, -1.000000000000000000, 0.000000000000000000 ) ) ;
#990 = CIRCLE ( 'NONE', #2471, 10.50000000000000533 ) ;
#991 = VERTEX_POINT ( 'NONE', #2923 ) ;
#992 = VERTEX_POINT ( 'NONE', #2119 ) ;
#993 = DIRECTION ( 'NONE',  ( 0.000000000000000000, 0.000000000000000000, 1.000000000000000000 ) ) ;
#994 = FACE_OUTER_BOUND ( 'NONE', #780, .T. ) ;
#995 = CARTESIAN_POINT ( 'NONE',  ( 14.49999999999999822, -7.025961875374001409, 1.500000000000000000 ) ) ;
#996 = FACE_OUTER_BOUND ( 'NONE', #15, .T. ) ;
#997 = ADVANCED_FACE ( 'NONE', ( #3249 ), #4330, .T. ) ;
#998 = DIRECTION ( 'NONE',  ( 0.7071067811865469066, 0.000000000000000000, -0.7071067811865482389 ) ) ;
#999 = CARTESIAN_POINT ( 'NONE',  ( 13.54999999999999893, -13.30000000000000071, 1.500000000000000000 ) ) ;
#1000 = CARTESIAN_POINT ( 'NONE',  ( -10.25000000000000533, -13.84999999999999964, -7.157536744628427796E-14 ) ) ;
#1001 = DIRECTION ( 'NONE',  ( 0.000000000000000000, 0.000000000000000000, -1.000000000000000000 ) ) ;
#1002 = VERTEX_POINT ( 'NONE', #297 ) ;
#1003 = VERTEX_POINT ( 'NONE', #3663 ) ;
#1004 = AXIS2_PLACEMENT_3D ( 'NONE', #1850, #4835, #4810 ) ;
#1005 = CARTESIAN_POINT ( 'NONE',  ( 0.000000000000000000, 0.000000000000000000, 0.000000000000000000 ) ) ;
#1006 = CARTESIAN_POINT ( 'NONE',  ( -52.42462120245872370, 5.000000000000000000, -53.56106051595667594 ) ) ;
#1007 = ORIENTED_EDGE ( 'NONE', *, *, #3226, .T. ) ;
#1008 = FACE_OUTER_BOUND ( 'NONE', #4408, .T. ) ;
#1009 = CARTESIAN_POINT ( 'NONE',  ( -13.54999999999999893, -13.30000000000000071, 1.500000000000000000 ) ) ;
#1010 = CIRCLE ( 'NONE', #2015, 0.7500000000000006661 ) ;
#1011 = ADVANCED_FACE ( 'NONE', ( #1364 ), #247, .T. ) ;
#1012 = AXIS2_PLACEMENT_3D ( 'NONE', #4690, #967, #3643 ) ;
#1013 = MANIFOLD_SOLID_BREP ( 'Í¹Ì¨-À­Éì1[1]', #3402 ) ;
#1014 = DIRECTION ( 'NONE',  ( -0.000000000000000000, 1.000000000000000000, -0.000000000000000000 ) ) ;
#1015 = ORIENTED_EDGE ( 'NONE', *, *, #3553, .T. ) ;
#1016 = AXIS2_PLACEMENT_3D ( 'NONE', #4056, #2101, #698 ) ;
#1017 = ORIENTED_EDGE ( 'NONE', *, *, #3059, .T. ) ;
#1018 = STYLED_ITEM ( 'NONE', ( #2596 ), #4198 ) ;
#1019 = ORIENTED_EDGE ( 'NONE', *, *, #573, .T. ) ;
#1020 = CARTESIAN_POINT ( 'NONE',  ( -33.33273811042200663, 5.000000000000000000, -81.13822498223208868 ) ) ;
#1021 = CYLINDRICAL_SURFACE ( 'NONE', #2008, 4.999999999999990230 ) ;
#1022 = SURFACE_SIDE_STYLE ('',( #2538 ) ) ;
#1023 = CARTESIAN_POINT ( 'NONE',  ( -11.45210035005834470, 8.312075473978843831, 0.000000000000000000 ) ) ;
#1024 = VECTOR ( 'NONE', #2551, 1000.000000000000000 ) ;
#1025 = CARTESIAN_POINT ( 'NONE',  ( -27.45797837036198530, 3.067221540086911169, -9.253281832312684604E-16 ) ) ;
#1026 = CARTESIAN_POINT ( 'NONE',  ( 26.99999999999999645, 0.000000000000000000, -34.58380151290432281 ) ) ;
#1027 = LINE ( 'NONE', #4816, #52 ) ;
#1028 = CARTESIAN_POINT ( 'NONE',  ( -19.90210035005835110, 1.740681043584102472, 0.000000000000000000 ) ) ;
#1029 = ORIENTED_EDGE ( 'NONE', *, *, #4552, .T. ) ;
#1030 = VERTEX_POINT ( 'NONE', #3618 ) ;
#1031 = DIRECTION ( 'NONE',  ( -0.000000000000000000, 1.000000000000000000, -0.000000000000000000 ) ) ;
#1032 = VERTEX_POINT ( 'NONE', #648 ) ;
#1033 = CYLINDRICAL_SURFACE ( 'NONE', #4494, 5.000000000000004441 ) ;
#1034 = AXIS2_PLACEMENT_3D ( 'NONE', #1679, #545, #3848 ) ;
#1035 = CARTESIAN_POINT ( 'NONE',  ( -14.78019021559369861, 5.777545601188450952, -10.24382026892930497 ) ) ;
#1036 = EDGE_LOOP ( 'NONE', ( #1295, #2554 ) ) ;
#1037 = VECTOR ( 'NONE', #4359, 1000.000000000000000 ) ;
#1038 = EDGE_LOOP ( 'NONE', ( #34, #1764 ) ) ;
#1039 = ORIENTED_EDGE ( 'NONE', *, *, #3834, .F. ) ;
#1040 = MANIFOLD_SOLID_BREP ( 'Í¹Ì¨-À­Éì1[2]', #658 ) ;
#1041 = FACE_BOUND ( 'NONE', #2195, .T. ) ;
#1042 = VECTOR ( 'NONE', #2176, 1000.000000000000000 ) ;
#1043 = CARTESIAN_POINT ( 'NONE',  ( -13.00000000000000178, -4.525961875374001409, 1.500000000000000000 ) ) ;
#1044 = FILL_AREA_STYLE_COLOUR ( '', #2647 ) ;
#1045 = ADVANCED_FACE ( 'NONE', ( #3221 ), #2143, .F. ) ;
#1046 = CARTESIAN_POINT ( 'NONE',  ( -26.09965688416941276, 4.391801250357438846, -7.589817772033874462E-16 ) ) ;
#1047 = DIRECTION ( 'NONE',  ( -1.000000000000000000, 0.000000000000000000, 0.000000000000000000 ) ) ;
#1048 = CARTESIAN_POINT ( 'NONE',  ( -8.966083024013361324, 6.620376742835878403, 0.000000000000000000 ) ) ;
#1049 = FACE_OUTER_BOUND ( 'NONE', #1740, .T. ) ;
#1050 = ORIENTED_EDGE ( 'NONE', *, *, #4500, .T. ) ;
#1051 = ORIENTED_EDGE ( 'NONE', *, *, #2968, .T. ) ;
#1052 = VECTOR ( 'NONE', #2351, 1000.000000000000000 ) ;
#1053 = AXIS2_PLACEMENT_3D ( 'NONE', #2982, #406, #356 ) ;
#1054 = DIRECTION ( 'NONE',  ( 1.000000000000000000, 0.000000000000000000, 0.000000000000000000 ) ) ;
#1055 = CYLINDRICAL_SURFACE ( 'NONE', #3168, 6.999999999999992006 ) ;
#1056 = EDGE_CURVE ( 'NONE', #3232, #667, #2859, .T. ) ;
#1057 = LINE ( 'NONE', #2940, #58 ) ;
#1058 = ORIENTED_EDGE ( 'NONE', *, *, #1925, .F. ) ;
#1059 = ORIENTED_EDGE ( 'NONE', *, *, #673, .T. ) ;
#1060 = EDGE_CURVE ( 'NONE', #2795, #3862, #1347, .T. ) ;
#1061 = ORIENTED_EDGE ( 'NONE', *, *, #3675, .F. ) ;
#1062 = ORIENTED_EDGE ( 'NONE', *, *, #1448, .F. ) ;
#1063 = DIRECTION ( 'NONE',  ( -0.000000000000000000, 0.000000000000000000, -1.000000000000000000 ) ) ;
#1064 = VECTOR ( 'NONE', #203, 1000.000000000000000 ) ;
#1065 = CARTESIAN_POINT ( 'NONE',  ( -17.50000000000000000, -7.025961875374001409, 0.000000000000000000 ) ) ;
#1066 = DIRECTION ( 'NONE',  ( 0.000000000000000000, 0.000000000000000000, 1.000000000000000000 ) ) ;
#1067 = EDGE_CURVE ( 'NONE', #12, #4783, #557, .T. ) ;
#1068 = EDGE_CURVE ( 'NONE', #3454, #2856, #2203, .T. ) ;
#1069 = CARTESIAN_POINT ( 'NONE',  ( -19.90210035005835110, 24.63667557965986532, 0.000000000000000000 ) ) ;
#1070 = CARTESIAN_POINT ( 'NONE',  ( -45.00000000000002132, -23.42384038863437468, -44.80370120307598114 ) ) ;
#1071 = CARTESIAN_POINT ( 'NONE',  ( -16.00000000000000000, -7.025961875374001409, 1.500000000000000000 ) ) ;
#1072 = PLANE ( 'NONE',  #1874 ) ;
#1073 = EDGE_LOOP ( 'NONE', ( #2270, #1124, #3796, #3500 ) ) ;
#1074 = ORIENTED_EDGE ( 'NONE', *, *, #1089, .T. ) ;
#1075 = CARTESIAN_POINT ( 'NONE',  ( -57.02081528017137657, 5.000000000000000000, -65.93542918672127939 ) ) ;
#1076 = CARTESIAN_POINT ( 'NONE',  ( -19.90210035005835110, 3.340681043584106558, 0.000000000000000000 ) ) ;
#1077 = VERTEX_POINT ( 'NONE', #319 ) ;
#1078 = CARTESIAN_POINT ( 'NONE',  ( -13.70454381594728943, 4.391801250357438846, -12.39511306822211800 ) ) ;
#1079 = EDGE_LOOP ( 'NONE', ( #1081, #4787, #2848, #3559 ) ) ;
#1080 = VECTOR ( 'NONE', #1162, 1000.000000000000000 ) ;
#1081 = ORIENTED_EDGE ( 'NONE', *, *, #945, .F. ) ;
#1082 = ORIENTED_EDGE ( 'NONE', *, *, #2308, .F. ) ;
#1083 = ORIENTED_EDGE ( 'NONE', *, *, #1484, .F. ) ;
#1084 = EDGE_CURVE ( 'NONE', #1946, #3755, #77, .T. ) ;
#1085 = DIRECTION ( 'NONE',  ( 1.000000000000000000, 0.000000000000000000, 0.000000000000000000 ) ) ;
#1086 = CARTESIAN_POINT ( 'NONE',  ( 0.000000000000000000, 0.000000000000000000, -42.00000000000000000 ) ) ;
#1087 = CARTESIAN_POINT ( 'NONE',  ( -19.90210035005835110, 24.63667557965986532, -10.45000000000000462 ) ) ;
#1088 = MECHANICAL_DESIGN_GEOMETRIC_PRESENTATION_REPRESENTATION (  '', ( #1018 ), #3359 ) ;
#1089 = EDGE_CURVE ( 'NONE', #2962, #3582, #314, .T. ) ;
#1090 = VECTOR ( 'NONE', #1921, 1000.000000000000000 ) ;
#1091 = DIRECTION ( 'NONE',  ( 0.000000000000000000, 0.000000000000000000, 1.000000000000000000 ) ) ;
#1092 = DIRECTION ( 'NONE',  ( 0.000000000000000000, 0.000000000000000000, 1.000000000000000000 ) ) ;
#1093 = DIRECTION ( 'NONE',  ( -0.000000000000000000, 1.000000000000000000, -0.000000000000000000 ) ) ;
#1094 = ORIENTED_EDGE ( 'NONE', *, *, #2294, .T. ) ;
#1095 = ORIENTED_EDGE ( 'NONE', *, *, #333, .F. ) ;
#1096 = LINE ( 'NONE', #2156, #4409 ) ;
#1097 = CARTESIAN_POINT ( 'NONE',  ( 13.54999999999999893, -10.80000000000000071, 1.500000000000000000 ) ) ;
#1098 = CARTESIAN_POINT ( 'NONE',  ( -45.00000000000002132, 5.000000000000000000, -69.47096309265401715 ) ) ;
#1099 = EDGE_LOOP ( 'NONE', ( #3325, #2185, #3636, #1375 ) ) ;
#1100 = EDGE_CURVE ( 'NONE', #4116, #2078, #4786, .T. ) ;
#1101 = AXIS2_PLACEMENT_3D ( 'NONE', #168, #2407, #2356 ) ;
#1102 = DIRECTION ( 'NONE',  ( 0.000000000000000000, 0.000000000000000000, -1.000000000000000000 ) ) ;
#1103 = EDGE_LOOP ( 'NONE', ( #1477, #4068, #3340, #3680, #4154 ) ) ;
#1104 = ORIENTED_EDGE ( 'NONE', *, *, #521, .T. ) ;
#1105 = VERTEX_POINT ( 'NONE', #4442 ) ;
#1106 = AXIS2_PLACEMENT_3D ( 'NONE', #2034, #2090, #1672 ) ;
#1107 = ORIENTED_EDGE ( 'NONE', *, *, #580, .F. ) ;
#1108 = DIRECTION ( 'NONE',  ( -0.7071067811865462405, 0.000000000000000000, -0.7071067811865489050 ) ) ;
#1109 = LINE ( 'NONE', #296, #920 ) ;
#1110 = LINE ( 'NONE', #4491, #2436 ) ;
#1111 = AXIS2_PLACEMENT_3D ( 'NONE', #1213, #3100, #4587 ) ;
#1112 = AXIS2_PLACEMENT_3D ( 'NONE', #3982, #4769, #2951 ) ;
#1113 = DIRECTION ( 'NONE',  ( 0.000000000000000000, 1.000000000000000000, 0.000000000000000000 ) ) ;
#1114 = CARTESIAN_POINT ( 'NONE',  ( -9.500000000000000000, -2.315795280694863845, -6.633814543801952113E-14 ) ) ;
#1115 = PLANE ( 'NONE',  #4376 ) ;
#1116 = DIRECTION ( 'NONE',  ( -1.000000000000000000, 0.000000000000000000, 0.000000000000000000 ) ) ;
#1117 = ORIENTED_EDGE ( 'NONE', *, *, #4826, .T. ) ;
#1118 = EDGE_LOOP ( 'NONE', ( #738, #313 ) ) ;
#1119 = EDGE_CURVE ( 'NONE', #4089, #4450, #1179, .T. ) ;
#1120 = EDGE_CURVE ( 'NONE', #3974, #2899, #2215, .T. ) ;
#1121 = PLANE ( 'NONE',  #656 ) ;
#1122 =( LENGTH_UNIT ( ) NAMED_UNIT ( * ) SI_UNIT ( .MILLI., .METRE. ) );
#1123 = CARTESIAN_POINT ( 'NONE',  ( -33.33273811042200663, 5.000000000000000000, -81.13822498223208868 ) ) ;
#1124 = ORIENTED_EDGE ( 'NONE', *, *, #764, .T. ) ;
#1125 = CIRCLE ( 'NONE', #3239, 1.549999999999995826 ) ;
#1126 = VECTOR ( 'NONE', #1539, 1000.000000000000000 ) ;
#1127 = EDGE_CURVE ( 'NONE', #4115, #3650, #2834, .T. ) ;
#1128 = DIRECTION ( 'NONE',  ( -1.000000000000000000, 0.000000000000000000, 0.000000000000000000 ) ) ;
#1129 = CIRCLE ( 'NONE', #93, 2.450000000000000622 ) ;
#1130 = EDGE_CURVE ( 'NONE', #3963, #4284, #1110, .T. ) ;
#1131 = CARTESIAN_POINT ( 'NONE',  ( -19.90210035005835110, 24.63667557965986532, 15.99999999999999645 ) ) ;
#1132 = ORIENTED_EDGE ( 'NONE', *, *, #3089, .F. ) ;
#1133 = EDGE_LOOP ( 'NONE', ( #2891, #3709, #4317, #1641, #3386 ) ) ;
#1134 = ORIENTED_EDGE ( 'NONE', *, *, #1060, .F. ) ;
#1135 = ORIENTED_EDGE ( 'NONE', *, *, #362, .F. ) ;
#1136 = CARTESIAN_POINT ( 'NONE',  ( -15.05000000000000071, -13.30000000000000071, 0.000000000000000000 ) ) ;
#1137 = DIRECTION ( 'NONE',  ( 0.000000000000000000, 0.000000000000000000, 1.000000000000000000 ) ) ;
#1138 = CARTESIAN_POINT ( 'NONE',  ( -33.33273811042200663, 5.000000000000000000, -81.13822498223208868 ) ) ;
#1139 = CARTESIAN_POINT ( 'NONE',  ( -19.90210035005835110, 24.63667557965986532, 29.90000000000001279 ) ) ;
#1140 = CARTESIAN_POINT ( 'NONE',  ( -8.966083024013361324, 6.620376742835878403, 2.678551722752199418E-15 ) ) ;
#1141 = CARTESIAN_POINT ( 'NONE',  ( 15.05000000000000071, -13.30000000000000071, 1.500000000000000000 ) ) ;
#1142 = CARTESIAN_POINT ( 'NONE',  ( -35.90210035005835465, 1.740681043584102250, 31.99999999999998579 ) ) ;
#1143 = ORIENTED_EDGE ( 'NONE', *, *, #4451, .T. ) ;
#1144 = ORIENTED_EDGE ( 'NONE', *, *, #2230, .F. ) ;
#1145 = EDGE_CURVE ( 'NONE', #4525, #2032, #3057, .T. ) ;
#1146 = FACE_OUTER_BOUND ( 'NONE', #1174, .T. ) ;
#1147 = DIRECTION ( 'NONE',  ( -0.000000000000000000, 1.000000000000000000, -0.000000000000000000 ) ) ;
#1148 = EDGE_LOOP ( 'NONE', ( #3944, #1083, #267, #1924 ) ) ;
#1149 = DIRECTION ( 'NONE',  ( -0.000000000000000000, 0.000000000000000000, -1.000000000000000000 ) ) ;
#1150 = EDGE_LOOP ( 'NONE', ( #2900, #1135, #1889, #2748 ) ) ;
#1151 = EDGE_CURVE ( 'NONE', #2880, #3141, #952, .T. ) ;
#1152 = ORIENTED_EDGE ( 'NONE', *, *, #3789, .T. ) ;
#1153 = EDGE_LOOP ( 'NONE', ( #2260, #1857, #476, #1168, #3278, #608, #4761, #2164, #4208, #1800, #233, #1832 ) ) ;
#1154 = AXIS2_PLACEMENT_3D ( 'NONE', #4380, #2118, #3617 ) ;
#1155 = CARTESIAN_POINT ( 'NONE',  ( -30.89870260200557439, 1.740681043584102472, -1.346695374934382566E-15 ) ) ;
#1156 =( GEOMETRIC_REPRESENTATION_CONTEXT ( 3 ) GLOBAL_UNCERTAINTY_ASSIGNED_CONTEXT ( ( #4503 ) ) GLOBAL_UNIT_ASSIGNED_CONTEXT ( ( #3448, #3835, #3382 ) ) REPRESENTATION_CONTEXT ( 'NONE', 'WORKASPACE' ) );
#1157 = DIRECTION ( 'NONE',  ( 1.000000000000000000, 0.000000000000000000, 6.982962677686251722E-15 ) ) ;
#1158 = CIRCLE ( 'NONE', #1398, 2.450000000000000622 ) ;
#1159 = AXIS2_PLACEMENT_3D ( 'NONE', #3467, #4148, #818 ) ;
#1160 = FACE_OUTER_BOUND ( 'NONE', #4704, .T. ) ;
#1161 = CARTESIAN_POINT ( 'NONE',  ( -19.90210035005835110, 15.88667557965986177, 10.45000000000000462 ) ) ;
#1162 = DIRECTION ( 'NONE',  ( -0.000000000000000000, -1.000000000000000000, -0.000000000000000000 ) ) ;
#1163 = CARTESIAN_POINT ( 'NONE',  ( -3.902100350058355982, 1.740681043584102472, 3.918869757271529474E-15 ) ) ;
#1164 = AXIS2_PLACEMENT_3D ( 'NONE', #4700, #4646, #183 ) ;
#1165 = DIRECTION ( 'NONE',  ( 0.000000000000000000, 0.000000000000000000, 1.000000000000000000 ) ) ;
#1166 = ADVANCED_BREP_SHAPE_REPRESENTATION ( '', ( #4175, #4677 ), #4374 ) ;
#1167 = CARTESIAN_POINT ( 'NONE',  ( -19.90210035005835110, 24.63667557965986532, 10.45000000000000462 ) ) ;
#1168 = ORIENTED_EDGE ( 'NONE', *, *, #3068, .T. ) ;
#1169 = AXIS2_PLACEMENT_3D ( 'NONE', #1865, #3356, #1102 ) ;
#1170 = CYLINDRICAL_SURFACE ( 'NONE', #2809, 10.45000000000000462 ) ;
#1171 = ORIENTED_EDGE ( 'NONE', *, *, #2047, .F. ) ;
#1172 = EDGE_CURVE ( 'NONE', #3755, #1323, #1934, .T. ) ;
#1173 = ORIENTED_EDGE ( 'NONE', *, *, #4838, .F. ) ;
#1174 = EDGE_LOOP ( 'NONE', ( #4435, #430, #2154, #1702 ) ) ;
#1175 = DIRECTION ( 'NONE',  ( -0.000000000000000000, -1.000000000000000000, -0.000000000000000000 ) ) ;
#1176 = ADVANCED_FACE ( 'NONE', ( #4811 ), #1553, .F. ) ;
#1177 = DIRECTION ( 'NONE',  ( 0.000000000000000000, 0.000000000000000000, -1.000000000000000000 ) ) ;
#1178 = DIRECTION ( 'NONE',  ( 0.000000000000000000, 1.000000000000000000, 0.000000000000000000 ) ) ;
#1179 = CIRCLE ( 'NONE', #3920, 10.99660225194722152 ) ;
#1180 = ADVANCED_FACE ( 'NONE', ( #3021 ), #3393, .F. ) ;
#1181 = DIRECTION ( 'NONE',  ( 0.000000000000000000, 0.000000000000000000, 1.000000000000000000 ) ) ;
#1182 = CARTESIAN_POINT ( 'NONE',  ( -9.992656843561590563, 7.182549245871483024, 2.427113654312556475E-15 ) ) ;
#1183 = DIRECTION ( 'NONE',  ( -0.000000000000000000, -1.000000000000000000, -0.000000000000000000 ) ) ;
#1184 = DIRECTION ( 'NONE',  ( 0.000000000000000000, 0.000000000000000000, -1.000000000000000000 ) ) ;
#1185 = VECTOR ( 'NONE', #55, 1000.000000000000000 ) ;
#1186 = CYLINDRICAL_SURFACE ( 'NONE', #877, 1.549999999999995826 ) ;
#1187 = DIRECTION ( 'NONE',  ( -0.000000000000000000, 0.000000000000000000, -1.000000000000000000 ) ) ;
#1188 = CIRCLE ( 'NONE', #3929, 2.500000000000000444 ) ;
#1189 = ORIENTED_EDGE ( 'NONE', *, *, #2401, .T. ) ;
#1190 = DIRECTION ( 'NONE',  ( 1.000000000000000000, 0.000000000000000000, 0.000000000000000000 ) ) ;
#1191 = VERTEX_POINT ( 'NONE', #1461 ) ;
#1192 = CIRCLE ( 'NONE', #4555, 6.000000000000032863 ) ;
#1193 = EDGE_CURVE ( 'NONE', #963, #4043, #1449, .T. ) ;
#1194 = ORIENTED_EDGE ( 'NONE', *, *, #3226, .F. ) ;
#1195 = AXIS2_PLACEMENT_3D ( 'NONE', #2239, #366, #4489 ) ;
#1196 = ORIENTED_EDGE ( 'NONE', *, *, #4174, .F. ) ;
#1197 = CARTESIAN_POINT ( 'NONE',  ( -37.41450923981281562, 0.8729443479809960715, -2.144651549219745142E-15 ) ) ;
#1198 = FACE_OUTER_BOUND ( 'NONE', #3290, .T. ) ;
#1199 = LINE ( 'NONE', #3487, #420 ) ;
#1200 = EDGE_CURVE ( 'NONE', #4832, #4749, #4072, .T. ) ;
#1201 = CARTESIAN_POINT ( 'NONE',  ( -56.66726188957796495, 5.000000000000000000, -81.13822498223190394 ) ) ;
#1202 = CARTESIAN_POINT ( 'NONE',  ( -9.500000000000005329, -13.84999999999999964, -6.633814543801955899E-14 ) ) ;
#1203 = DIRECTION ( 'NONE',  ( 1.000000000000000000, 0.000000000000000000, 0.000000000000000000 ) ) ;
#1204 = DIRECTION ( 'NONE',  ( -0.000000000000000000, 1.000000000000000000, -0.000000000000000000 ) ) ;
#1205 = FACE_BOUND ( 'NONE', #3289, .T. ) ;
#1206 = CARTESIAN_POINT ( 'NONE',  ( -19.90210035005835110, 8.312075473978843831, 8.450000000000008171 ) ) ;
#1207 = EDGE_CURVE ( 'NONE', #179, #4206, #1508, .T. ) ;
#1208 = VECTOR ( 'NONE', #2682, 1000.000000000000000 ) ;
#1209 = PRODUCT ( '\X2\543876d88fde63a54ef6\X0\', '\X2\543876d88fde63a54ef6\X0\', '', ( #2367 ) ) ;
#1210 = ADVANCED_FACE ( 'NONE', ( #2996 ), #4119, .T. ) ;
#1211 = DIRECTION ( 'NONE',  ( 0.000000000000000000, 0.000000000000000000, 1.000000000000000000 ) ) ;
#1212 = DIRECTION ( 'NONE',  ( -0.000000000000000000, 1.000000000000000000, -0.000000000000000000 ) ) ;
#1213 = CARTESIAN_POINT ( 'NONE',  ( 0.000000000000000000, -10.30000000000000426, 0.000000000000000000 ) ) ;
#1214 = AXIS2_PLACEMENT_3D ( 'NONE', #2395, #1642, #1244 ) ;
#1215 = EDGE_LOOP ( 'NONE', ( #4309, #2365 ) ) ;
#1216 = ORIENTED_EDGE ( 'NONE', *, *, #3133, .T. ) ;
#1217 = APPLICATION_PROTOCOL_DEFINITION ( 'draft international standard', 'automotive_design', 1998, #1717 ) ;
#1218 = CARTESIAN_POINT ( 'NONE',  ( 0.000000000000000000, 0.000000000000000000, -42.00000000000000000 ) ) ;
#1219 = VERTEX_POINT ( 'NONE', #165 ) ;
#1220 = VERTEX_POINT ( 'NONE', #4213 ) ;
#1221 = ORIENTED_EDGE ( 'NONE', *, *, #4229, .T. ) ;
#1222 = LINE ( 'NONE', #1953, #2898 ) ;
#1223 = CARTESIAN_POINT ( 'NONE',  ( -30.89870260200557439, 1.740681043584102472, -1.346695374934374086E-15 ) ) ;
#1224 = CARTESIAN_POINT ( 'NONE',  ( 9.997899649941663469, -0.1774874432095524257, -59.80000000000001847 ) ) ;
#1225 = ADVANCED_FACE ( 'NONE', ( #2307 ), #3792, .F. ) ;
#1226 = CIRCLE ( 'NONE', #3971, 13.00000000000000178 ) ;
#1227 = CARTESIAN_POINT ( 'NONE',  ( -45.00000000000002132, 5.000000000000000000, -74.47096309265403136 ) ) ;
#1228 = CARTESIAN_POINT ( 'NONE',  ( 13.54999999999999893, -13.30000000000000071, 0.000000000000000000 ) ) ;
#1229 = CARTESIAN_POINT ( 'NONE',  ( 16.00000000000000000, -7.025961875374001409, 0.000000000000000000 ) ) ;
#1230 = CARTESIAN_POINT ( 'NONE',  ( 0.000000000000000000, -16.35000000000000497, 0.000000000000000000 ) ) ;
#1231 = PLANE ( 'NONE',  #1399 ) ;
#1232 =( GEOMETRIC_REPRESENTATION_CONTEXT ( 3 ) GLOBAL_UNCERTAINTY_ASSIGNED_CONTEXT ( ( #637 ) ) GLOBAL_UNIT_ASSIGNED_CONTEXT ( ( #3669, #4426, #3694 ) ) REPRESENTATION_CONTEXT ( 'NONE', 'WORKASPACE' ) );
#1233 = DIRECTION ( 'NONE',  ( -0.000000000000000000, -1.000000000000000000, -0.000000000000000000 ) ) ;
#1234 = EDGE_CURVE ( 'NONE', #3602, #639, #2547, .T. ) ;
#1235 = CARTESIAN_POINT ( 'NONE',  ( 0.000000000000000000, 0.000000000000000000, 3.524999999999999911 ) ) ;
#1236 = DIRECTION ( 'NONE',  ( -0.000000000000000000, 1.000000000000000000, -0.000000000000000000 ) ) ;
#1237 = DIRECTION ( 'NONE',  ( 0.000000000000000000, 1.000000000000000000, 0.000000000000000000 ) ) ;
#1238 = ORIENTED_EDGE ( 'NONE', *, *, #4821, .F. ) ;
#1239 = ORIENTED_EDGE ( 'NONE', *, *, #1575, .T. ) ;
#1240 = CIRCLE ( 'NONE', #378, 1.500000000000001332 ) ;
#1241 = VECTOR ( 'NONE', #4039, 1000.000000000000000 ) ;
#1242 = CARTESIAN_POINT ( 'NONE',  ( 10.55000000000000071, -10.80000000000000071, 1.500000000000000000 ) ) ;
#1243 = VERTEX_POINT ( 'NONE', #4190 ) ;
#1244 = DIRECTION ( 'NONE',  ( 0.000000000000000000, 0.000000000000000000, -1.000000000000000000 ) ) ;
#1245 = AXIS2_PLACEMENT_3D ( 'NONE', #145, #4563, #424 ) ;
#1246 = ADVANCED_FACE ( 'NONE', ( #1574 ), #4165, .F. ) ;
#1247 = VERTEX_POINT ( 'NONE', #2720 ) ;
#1248 = AXIS2_PLACEMENT_3D ( 'NONE', #2505, #2476, #3533 ) ;
#1249 = ORIENTED_EDGE ( 'NONE', *, *, #1794, .F. ) ;
#1250 = DIRECTION ( 'NONE',  ( -0.000000000000000000, 1.000000000000000000, 0.000000000000000000 ) ) ;
#1251 = DIRECTION ( 'NONE',  ( -0.000000000000000000, 1.000000000000000000, -0.000000000000000000 ) ) ;
#1252 = FACE_OUTER_BOUND ( 'NONE', #1150, .T. ) ;
#1253 = CYLINDRICAL_SURFACE ( 'NONE', #3251, 2.500000000000002220 ) ;
#1254 = ORIENTED_EDGE ( 'NONE', *, *, #249, .T. ) ;
#1255 = CYLINDRICAL_SURFACE ( 'NONE', #2297, 1.549999999999995826 ) ;
#1256 = AXIS2_PLACEMENT_3D ( 'NONE', #744, #2244, #3370 ) ;
#1257 = DIRECTION ( 'NONE',  ( -1.000000000000000000, 0.000000000000000000, 0.000000000000000000 ) ) ;
#1258 = CARTESIAN_POINT ( 'NONE',  ( -19.90210035005835110, 24.63667557965986532, -8.450000000000006395 ) ) ;
#1259 = CARTESIAN_POINT ( 'NONE',  ( -56.66726188957796495, 0.000000000000000000, -79.58822498223190678 ) ) ;
#1260 = DIRECTION ( 'NONE',  ( 0.000000000000000000, 0.000000000000000000, 1.000000000000000000 ) ) ;
#1261 = DIRECTION ( 'NONE',  ( 0.000000000000000000, 0.000000000000000000, -1.000000000000000000 ) ) ;
#1262 = CARTESIAN_POINT ( 'NONE',  ( 11.66726188957801291, 0.000000000000000000, 11.66726188957805910 ) ) ;
#1263 = CARTESIAN_POINT ( 'NONE',  ( -33.33273811042200663, 0.000000000000000000, -87.13822498223211710 ) ) ;
#1264 = DIRECTION ( 'NONE',  ( 0.000000000000000000, 0.000000000000000000, -1.000000000000000000 ) ) ;
#1265 = ORIENTED_EDGE ( 'NONE', *, *, #1752, .F. ) ;
#1266 = VERTEX_POINT ( 'NONE', #3066 ) ;
#1267 = CIRCLE ( 'NONE', #2986, 10.55000000000000071 ) ;
#1268 = CIRCLE ( 'NONE', #3385, 0.7500000000000006661 ) ;
#1269 = ITEM_DEFINED_TRANSFORMATION ( 'NONE', 'NONE', #3665,  #4677 ) ;
#1270 = AXIS2_PLACEMENT_3D ( 'NONE', #792, #1918, #743 ) ;
#1271 = CARTESIAN_POINT ( 'NONE',  ( -19.90210035005835110, 14.50106184802028153, 2.450000000000000622 ) ) ;
#1272 = ORIENTED_EDGE ( 'NONE', *, *, #3497, .T. ) ;
#1273 = DIRECTION ( 'NONE',  ( 0.000000000000000000, 0.000000000000000000, 1.000000000000000000 ) ) ;
#1274 = ADVANCED_FACE ( 'NONE', ( #811 ), #1936, .T. ) ;
#1275 = EDGE_CURVE ( 'NONE', #2916, #1243, #1199, .T. ) ;
#1276 = ADVANCED_FACE ( 'NONE', ( #2695 ), #835, .T. ) ;
#1277 = ORIENTED_EDGE ( 'NONE', *, *, #2316, .T. ) ;
#1278 = LINE ( 'NONE', #2771, #782 ) ;
#1279 = DIRECTION ( 'NONE',  ( 0.000000000000000000, -1.000000000000000000, 0.000000000000000000 ) ) ;
#1280 = DIRECTION ( 'NONE',  ( -0.000000000000000000, 1.000000000000000000, -0.000000000000000000 ) ) ;
#1281 = CARTESIAN_POINT ( 'NONE',  ( -30.83811767610334442, 6.620376742835878403, -1.339275861376099512E-15 ) ) ;
#1282 = VECTOR ( 'NONE', #1954, 1000.000000000000000 ) ;
#1283 = CIRCLE ( 'NONE', #19, 19.90210035005835110 ) ;
#1284 = VERTEX_POINT ( 'NONE', #2352 ) ;
#1285 = CLOSED_SHELL ( 'NONE', ( #4046, #1303, #2567, #694, #971, #763, #4340, #2166, #1986 ) ) ;
#1286 = DIRECTION ( 'NONE',  ( 0.000000000000000000, 0.000000000000000000, 1.000000000000000000 ) ) ;
#1287 = CARTESIAN_POINT ( 'NONE',  ( -52.42462120245872370, 5.000000000000000000, -53.56106051595667594 ) ) ;
#1288 = CARTESIAN_POINT ( 'NONE',  ( 20.00000000000000000, 0.000000000000000000, 0.000000000000000000 ) ) ;
#1289 = CARTESIAN_POINT ( 'NONE',  ( 11.66726188957801291, 7.700000000000000178, 11.66726188957805910 ) ) ;
#1290 = AXIS2_PLACEMENT_3D ( 'NONE', #2654, #3511, #3140 ) ;
#1291 = FACE_OUTER_BOUND ( 'NONE', #269, .T. ) ;
#1292 = DIRECTION ( 'NONE',  ( 0.000000000000000000, 0.000000000000000000, -1.000000000000000000 ) ) ;
#1293 = DIRECTION ( 'NONE',  ( -0.000000000000000000, 1.000000000000000000, -0.000000000000000000 ) ) ;
#1294 = CARTESIAN_POINT ( 'NONE',  ( -38.75258818037606545, 0.1449029338955367396, -2.308518958376471876E-15 ) ) ;
#1295 = ORIENTED_EDGE ( 'NONE', *, *, #1984, .T. ) ;
#1296 = ORIENTED_EDGE ( 'NONE', *, *, #1957, .T. ) ;
#1297 =( BOUNDED_SURFACE ( )  B_SPLINE_SURFACE ( 3, 3, ( 
 ( #970, #2411, #171, #4331 ),
 ( #3644, #4717, #2097, #2884 ),
 ( #3907, #2461, #4636, #2435 ),
 ( #2860, #3543, #1387, #4002 ),
 ( #1367, #4381, #2486, #3979 ),
 ( #1023, #4278, #3569, #2807 ) ),
 .UNSPECIFIED., .F., .F., .F. ) 
 B_SPLINE_SURFACE_WITH_KNOTS ( ( 4, 1, 1, 4 ),
 ( 4, 4 ),
 ( 0.000000000000000000, 0.1565210492490426430, 0.5689366928055971107, 1.000000000000000000 ),
 ( 0.000000000000000000, 1.000000000000000000 ),
 .UNSPECIFIED. ) 
 GEOMETRIC_REPRESENTATION_ITEM ( )  RATIONAL_B_SPLINE_SURFACE ( (
 ( 1.000000000000000000, 0.3333333333333334259, 0.3333333333333334259, 1.000000000000000000),
 ( 1.000000000000000000, 0.3333333333333334259, 0.3333333333333334259, 1.000000000000000000),
 ( 1.000000000000000000, 0.3333333333333334259, 0.3333333333333334259, 1.000000000000000000),
 ( 1.000000000000000000, 0.3333333333333334259, 0.3333333333333334259, 1.000000000000000000),
 ( 1.000000000000000000, 0.3333333333333334259, 0.3333333333333334259, 1.000000000000000000),
 ( 1.000000000000000000, 0.3333333333333334259, 0.3333333333333334259, 1.000000000000000000) ) ) 
 REPRESENTATION_ITEM ( '' )  SURFACE ( )  );
#1298 = EDGE_CURVE ( 'NONE', #1822, #3537, #89, .T. ) ;
#1299 = CIRCLE ( 'NONE', #4037, 5.000000000000004441 ) ;
#1300 = FACE_OUTER_BOUND ( 'NONE', #3732, .T. ) ;
#1301 = ORIENTED_EDGE ( 'NONE', *, *, #37, .F. ) ;
#1302 = CARTESIAN_POINT ( 'NONE',  ( 0.000000000000000000, -3.800000000000001155, 0.000000000000000000 ) ) ;
#1303 = ADVANCED_FACE ( 'NONE', ( #4576 ), #1253, .T. ) ;
#1304 = ORIENTED_EDGE ( 'NONE', *, *, #984, .F. ) ;
#1305 = EDGE_CURVE ( 'NONE', #991, #4116, #3167, .T. ) ;
#1306 = DIRECTION ( 'NONE',  ( -0.000000000000000000, -1.000000000000000000, -0.000000000000000000 ) ) ;
#1307 = CARTESIAN_POINT ( 'NONE',  ( -6.999999999999999112, 5.000000000000000000, -7.416198487095654102 ) ) ;
#1308 = LINE ( 'NONE', #4603, #1052 ) ;
#1309 = DIRECTION ( 'NONE',  ( 1.000000000000000000, 0.000000000000000000, 0.000000000000000000 ) ) ;
#1310 = EDGE_LOOP ( 'NONE', ( #1783, #1007, #1497, #579, #4325 ) ) ;
#1311 = FACE_BOUND ( 'NONE', #3363, .T. ) ;
#1312 = DIRECTION ( 'NONE',  ( 0.000000000000000000, 0.000000000000000000, 1.000000000000000000 ) ) ;
#1313 = DIRECTION ( 'NONE',  ( -0.000000000000000000, -1.000000000000000000, -0.000000000000000000 ) ) ;
#1314 = DIRECTION ( 'NONE',  ( 0.000000000000000000, 0.000000000000000000, -1.000000000000000000 ) ) ;
#1315 = CARTESIAN_POINT ( 'NONE',  ( -11.45210035005834825, 15.88667557965986177, 0.000000000000000000 ) ) ;
#1316 = AXIS2_PLACEMENT_3D ( 'NONE', #3763, #1961, #2701 ) ;
#1317 = DIRECTION ( 'NONE',  ( -0.7071067811865493491, 0.000000000000000000, 0.7071067811865456854 ) ) ;
#1318 = DIRECTION ( 'NONE',  ( 0.000000000000000000, 0.000000000000000000, 1.000000000000000000 ) ) ;
#1319 = PRODUCT_DEFINITION_FORMATION_WITH_SPECIFIED_SOURCE ( 'ä»', '', #1209, .NOT_KNOWN. ) ;
#1320 = CARTESIAN_POINT ( 'NONE',  ( -13.00000000000000178, -10.30000000000000071, -9.077851480992147986E-14 ) ) ;
#1321 = CARTESIAN_POINT ( 'NONE',  ( -39.39838489184216996, 0.05478672904803285476, -2.387606245936157452E-15 ) ) ;
#1322 = ORIENTED_EDGE ( 'NONE', *, *, #2507, .T. ) ;
#1323 = VERTEX_POINT ( 'NONE', #4432 ) ;
#1324 = DIRECTION ( 'NONE',  ( 0.000000000000000000, -0.000000000000000000, -1.000000000000000000 ) ) ;
#1325 = ORIENTED_EDGE ( 'NONE', *, *, #1907, .F. ) ;
#1326 = DIRECTION ( 'NONE',  ( -1.000000000000000000, 0.000000000000000000, 0.000000000000000000 ) ) ;
#1327 = VERTEX_POINT ( 'NONE', #4799 ) ;
#1328 = CARTESIAN_POINT ( 'NONE',  ( -13.70454381594729121, 4.391801250357438846, 0.000000000000000000 ) ) ;
#1329 = DIRECTION ( 'NONE',  ( 0.000000000000000000, 0.000000000000000000, 1.000000000000000000 ) ) ;
#1330 = CARTESIAN_POINT ( 'NONE',  ( -27.45797837036199240, 3.067221540086911169, 15.11175604060726130 ) ) ;
#1331 = EDGE_CURVE ( 'NONE', #1220, #501, #3645, .T. ) ;
#1332 = ORIENTED_EDGE ( 'NONE', *, *, #2730, .F. ) ;
#1333 = EDGE_LOOP ( 'NONE', ( #2320, #1104, #3902, #1930 ) ) ;
#1334 = EDGE_CURVE ( 'NONE', #1999, #2841, #814, .T. ) ;
#1335 = CARTESIAN_POINT ( 'NONE',  ( -19.90210035005835110, 0.000000000000000000, 0.000000000000000000 ) ) ;
#1336 = CIRCLE ( 'NONE', #4067, 2.500000000000000444 ) ;
#1337 = CARTESIAN_POINT ( 'NONE',  ( -28.45813433136323667, 8.060162897851448349, -1.047811962860100806E-15 ) ) ;
#1338 = DIRECTION ( 'NONE',  ( -0.000000000000000000, -1.000000000000000000, -0.000000000000000000 ) ) ;
#1339 = AXIS2_PLACEMENT_3D ( 'NONE', #4425, #651, #1047 ) ;
#1340 = EDGE_CURVE ( 'NONE', #3889, #4474, #3479, .T. ) ;
#1341 = FACE_OUTER_BOUND ( 'NONE', #2421, .T. ) ;
#1342 = CARTESIAN_POINT ( 'NONE',  ( -19.90210035005835110, 24.63667557965986532, 2.450000000000000622 ) ) ;
#1343 = DIRECTION ( 'NONE',  ( -0.000000000000000000, 1.000000000000000000, -0.000000000000000000 ) ) ;
#1344 = CARTESIAN_POINT ( 'NONE',  ( -7.500000000000000000, 0.000000000000000000, -5.237222008264700033E-14 ) ) ;
#1345 = EDGE_LOOP ( 'NONE', ( #1039, #4388, #700, #4203 ) ) ;
#1346 = ORIENTED_EDGE ( 'NONE', *, *, #4396, .T. ) ;
#1347 = CIRCLE ( 'NONE', #3452, 9.909443506496760534 ) ;
#1348 = AXIS2_PLACEMENT_3D ( 'NONE', #3584, #510, #3898 ) ;
#1349 = PLANE ( 'NONE',  #1797 ) ;
#1350 = ORIENTED_EDGE ( 'NONE', *, *, #172, .T. ) ;
#1351 = DIRECTION ( 'NONE',  ( 0.000000000000000000, 1.000000000000000000, 0.000000000000000000 ) ) ;
#1352 = EDGE_CURVE ( 'NONE', #4804, #1846, #2302, .T. ) ;
#1353 = VECTOR ( 'NONE', #1261, 1000.000000000000000 ) ;
#1354 = ORIENTED_EDGE ( 'NONE', *, *, #1234, .F. ) ;
#1355 = FACE_OUTER_BOUND ( 'NONE', #1425, .T. ) ;
#1356 = CARTESIAN_POINT ( 'NONE',  ( -19.90210035005835110, 3.340681043584106558, 0.000000000000000000 ) ) ;
#1357 = ADVANCED_FACE ( 'NONE', ( #1008 ), #1055, .F. ) ;
#1358 = CARTESIAN_POINT ( 'NONE',  ( -29.81154385655511518, 7.182549245871483024, -1.213556827156278238E-15 ) ) ;
#1359 = ORIENTED_EDGE ( 'NONE', *, *, #705, .F. ) ;
#1360 = VERTEX_POINT ( 'NONE', #3330 ) ;
#1361 = CARTESIAN_POINT ( 'NONE',  ( -10.55000000000000071, -10.80000000000000071, 0.000000000000000000 ) ) ;
#1362 = EDGE_CURVE ( 'NONE', #3474, #1003, #4728, .T. ) ;
#1363 = CARTESIAN_POINT ( 'NONE',  ( -37.57537879754134735, 0.000000000000000000, -85.38086566935140809 ) ) ;
#1364 = FACE_OUTER_BOUND ( 'NONE', #2322, .T. ) ;
#1365 = AXIS2_PLACEMENT_3D ( 'NONE', #1859, #2329, #2980 ) ;
#1366 = AXIS2_PLACEMENT_3D ( 'NONE', #4305, #3547, #524 ) ;
#1367 = CARTESIAN_POINT ( 'NONE',  ( -11.34606636875347085, 8.060162897851448349, 0.000000000000000000 ) ) ;
#1368 = CIRCLE ( 'NONE', #574, 3.525000000000000355 ) ;
#1369 = ADVANCED_FACE ( 'NONE', ( #4062 ), #3967, .T. ) ;
#1370 = DIRECTION ( 'NONE',  ( -0.000000000000000000, -1.000000000000000000, -0.000000000000000000 ) ) ;
#1371 = DIRECTION ( 'NONE',  ( 0.000000000000000000, 0.000000000000000000, -1.000000000000000000 ) ) ;
#1372 = CARTESIAN_POINT ( 'NONE',  ( 11.66726188957801291, 7.700000000000000178, 11.66726188957805910 ) ) ;
#1373 = FACE_BOUND ( 'NONE', #4109, .T. ) ;
#1374 = VERTEX_POINT ( 'NONE', #1397 ) ;
#1375 = ORIENTED_EDGE ( 'NONE', *, *, #4017, .T. ) ;
#1376 = DIRECTION ( 'NONE',  ( 0.000000000000000000, 0.000000000000000000, -1.000000000000000000 ) ) ;
#1377 = ORIENTED_EDGE ( 'NONE', *, *, #3243, .T. ) ;
#1378 = FACE_OUTER_BOUND ( 'NONE', #748, .T. ) ;
#1379 = CARTESIAN_POINT ( 'NONE',  ( -17.45210035005835181, 14.50106184802028153, 0.000000000000000000 ) ) ;
#1380 = VERTEX_POINT ( 'NONE', #1420 ) ;
#1381 = VECTOR ( 'NONE', #2416, 1000.000000000000000 ) ;
#1382 = VERTEX_POINT ( 'NONE', #704 ) ;
#1383 = ORIENTED_EDGE ( 'NONE', *, *, #2917, .T. ) ;
#1384 = DIRECTION ( 'NONE',  ( -0.000000000000000000, 1.000000000000000000, -0.000000000000000000 ) ) ;
#1385 = CARTESIAN_POINT ( 'NONE',  ( -60.55634918610412143, 5.000000000000000000, -69.47096309265400293 ) ) ;
#1386 = SURFACE_SIDE_STYLE ('',( #3293 ) ) ;
#1387 = CARTESIAN_POINT ( 'NONE',  ( -28.81402596760598911, 7.640285087069870862, -17.82385123509526892 ) ) ;
#1388 = CARTESIAN_POINT ( 'NONE',  ( -37.57537879754134735, 5.000000000000000000, -85.38086566935140809 ) ) ;
#1389 = CYLINDRICAL_SURFACE ( 'NONE', #1591, 4.999999999999997335 ) ;
#1390 = DIRECTION ( 'NONE',  ( 0.000000000000000000, 0.000000000000000000, 1.000000000000000000 ) ) ;
#1391 = EDGE_LOOP ( 'NONE', ( #2977, #3192, #1346, #2546, #4421, #180 ) ) ;
#1392 = ADVANCED_FACE ( 'NONE', ( #681 ), #3262, .T. ) ;
#1393 = EDGE_LOOP ( 'NONE', ( #1689, #2103 ) ) ;
#1394 = VECTOR ( 'NONE', #3118, 1000.000000000000000 ) ;
#1395 = FACE_OUTER_BOUND ( 'NONE', #2573, .T. ) ;
#1396 = ORIENTED_EDGE ( 'NONE', *, *, #2593, .T. ) ;
#1397 = CARTESIAN_POINT ( 'NONE',  ( 16.00000000000000000, -4.525961875374001409, 1.500000000000000000 ) ) ;
#1398 = AXIS2_PLACEMENT_3D ( 'NONE', #3884, #3201, #2838 ) ;
#1399 = AXIS2_PLACEMENT_3D ( 'NONE', #75, #144, #2334 ) ;
#1400 = CIRCLE ( 'NONE', #4129, 7.500000000000000000 ) ;
#1401 = EDGE_CURVE ( 'NONE', #4783, #312, #2894, .T. ) ;
#1402 = CARTESIAN_POINT ( 'NONE',  ( -17.35341922837772444, 11.57534542638514274, 0.000000000000000000 ) ) ;
#1403 = ORIENTED_EDGE ( 'NONE', *, *, #3897, .T. ) ;
#1404 = EDGE_LOOP ( 'NONE', ( #236, #4855 ) ) ;
#1405 = VERTEX_POINT ( 'NONE', #2201 ) ;
#1406 = LINE ( 'NONE', #1361, #3395 ) ;
#1407 = CARTESIAN_POINT ( 'NONE',  ( -60.90990257669735541, 5.000000000000000000, -62.04634189019528634 ) ) ;
#1408 =( NAMED_UNIT ( * ) SI_UNIT ( $, .STERADIAN. ) SOLID_ANGLE_UNIT ( ) );
#1409 = CARTESIAN_POINT ( 'NONE',  ( 13.00000000000000178, -9.525961875374001409, 0.000000000000000000 ) ) ;
#1410 = CIRCLE ( 'NONE', #2584, 1.549999999999995826 ) ;
#1411 = DIRECTION ( 'NONE',  ( 0.000000000000000000, 0.000000000000000000, -1.000000000000000000 ) ) ;
#1412 = DIRECTION ( 'NONE',  ( -0.000000000000000000, -1.000000000000000000, -0.000000000000000000 ) ) ;
#1413 = DIRECTION ( 'NONE',  ( -0.000000000000000000, -1.000000000000000000, -0.000000000000000000 ) ) ;
#1414 = DIRECTION ( 'NONE',  ( 1.000000000000000000, -0.000000000000000000, 0.000000000000000000 ) ) ;
#1415 = EDGE_LOOP ( 'NONE', ( #3575, #1173, #4710, #4569 ) ) ;
#1416 = EDGE_CURVE ( 'NONE', #4184, #3232, #1982, .T. ) ;
#1417 = EDGE_LOOP ( 'NONE', ( #1304, #4263, #3373, #4806 ) ) ;
#1418 = CARTESIAN_POINT ( 'NONE',  ( -10.55000000000000071, -15.80000000000000071, 1.500000000000000000 ) ) ;
#1419 = CARTESIAN_POINT ( 'NONE',  ( -13.54999999999999893, -13.30000000000000071, 0.000000000000000000 ) ) ;
#1420 = CARTESIAN_POINT ( 'NONE',  ( -10.55000000000000071, -10.30000000000000071, -7.367025624959010749E-14 ) ) ;
#1421 = VECTOR ( 'NONE', #3983, 1000.000000000000000 ) ;
#1422 = AXIS2_PLACEMENT_3D ( 'NONE', #1873, #3759, #3712 ) ;
#1423 = CARTESIAN_POINT ( 'NONE',  ( -24.14583515557771420, 6.996578877477782399, -5.197076246009503249E-16 ) ) ;
#1424 = ORIENTED_EDGE ( 'NONE', *, *, #1352, .T. ) ;
#1425 = EDGE_LOOP ( 'NONE', ( #3986, #1772, #1296, #3136, #3840 ) ) ;
#1426 = ADVANCED_FACE ( 'NONE', ( #1378 ), #2549, .F. ) ;
#1427 = VECTOR ( 'NONE', #2387, 1000.000000000000000 ) ;
#1428 = ADVANCED_FACE ( 'NONE', ( #1745 ), #1033, .F. ) ;
#1429 = VERTEX_POINT ( 'NONE', #4016 ) ;
#1430 = ORIENTED_EDGE ( 'NONE', *, *, #1664, .T. ) ;
#1431 = DIRECTION ( 'NONE',  ( 1.000000000000000000, 0.000000000000000000, 0.000000000000000000 ) ) ;
#1432 = VECTOR ( 'NONE', #4822, 1000.000000000000000 ) ;
#1433 = DIRECTION ( 'NONE',  ( 0.000000000000000000, 0.000000000000000000, -1.000000000000000000 ) ) ;
#1434 = FILL_AREA_STYLE_COLOUR ( '', #3110 ) ;
#1435 = APPLICATION_CONTEXT ( 'automotive_design' ) ;
#1436 = PLANE ( 'NONE',  #2991 ) ;
#1437 = DIRECTION ( 'NONE',  ( -0.000000000000000000, 0.000000000000000000, -1.000000000000000000 ) ) ;
#1438 = CARTESIAN_POINT ( 'NONE',  ( -9.992656843561592339, 7.182549245871483024, 0.000000000000000000 ) ) ;
#1439 = CARTESIAN_POINT ( 'NONE',  ( -19.90210035005835110, 20.88667557965986177, 0.000000000000000000 ) ) ;
#1440 = ORIENTED_EDGE ( 'NONE', *, *, #3874, .T. ) ;
#1441 = ORIENTED_EDGE ( 'NONE', *, *, #358, .F. ) ;
#1442 = AXIS2_PLACEMENT_3D ( 'NONE', #4025, #3758, #437 ) ;
#1443 = VECTOR ( 'NONE', #870, 1000.000000000000000 ) ;
#1444 = CARTESIAN_POINT ( 'NONE',  ( -32.97918471982871580, 5.000000000000000000, -73.00649699858676911 ) ) ;
#1445 = SURFACE_SIDE_STYLE ('',( #2981 ) ) ;
#1446 = CARTESIAN_POINT ( 'NONE',  ( -10.17009838266490540, 5.000000000000000000, -53.02583778616920540 ) ) ;
#1447 = VERTEX_POINT ( 'NONE', #2913 ) ;
#1448 = EDGE_CURVE ( 'NONE', #1429, #2967, #4411, .T. ) ;
#1449 = CIRCLE ( 'NONE', #2231, 5.000000000000004441 ) ;
#1450 = CARTESIAN_POINT ( 'NONE',  ( -17.48771895889622741, 13.38752406167055575, 0.000000000000000000 ) ) ;
#1451 = EDGE_LOOP ( 'NONE', ( #3337, #2960, #3919, #2649 ) ) ;
#1452 = VECTOR ( 'NONE', #3002, 1000.000000000000000 ) ;
#1453 = ORIENTED_EDGE ( 'NONE', *, *, #2216, .T. ) ;
#1454 = EDGE_CURVE ( 'NONE', #629, #2739, #2177, .T. ) ;
#1455 = ORIENTED_EDGE ( 'NONE', *, *, #1120, .T. ) ;
#1456 = EDGE_CURVE ( 'NONE', #2899, #1105, #3009, .T. ) ;
#1457 = VERTEX_POINT ( 'NONE', #32 ) ;
#1458 = LINE ( 'NONE', #3031, #3713 ) ;
#1459 = AXIS2_PLACEMENT_3D ( 'NONE', #4234, #132, #1273 ) ;
#1460 = DIRECTION ( 'NONE',  ( 0.000000000000000000, 0.000000000000000000, 1.000000000000000000 ) ) ;
#1461 = CARTESIAN_POINT ( 'NONE',  ( -56.66726188957796495, 5.000000000000000000, -82.68822498223190109 ) ) ;
#1462 = B_SPLINE_CURVE_WITH_KNOTS ( 'NONE', 3,
 ( #1759, #2149, #4445, #3253, #2887, #1779, #4383, #1046, #1025, #3273, #695, #2905 ),
 .UNSPECIFIED., .F., .F.,
 ( 4, 1, 1, 1, 1, 1, 1, 1, 1, 4 ),
 ( 0.000000000000000000, 0.1997370386782031382, 0.3261119748736344137, 0.3939157550268472807, 0.4628473456101401817, 0.5502918942374745992, 0.6635105524481801353, 0.7774312957374458488, 0.8897888678394247908, 1.000000000000000000 ),
 .UNSPECIFIED. ) ;
#1463 = DIRECTION ( 'NONE',  ( -0.000000000000000000, -1.000000000000000000, -0.000000000000000000 ) ) ;
#1464 = CARTESIAN_POINT ( 'NONE',  ( -9.992656843561595892, 7.182549245871483912, 19.81888701299352462 ) ) ;
#1465 = FACE_OUTER_BOUND ( 'NONE', #665, .T. ) ;
#1466 = CARTESIAN_POINT ( 'NONE',  ( -33.33273811042190715, 5.000000000000000000, -57.80370120307600246 ) ) ;
#1467 = VERTEX_POINT ( 'NONE', #799 ) ;
#1468 = VERTEX_POINT ( 'NONE', #3405 ) ;
#1469 = CARTESIAN_POINT ( 'NONE',  ( -49.80210035005837454, -0.1774874432095528698, -3.661693929450588187E-15 ) ) ;
#1470 =( NAMED_UNIT ( * ) PLANE_ANGLE_UNIT ( ) SI_UNIT ( $, .RADIAN. ) );
#1471 = DIRECTION ( 'NONE',  ( -1.000000000000000000, 0.000000000000000000, 0.000000000000000000 ) ) ;
#1472 = ORIENTED_EDGE ( 'NONE', *, *, #2862, .F. ) ;
#1473 = LINE ( 'NONE', #3656, #4295 ) ;
#1474 = ORIENTED_EDGE ( 'NONE', *, *, #3338, .T. ) ;
#1475 = AXIS2_PLACEMENT_3D ( 'NONE', #3001, #3399, #4536 ) ;
#1476 = ORIENTED_EDGE ( 'NONE', *, *, #511, .F. ) ;
#1477 = ORIENTED_EDGE ( 'NONE', *, *, #4051, .F. ) ;
#1478 = VERTEX_POINT ( 'NONE', #1585 ) ;
#1479 = EDGE_CURVE ( 'NONE', #567, #2026, #2155, .T. ) ;
#1480 = CARTESIAN_POINT ( 'NONE',  ( -19.90210035005834754, -0.1774874432095528698, -29.90000000000001990 ) ) ;
#1481 = DIRECTION ( 'NONE',  ( -0.000000000000000000, 1.000000000000000000, -0.000000000000000000 ) ) ;
#1482 = CIRCLE ( 'NONE', #2725, 10.45000000000000462 ) ;
#1483 = MECHANICAL_DESIGN_GEOMETRIC_PRESENTATION_REPRESENTATION (  '', ( #3981 ), #2109 ) ;
#1484 = EDGE_CURVE ( 'NONE', #2841, #3999, #779, .T. ) ;
#1485 = AXIS2_PLACEMENT_3D ( 'NONE', #445, #1184, #4197 ) ;
#1486 = CYLINDRICAL_SURFACE ( 'NONE', #329, 1.599999999999997202 ) ;
#1487 = PLANE ( 'NONE',  #1256 ) ;
#1488 = CARTESIAN_POINT ( 'NONE',  ( 6.999999999999999112, 0.000000000000000000, -34.58380151290431570 ) ) ;
#1489 = DIRECTION ( 'NONE',  ( -1.000000000000000000, 0.000000000000000000, 0.000000000000000000 ) ) ;
#1490 = CARTESIAN_POINT ( 'NONE',  ( -19.90210035005835110, 3.340681043584106558, 0.000000000000000000 ) ) ;
#1491 = EDGE_LOOP ( 'NONE', ( #735, #3998, #3077, #434, #4833 ) ) ;
#1492 = ADVANCED_FACE ( 'NONE', ( #3028 ), #2250, .T. ) ;
#1493 = EDGE_CURVE ( 'NONE', #3232, #4184, #490, .T. ) ;
#1494 = LINE ( 'NONE', #2354, #173 ) ;
#1495 = CARTESIAN_POINT ( 'NONE',  ( 0.000000000000000000, -3.800000000000001155, 10.50000000000000533 ) ) ;
#1496 = DIRECTION ( 'NONE',  ( 0.7071067811865487940, 0.000000000000000000, 0.7071067811865463515 ) ) ;
#1497 = ORIENTED_EDGE ( 'NONE', *, *, #2342, .F. ) ;
#1498 = AXIS2_PLACEMENT_3D ( 'NONE', #1114, #4446, #1919 ) ;
#1499 = DIRECTION ( 'NONE',  ( -0.000000000000000000, 1.000000000000000000, -0.000000000000000000 ) ) ;
#1500 = ORIENTED_EDGE ( 'NONE', *, *, #3080, .F. ) ;
#1501 = ORIENTED_EDGE ( 'NONE', *, *, #2926, .F. ) ;
#1502 = ORIENTED_EDGE ( 'NONE', *, *, #2534, .T. ) ;
#1503 = EDGE_LOOP ( 'NONE', ( #2713, #4045 ) ) ;
#1504 = CARTESIAN_POINT ( 'NONE',  ( -9.500000000000000000, -2.315795280694863845, 0.000000000000000000 ) ) ;
#1505 = EDGE_CURVE ( 'NONE', #341, #65, #2611, .T. ) ;
#1506 = CIRCLE ( 'NONE', #3383, 8.450000000000004619 ) ;
#1507 = CARTESIAN_POINT ( 'NONE',  ( -50.00000000000001421, 5.000000000000000000, -44.80370120307598114 ) ) ;
#1508 = LINE ( 'NONE', #718, #896 ) ;
#1509 = AXIS2_PLACEMENT_3D ( 'NONE', #3847, #493, #95 ) ;
#1510 = DIRECTION ( 'NONE',  ( 0.000000000000000000, 1.000000000000000000, 0.000000000000000000 ) ) ;
#1511 = CARTESIAN_POINT ( 'NONE',  ( -56.66726188957796495, 5.000000000000000000, -87.13822498223191815 ) ) ;
#1512 = CYLINDRICAL_SURFACE ( 'NONE', #1475, 8.450000000000006395 ) ;
#1513 = DIRECTION ( 'NONE',  ( 0.000000000000000000, 0.000000000000000000, 1.000000000000000000 ) ) ;
#1514 = ORIENTED_EDGE ( 'NONE', *, *, #4207, .T. ) ;
#1515 = ORIENTED_EDGE ( 'NONE', *, *, #1839, .F. ) ;
#1516 = ADVANCED_FACE ( 'NONE', ( #3075 ), #4521, .F. ) ;
#1517 = CYLINDRICAL_SURFACE ( 'NONE', #3842, 8.500000000000003553 ) ;
#1518 = DIRECTION ( 'NONE',  ( 0.000000000000000000, 0.000000000000000000, -1.000000000000000000 ) ) ;
#1519 = ORIENTED_EDGE ( 'NONE', *, *, #2776, .F. ) ;
#1520 = VECTOR ( 'NONE', #838, 1000.000000000000114 ) ;
#1521 = CIRCLE ( 'NONE', #2372, 2.500000000000000444 ) ;
#1522 = UNCERTAINTY_MEASURE_WITH_UNIT (LENGTH_MEASURE( 1.000000000000000082E-05 ), #60, 'distance_accuracy_value', 'NONE');
#1523 = DIRECTION ( 'NONE',  ( 1.000000000000000000, 0.000000000000000000, 0.000000000000000000 ) ) ;
#1524 = VECTOR ( 'NONE', #3364, 1000.000000000000000 ) ;
#1525 = CYLINDRICAL_SURFACE ( 'NONE', #4142, 3.525000000000000355 ) ;
#1526 = ORIENTED_EDGE ( 'NONE', *, *, #3162, .T. ) ;
#1527 = ORIENTED_EDGE ( 'NONE', *, *, #4176, .F. ) ;
#1528 = AXIS2_PLACEMENT_3D ( 'NONE', #4731, #307, #3238 ) ;
#1529 = VERTEX_POINT ( 'NONE', #4153 ) ;
#1530 = CARTESIAN_POINT ( 'NONE',  ( -56.66726188957796495, 5.000000000000000000, -79.58822498223190678 ) ) ;
#1531 = CARTESIAN_POINT ( 'NONE',  ( -17.35341922837772444, 11.57534542638514274, 5.097362243361255985 ) ) ;
#1532 = DIRECTION ( 'NONE',  ( -6.982962677686266711E-15, 0.000000000000000000, 1.000000000000000000 ) ) ;
#1533 = DIRECTION ( 'NONE',  ( -6.982962677686270655E-15, 0.000000000000000000, 1.000000000000000000 ) ) ;
#1534 = CARTESIAN_POINT ( 'NONE',  ( 3.071322140848469218, 1.971306632855776453, 45.94684498181366195 ) ) ;
#1535 = DIRECTION ( 'NONE',  ( 0.000000000000000000, 0.000000000000000000, -1.000000000000000000 ) ) ;
#1536 = DIRECTION ( 'NONE',  ( -0.000000000000000000, -1.000000000000000000, -0.000000000000000000 ) ) ;
#1537 = ORIENTED_EDGE ( 'NONE', *, *, #984, .T. ) ;
#1538 = DIRECTION ( 'NONE',  ( 1.000000000000000000, 0.000000000000000000, 0.000000000000000000 ) ) ;
#1539 = DIRECTION ( 'NONE',  ( 0.000000000000000000, 0.000000000000000000, 1.000000000000000000 ) ) ;
#1540 = EDGE_CURVE ( 'NONE', #3245, #1670, #3158, .T. ) ;
#1541 = ORIENTED_EDGE ( 'NONE', *, *, #2121, .F. ) ;
#1542 = EDGE_CURVE ( 'NONE', #4506, #4778, #3354, .T. ) ;
#1543 = DIRECTION ( 'NONE',  ( 1.000000000000000000, 0.000000000000000000, 0.000000000000000000 ) ) ;
#1544 = CARTESIAN_POINT ( 'NONE',  ( -48.53553390593283723, 0.000000000000000000, -81.49177837282535108 ) ) ;
#1545 = VERTEX_POINT ( 'NONE', #1562 ) ;
#1546 = PRODUCT_RELATED_PRODUCT_CATEGORY ( 'part', '', ( #821 ) ) ;
#1547 = VERTEX_POINT ( 'NONE', #4083 ) ;
#1548 = EDGE_CURVE ( 'NONE', #220, #1360, #3808, .T. ) ;
#1549 = ORIENTED_EDGE ( 'NONE', *, *, #1200, .F. ) ;
#1550 = COLOUR_RGB ( '',0.7921568627450980005, 0.8196078431372548767, 0.9333333333333333481 ) ;
#1551 = CARTESIAN_POINT ( 'NONE',  ( -7.500000000000000000, -3.799999999999999822, -5.237222008264700033E-14 ) ) ;
#1552 = CARTESIAN_POINT ( 'NONE',  ( 13.54999999999999893, -13.30000000000000071, 1.500000000000000000 ) ) ;
#1553 = CYLINDRICAL_SURFACE ( 'NONE', #1599, 10.50000000000000533 ) ;
#1554 = VECTOR ( 'NONE', #572, 1000.000000000000000 ) ;
#1555 = CYLINDRICAL_SURFACE ( 'NONE', #2756, 4.999999999999997335 ) ;
#1556 = CARTESIAN_POINT ( 'NONE',  ( -33.24383501506019911, 5.452319956944943868, -1.633891265256780515E-15 ) ) ;
#1557 = FILL_AREA_STYLE_COLOUR ( '', #1550 ) ;
#1558 = FACE_OUTER_BOUND ( 'NONE', #3412, .T. ) ;
#1559 = DIRECTION ( 'NONE',  ( -0.000000000000000000, -1.000000000000000000, -0.000000000000000000 ) ) ;
#1560 = CARTESIAN_POINT ( 'NONE',  ( 16.00000000000000000, -9.525961875374001409, 1.500000000000000000 ) ) ;
#1561 = EDGE_CURVE ( 'NONE', #1670, #1003, #174, .T. ) ;
#1562 = CARTESIAN_POINT ( 'NONE',  ( -28.35210035005836104, 8.312075473978843831, -1.124191686217896244E-15 ) ) ;
#1563 = ORIENTED_EDGE ( 'NONE', *, *, #631, .T. ) ;
#1564 = UNCERTAINTY_MEASURE_WITH_UNIT (LENGTH_MEASURE( 1.000000000000000082E-05 ), #1122, 'distance_accuracy_value', 'NONE');
#1565 = VECTOR ( 'NONE', #1376, 1000.000000000000000 ) ;
#1566 = CARTESIAN_POINT ( 'NONE',  ( -30.28407840404760520, 1.747546292539036150, -1.271425619263600547E-15 ) ) ;
#1567 = EDGE_CURVE ( 'NONE', #1946, #3258, #2295, .T. ) ;
#1568 = VERTEX_POINT ( 'NONE', #3380 ) ;
#1569 = CIRCLE ( 'NONE', #1651, 1.500000000000001332 ) ;
#1570 = EDGE_LOOP ( 'NONE', ( #1396, #1869, #734, #1377 ) ) ;
#1571 = EDGE_CURVE ( 'NONE', #4502, #1822, #3469, .T. ) ;
#1572 = CARTESIAN_POINT ( 'NONE',  ( -2.389691460303893678, 0.8729443479809960715, -35.02481777950890773 ) ) ;
#1573 = CARTESIAN_POINT ( 'NONE',  ( -22.35210035005835394, 14.50106184802028331, 4.900000000000000355 ) ) ;
#1574 = FACE_OUTER_BOUND ( 'NONE', #3654, .T. ) ;
#1575 = EDGE_CURVE ( 'NONE', #2275, #4737, #4479, .T. ) ;
#1576 = AXIS2_PLACEMENT_3D ( 'NONE', #1915, #1532, #1157 ) ;
#1577 = DIRECTION ( 'NONE',  ( -1.000000000000000000, 0.000000000000000000, 0.000000000000000000 ) ) ;
#1578 = CARTESIAN_POINT ( 'NONE',  ( -19.90210035005834754, 24.63667557965986532, -15.99999999999999645 ) ) ;
#1579 = CARTESIAN_POINT ( 'NONE',  ( -13.54999999999999893, -13.30000000000000071, 0.000000000000000000 ) ) ;
#1580 = FACE_BOUND ( 'NONE', #153, .T. ) ;
#1581 = CARTESIAN_POINT ( 'NONE',  ( -38.75258818037606545, 0.1449029338955367396, -2.308518958376471876E-15 ) ) ;
#1582 = DIRECTION ( 'NONE',  ( -1.000000000000000000, 0.000000000000000000, 0.000000000000000000 ) ) ;
#1583 = VECTOR ( 'NONE', #1922, 1000.000000000000000 ) ;
#1584 =( LENGTH_UNIT ( ) NAMED_UNIT ( * ) SI_UNIT ( .MILLI., .METRE. ) );
#1585 = CARTESIAN_POINT ( 'NONE',  ( 8.500000000000003553, -8.849999999999992539, 0.000000000000000000 ) ) ;
#1586 = ORIENTED_EDGE ( 'NONE', *, *, #377, .F. ) ;
#1587 = ORIENTED_EDGE ( 'NONE', *, *, #705, .T. ) ;
#1588 = DIRECTION ( 'NONE',  ( 0.000000000000000000, 0.000000000000000000, 1.000000000000000000 ) ) ;
#1589 = DIRECTION ( 'NONE',  ( -0.000000000000000000, 1.000000000000000000, -0.000000000000000000 ) ) ;
#1590 = VERTEX_POINT ( 'NONE', #2228 ) ;
#1591 = AXIS2_PLACEMENT_3D ( 'NONE', #1070, #1806, #2519 ) ;
#1592 = ADVANCED_FACE ( 'NONE', ( #10 ), #4131, .F. ) ;
#1593 = ORIENTED_EDGE ( 'NONE', *, *, #2503, .F. ) ;
#1594 = ORIENTED_EDGE ( 'NONE', *, *, #1542, .F. ) ;
#1595 = CARTESIAN_POINT ( 'NONE',  ( -45.00000000000009237, 5.000000000000000000, -85.02731227875810305 ) ) ;
#1596 = ADVANCED_FACE ( 'NONE', ( #823, #2319 ), #2786, .T. ) ;
#1597 = CARTESIAN_POINT ( 'NONE',  ( -22.31648174122047479, 13.38752406167055398, 4.828762782324246494 ) ) ;
#1598 = CARTESIAN_POINT ( 'NONE',  ( -15.05000000000000071, -13.30000000000000071, 1.500000000000000000 ) ) ;
#1599 = AXIS2_PLACEMENT_3D ( 'NONE', #2610, #4096, #3043 ) ;
#1600 = CARTESIAN_POINT ( 'NONE',  ( -19.90210035005835110, 24.63667557965986177, -7.450000000000003730 ) ) ;
#1601 = LINE ( 'NONE', #1787, #3309 ) ;
#1602 = CARTESIAN_POINT ( 'NONE',  ( 13.54999999999999893, -13.30000000000000071, 1.500000000000000000 ) ) ;
#1603 = CARTESIAN_POINT ( 'NONE',  ( -0.4058158082745344508, 0.05478672904803285476, 4.775212491872315692E-15 ) ) ;
#1604 = DIRECTION ( 'NONE',  ( -0.000000000000000000, 1.000000000000000000, -0.000000000000000000 ) ) ;
#1605 = CARTESIAN_POINT ( 'NONE',  ( 0.000000000000000000, -16.35000000000000497, 0.000000000000000000 ) ) ;
#1606 = CARTESIAN_POINT ( 'NONE',  ( 0.000000000000000000, -8.849999999999996092, 10.50000000000000533 ) ) ;
#1607 = EDGE_CURVE ( 'NONE', #2880, #3287, #4640, .T. ) ;
#1608 = FACE_OUTER_BOUND ( 'NONE', #2499, .T. ) ;
#1609 = VECTOR ( 'NONE', #4264, 1000.000000000000000 ) ;
#1610 = ORIENTED_EDGE ( 'NONE', *, *, #3604, .F. ) ;
#1611 = VERTEX_POINT ( 'NONE', #1606 ) ;
#1612 = CARTESIAN_POINT ( 'NONE',  ( -21.43453026256791460, 0.3727565640246604528, -29.90185060153803320 ) ) ;
#1613 = DIRECTION ( 'NONE',  ( -1.000000000000000000, 0.000000000000000000, 0.000000000000000000 ) ) ;
#1614 = EDGE_LOOP ( 'NONE', ( #787, #3401 ) ) ;
#1615 = CARTESIAN_POINT ( 'NONE',  ( -10.17009838266490540, 0.000000000000000000, -53.02583778616920540 ) ) ;
#1616 = VERTEX_POINT ( 'NONE', #2439 ) ;
#1617 = ORIENTED_EDGE ( 'NONE', *, *, #3551, .F. ) ;
#1618 = LINE ( 'NONE', #858, #3475 ) ;
#1619 = DIRECTION ( 'NONE',  ( -0.7071067811865493491, 0.000000000000000000, -0.7071067811865456854 ) ) ;
#1620 = CARTESIAN_POINT ( 'NONE',  ( -33.33273811042190715, 5.000000000000000000, -59.35370120307606356 ) ) ;
#1621 = CARTESIAN_POINT ( 'NONE',  ( 3.071322140848481208, 1.971306632855776453, 0.000000000000000000 ) ) ;
#1622 = CIRCLE ( 'NONE', #4676, 8.500000000000003553 ) ;
#1623 = AXIS2_PLACEMENT_3D ( 'NONE', #1612, #1908, #1523 ) ;
#1624 = EDGE_CURVE ( 'NONE', #593, #2552, #4586, .T. ) ;
#1625 = DIRECTION ( 'NONE',  ( 0.000000000000000000, -1.000000000000000000, 0.000000000000000000 ) ) ;
#1626 = CARTESIAN_POINT ( 'NONE',  ( -19.90210035005835110, 8.312075473978843831, 0.000000000000000000 ) ) ;
#1627 = CARTESIAN_POINT ( 'NONE',  ( -8.500000000000003553, -16.35000000000000497, -5.935518276033329228E-14 ) ) ;
#1628 = CARTESIAN_POINT ( 'NONE',  ( -36.72679547922500376, 1.290109711048460062, 33.64939025833326980 ) ) ;
#1629 = AXIS2_PLACEMENT_3D ( 'NONE', #3276, #4077, #2520 ) ;
#1630 = DIRECTION ( 'NONE',  ( 0.000000000000000000, 1.000000000000000000, 0.000000000000000000 ) ) ;
#1631 = EDGE_CURVE ( 'NONE', #4475, #3245, #1283, .T. ) ;
#1632 = DIRECTION ( 'NONE',  ( 1.000000000000000000, 0.000000000000000000, -0.000000000000000000 ) ) ;
#1633 = DIRECTION ( 'NONE',  ( -1.000000000000000000, 0.000000000000000000, 0.000000000000000000 ) ) ;
#1634 = CARTESIAN_POINT ( 'NONE',  ( -13.54999999999999893, -10.80000000000000071, 1.500000000000000000 ) ) ;
#1635 = ADVANCED_FACE ( 'NONE', ( #2337 ), #2363, .T. ) ;
#1636 = EDGE_LOOP ( 'NONE', ( #4568, #3355 ) ) ;
#1637 = ORIENTED_EDGE ( 'NONE', *, *, #2677, .F. ) ;
#1638 = ADVANCED_FACE ( 'NONE', ( #2733 ), #4666, .F. ) ;
#1639 = PRESENTATION_LAYER_ASSIGNMENT (  '', '', ( #1018 ) ) ;
#1640 = CARTESIAN_POINT ( 'NONE',  ( -16.00000000000000000, -9.525961875374001409, 1.500000000000000000 ) ) ;
#1641 = ORIENTED_EDGE ( 'NONE', *, *, #3551, .T. ) ;
#1642 = DIRECTION ( 'NONE',  ( 0.000000000000000000, -1.000000000000000000, 0.000000000000000000 ) ) ;
#1643 = AXIS2_PLACEMENT_3D ( 'NONE', #3189, #4653, #3896 ) ;
#1644 = ORIENTED_EDGE ( 'NONE', *, *, #3735, .T. ) ;
#1645 = FACE_BOUND ( 'NONE', #1636, .T. ) ;
#1646 = DIRECTION ( 'NONE',  ( -0.000000000000000000, 1.000000000000000000, -0.000000000000000000 ) ) ;
#1647 = LINE ( 'NONE', #4629, #90 ) ;
#1648 = CARTESIAN_POINT ( 'NONE',  ( -46.91990187819500591, 0.001519591069921833555, -54.03560305627331672 ) ) ;
#1649 = ORIENTED_EDGE ( 'NONE', *, *, #3480, .F. ) ;
#1650 = CYLINDRICAL_SURFACE ( 'NONE', #571, 1.549999999999995826 ) ;
#1651 = AXIS2_PLACEMENT_3D ( 'NONE', #1602, #3824, #1257 ) ;
#1652 = CARTESIAN_POINT ( 'NONE',  ( -8.905498098111131355, 3.340681043584106558, 0.000000000000000000 ) ) ;
#1653 = CARTESIAN_POINT ( 'NONE',  ( -11.45210035005834293, 8.312075473978843831, 2.069653090559029289E-15 ) ) ;
#1654 = CARTESIAN_POINT ( 'NONE',  ( -37.41450923981282273, 0.8729443479809960715, 35.02481777950891484 ) ) ;
#1655 = DIRECTION ( 'NONE',  ( 0.000000000000000000, 0.000000000000000000, -1.000000000000000000 ) ) ;
#1656 = EDGE_CURVE ( 'NONE', #1750, #1032, #1756, .T. ) ;
#1657 = CARTESIAN_POINT ( 'NONE',  ( -48.53553390593283723, 5.000000000000000000, -81.49177837282535108 ) ) ;
#1658 = CARTESIAN_POINT ( 'NONE',  ( -19.90210035005834754, 0.000000000000000000, 19.90210035005835110 ) ) ;
#1659 = CYLINDRICAL_SURFACE ( 'NONE', #3894, 10.55000000000000071 ) ;
#1660 = DIRECTION ( 'NONE',  ( 0.000000000000000000, 0.000000000000000000, 1.000000000000000000 ) ) ;
#1661 = EDGE_LOOP ( 'NONE', ( #2626, #2066 ) ) ;
#1662 = ORIENTED_EDGE ( 'NONE', *, *, #3186, .F. ) ;
#1663 = CIRCLE ( 'NONE', #2210, 1.550000000000065103 ) ;
#1664 = EDGE_CURVE ( 'NONE', #1191, #1247, #2998, .T. ) ;
#1665 = FACE_BOUND ( 'NONE', #1404, .T. ) ;
#1666 = ORIENTED_EDGE ( 'NONE', *, *, #338, .F. ) ;
#1667 = DIRECTION ( 'NONE',  ( -1.000000000000000000, 0.000000000000000000, 0.000000000000000000 ) ) ;
#1668 =( BOUNDED_SURFACE ( )  B_SPLINE_SURFACE ( 3, 3, ( 
 ( #3372, #1142, #2636, #1163 ),
 ( #2660, #397, #29, #1681 ),
 ( #4219, #1628, #3440, #894 ),
 ( #469, #1654, #867, #1962 ),
 ( #2806, #2385, #3466, #4196 ),
 ( #1581, #842, #97, #3826 ),
 ( #170, #3072, #2358, #1603 ),
 ( #3145, #4562, #3119, #4610 ) ),
 .UNSPECIFIED., .F., .F., .F. ) 
 B_SPLINE_SURFACE_WITH_KNOTS ( ( 4, 1, 1, 1, 1, 4 ),
 ( 4, 4 ),
 ( 0.000000000000000000, 0.2590864190816864476, 0.3949345011034242625, 0.5592166308916470818, 0.7114141871853519872, 1.000000000000000000 ),
 ( 0.000000000000000000, 1.000000000000000000 ),
 .UNSPECIFIED. ) 
 GEOMETRIC_REPRESENTATION_ITEM ( )  RATIONAL_B_SPLINE_SURFACE ( (
 ( 1.000000000000000000, 0.3333333333333334259, 0.3333333333333334259, 1.000000000000000000),
 ( 1.000000000000000000, 0.3333333333333334259, 0.3333333333333334259, 1.000000000000000000),
 ( 1.000000000000000000, 0.3333333333333334259, 0.3333333333333334259, 1.000000000000000000),
 ( 1.000000000000000000, 0.3333333333333334259, 0.3333333333333334259, 1.000000000000000000),
 ( 1.000000000000000000, 0.3333333333333334259, 0.3333333333333334259, 1.000000000000000000),
 ( 1.000000000000000000, 0.3333333333333334259, 0.3333333333333334259, 1.000000000000000000),
 ( 1.000000000000000000, 0.3333333333333334259, 0.3333333333333334259, 1.000000000000000000),
 ( 1.000000000000000000, 0.3333333333333334259, 0.3333333333333334259, 1.000000000000000000) ) ) 
 REPRESENTATION_ITEM ( '' )  SURFACE ( )  );
#1669 = ORIENTED_EDGE ( 'NONE', *, *, #1068, .T. ) ;
#1670 = VERTEX_POINT ( 'NONE', #1658 ) ;
#1671 = DIRECTION ( 'NONE',  ( 0.000000000000000000, 0.000000000000000000, -1.000000000000000000 ) ) ;
#1672 = DIRECTION ( 'NONE',  ( 0.000000000000000000, 0.000000000000000000, 1.000000000000000000 ) ) ;
#1673 = CARTESIAN_POINT ( 'NONE',  ( -16.00000000000000000, -7.025961875374001409, 0.000000000000000000 ) ) ;
#1674 = CARTESIAN_POINT ( 'NONE',  ( -42.87552284096518207, 1.971306632855776453, -45.94684498181365484 ) ) ;
#1675 = AXIS2_PLACEMENT_3D ( 'NONE', #2006, #2746, #3899 ) ;
#1676 = AXIS2_PLACEMENT_3D ( 'NONE', #4178, #2597, #56 ) ;
#1677 = VERTEX_POINT ( 'NONE', #4223 ) ;
#1678 = DIRECTION ( 'NONE',  ( 0.000000000000000000, 0.000000000000000000, -1.000000000000000000 ) ) ;
#1679 = CARTESIAN_POINT ( 'NONE',  ( 10.55000000000000071, -15.80000000000000071, 1.500000000000000000 ) ) ;
#1680 = CARTESIAN_POINT ( 'NONE',  ( -28.35210035005836815, 8.312075473978843831, 16.90000000000001634 ) ) ;
#1681 = CARTESIAN_POINT ( 'NONE',  ( -3.588477383490467965, 1.538759491240390131, 3.995685229700820677E-15 ) ) ;
#1682 = CARTESIAN_POINT ( 'NONE',  ( 0.000000000000000000, 0.000000000000000000, 0.000000000000000000 ) ) ;
#1683 = VECTOR ( 'NONE', #1309, 1000.000000000000000 ) ;
#1684 = CYLINDRICAL_SURFACE ( 'NONE', #3234, 20.00000000000000355 ) ;
#1685 = DIRECTION ( 'NONE',  ( 0.000000000000000000, 0.000000000000000000, 1.000000000000000000 ) ) ;
#1686 = CARTESIAN_POINT ( 'NONE',  ( -33.33273811042200663, 0.000000000000000000, -81.13822498223208868 ) ) ;
#1687 = CARTESIAN_POINT ( 'NONE',  ( 4.316879966994419987E-16, 0.000000000000000000, -3.524999999999999911 ) ) ;
#1688 = ORIENTED_EDGE ( 'NONE', *, *, #2876, .F. ) ;
#1689 = ORIENTED_EDGE ( 'NONE', *, *, #1145, .F. ) ;
#1690 = EDGE_CURVE ( 'NONE', #3555, #4588, #2415, .T. ) ;
#1691 = VECTOR ( 'NONE', #2449, 1000.000000000000000 ) ;
#1692 = CARTESIAN_POINT ( 'NONE',  ( -16.00000000000000000, -7.025961875374001409, 0.000000000000000000 ) ) ;
#1693 = ORIENTED_EDGE ( 'NONE', *, *, #403, .F. ) ;
#1694 = CARTESIAN_POINT ( 'NONE',  ( -7.500000000000000000, 0.000000000000000000, -5.237222008264700033E-14 ) ) ;
#1695 = EDGE_CURVE ( 'NONE', #4436, #1468, #3200, .T. ) ;
#1696 = ORIENTED_EDGE ( 'NONE', *, *, #2258, .F. ) ;
#1697 = CARTESIAN_POINT ( 'NONE',  ( -45.00000000000002132, 5.000000000000000000, -46.40370120307597546 ) ) ;
#1698 = CARTESIAN_POINT ( 'NONE',  ( -11.66726188957807331, 0.000000000000000000, 11.66726188957802890 ) ) ;
#1699 = LINE ( 'NONE', #2035, #258 ) ;
#1700 = EDGE_CURVE ( 'NONE', #4161, #3766, #3149, .T. ) ;
#1701 = EDGE_LOOP ( 'NONE', ( #3996, #4764, #3868, #4488, #3311, #1094 ) ) ;
#1702 = ORIENTED_EDGE ( 'NONE', *, *, #2086, .T. ) ;
#1703 = DIRECTION ( 'NONE',  ( 0.000000000000000000, 1.000000000000000000, 0.000000000000000000 ) ) ;
#1704 = CARTESIAN_POINT ( 'NONE',  ( 20.00000000000000000, -3.799999999999999378, 0.000000000000000000 ) ) ;
#1705 = CARTESIAN_POINT ( 'NONE',  ( -10.07889787202729792, 7.229776570311008399, 19.64640495606211701 ) ) ;
#1706 = CARTESIAN_POINT ( 'NONE',  ( -13.00000000000000178, -4.525961875374001409, 1.500000000000000000 ) ) ;
#1707 = CARTESIAN_POINT ( 'NONE',  ( -45.00000000000009237, 5.000000000000000000, -85.02731227875810305 ) ) ;
#1708 = EDGE_CURVE ( 'NONE', #4233, #912, #4019, .T. ) ;
#1709 = VECTOR ( 'NONE', #4662, 1000.000000000000000 ) ;
#1710 = CARTESIAN_POINT ( 'NONE',  ( -19.90210035005835110, 1.740681043584102472, -10.99660225194722152 ) ) ;
#1711 = CARTESIAN_POINT ( 'NONE',  ( 0.000000000000000000, 26.14942490415070253, 10.55000000000000071 ) ) ;
#1712 = DIRECTION ( 'NONE',  ( 0.000000000000000000, 0.000000000000000000, -1.000000000000000000 ) ) ;
#1713 = DIRECTION ( 'NONE',  ( -0.000000000000000000, 1.000000000000000000, -0.000000000000000000 ) ) ;
#1714 = ORIENTED_EDGE ( 'NONE', *, *, #4086, .T. ) ;
#1715 = EDGE_LOOP ( 'NONE', ( #604, #4354, #2115, #1015 ) ) ;
#1716 = EDGE_CURVE ( 'NONE', #1105, #1284, #922, .T. ) ;
#1717 = APPLICATION_CONTEXT ( 'automotive_design' ) ;
#1718 = DIRECTION ( 'NONE',  ( 1.000000000000000000, 0.000000000000000000, 0.000000000000000000 ) ) ;
#1719 = VERTEX_POINT ( 'NONE', #2811 ) ;
#1720 = CARTESIAN_POINT ( 'NONE',  ( -11.66726188957807331, -3.799999999999999822, 13.16726188957803068 ) ) ;
#1721 = AXIS2_PLACEMENT_3D ( 'NONE', #1028, #2908, #2493 ) ;
#1722 = CIRCLE ( 'NONE', #618, 3.525000000000000355 ) ;
#1723 = ORIENTED_EDGE ( 'NONE', *, *, #4322, .T. ) ;
#1724 = ADVANCED_FACE ( 'NONE', ( #3910 ), #1966, .F. ) ;
#1725 = CIRCLE ( 'NONE', #3603, 1.549999999999995826 ) ;
#1726 = LINE ( 'NONE', #2089, #707 ) ;
#1727 = LINE ( 'NONE', #2477, #3838 ) ;
#1728 = CARTESIAN_POINT ( 'NONE',  ( -8.905498098111131355, 1.740681043584102472, 2.693390749868748172E-15 ) ) ;
#1729 = EDGE_LOOP ( 'NONE', ( #1061, #4546, #2627, #2233 ) ) ;
#1730 = ADVANCED_FACE ( 'NONE', ( #499 ), #3496, .F. ) ;
#1731 = ORIENTED_EDGE ( 'NONE', *, *, #1207, .F. ) ;
#1732 = DIRECTION ( 'NONE',  ( 1.000000000000000000, -1.239088197126291063E-16, 6.982962677686267499E-15 ) ) ;
#1733 = DIRECTION ( 'NONE',  ( -0.000000000000000000, 1.000000000000000000, -0.000000000000000000 ) ) ;
#1734 = DIRECTION ( 'NONE',  ( 0.000000000000000000, 0.000000000000000000, -1.000000000000000000 ) ) ;
#1735 = AXIS2_PLACEMENT_3D ( 'NONE', #793, #2974, #3762 ) ;
#1736 = CYLINDRICAL_SURFACE ( 'NONE', #159, 8.000000000000000000 ) ;
#1737 = DIRECTION ( 'NONE',  ( -0.000000000000000000, -1.000000000000000000, -0.000000000000000000 ) ) ;
#1738 = PLANE ( 'NONE',  #4592 ) ;
#1739 = CARTESIAN_POINT ( 'NONE',  ( 14.49999999999999822, -7.025961875374001409, 0.000000000000000000 ) ) ;
#1740 = EDGE_LOOP ( 'NONE', ( #435, #4010, #1911, #3816 ) ) ;
#1741 = ORIENTED_EDGE ( 'NONE', *, *, #701, .F. ) ;
#1742 = VECTOR ( 'NONE', #4321, 1000.000000000000000 ) ;
#1743 = DIRECTION ( 'NONE',  ( 0.000000000000000000, -0.000000000000000000, -1.000000000000000000 ) ) ;
#1744 = ORIENTED_EDGE ( 'NONE', *, *, #3010, .T. ) ;
#1745 = FACE_OUTER_BOUND ( 'NONE', #1333, .T. ) ;
#1746 = VECTOR ( 'NONE', #4668, 1000.000000000000000 ) ;
#1747 = ORIENTED_EDGE ( 'NONE', *, *, #553, .T. ) ;
#1748 = CARTESIAN_POINT ( 'NONE',  ( 0.000000000000000000, -3.799999999999998046, 20.00000000000000000 ) ) ;
#1749 = VERTEX_POINT ( 'NONE', #4614 ) ;
#1750 = VERTEX_POINT ( 'NONE', #947 ) ;
#1751 = DIRECTION ( 'NONE',  ( 0.000000000000000000, -1.000000000000000000, 0.000000000000000000 ) ) ;
#1752 = EDGE_CURVE ( 'NONE', #4137, #261, #969, .T. ) ;
#1753 = CARTESIAN_POINT ( 'NONE',  ( -33.33273811042200663, 5.000000000000000000, -79.58822498223209152 ) ) ;
#1754 = DIRECTION ( 'NONE',  ( 0.000000000000000000, 1.000000000000000000, 0.000000000000000000 ) ) ;
#1755 = VECTOR ( 'NONE', #2853, 1000.000000000000000 ) ;
#1756 = CIRCLE ( 'NONE', #4168, 29.90000000000001634 ) ;
#1757 = LINE ( 'NONE', #3174, #3037 ) ;
#1758 = VECTOR ( 'NONE', #1847, 1000.000000000000000 ) ;
#1759 = CARTESIAN_POINT ( 'NONE',  ( -22.35210035005835394, 14.50106184802028153, -3.000384657911015863E-16 ) ) ;
#1760 = DIRECTION ( 'NONE',  ( 1.000000000000000000, 0.000000000000000000, 0.000000000000000000 ) ) ;
#1761 = DIRECTION ( 'NONE',  ( 0.000000000000000000, 0.000000000000000000, 1.000000000000000000 ) ) ;
#1762 = CYLINDRICAL_SURFACE ( 'NONE', #2332, 2.450000000000000622 ) ;
#1763 = ORIENTED_EDGE ( 'NONE', *, *, #2730, .T. ) ;
#1764 = ORIENTED_EDGE ( 'NONE', *, *, #3834, .T. ) ;
#1765 = AXIS2_PLACEMENT_3D ( 'NONE', #2107, #2500, #4454 ) ;
#1766 = CARTESIAN_POINT ( 'NONE',  ( 11.66726188957801291, -3.799999999999999822, 13.16726188957805910 ) ) ;
#1767 = DIRECTION ( 'NONE',  ( -0.000000000000000000, -1.000000000000000000, -0.000000000000000000 ) ) ;
#1768 = ORIENTED_EDGE ( 'NONE', *, *, #2677, .T. ) ;
#1769 = CARTESIAN_POINT ( 'NONE',  ( -3.588477383490469741, 1.538759491240390131, 0.000000000000000000 ) ) ;
#1770 = CARTESIAN_POINT ( 'NONE',  ( -29.81154385655511518, 7.182549245871483024, -1.213556827156278238E-15 ) ) ;
#1771 = EDGE_LOOP ( 'NONE', ( #3892, #4417, #1763, #7 ) ) ;
#1772 = ORIENTED_EDGE ( 'NONE', *, *, #2342, .T. ) ;
#1773 = ORIENTED_EDGE ( 'NONE', *, *, #1548, .F. ) ;
#1774 = DIRECTION ( 'NONE',  ( 0.000000000000000000, 0.000000000000000000, 1.000000000000000000 ) ) ;
#1775 = DIRECTION ( 'NONE',  ( 1.000000000000000000, -0.000000000000000000, -0.000000000000000000 ) ) ;
#1776 = CARTESIAN_POINT ( 'NONE',  ( -33.33273811042200663, 5.000000000000000000, -81.13822498223208868 ) ) ;
#1777 = CARTESIAN_POINT ( 'NONE',  ( 11.66726188957801291, 0.000000000000000000, 13.16726188957805910 ) ) ;
#1778 = APPLICATION_CONTEXT ( 'automotive_design' ) ;
#1779 = CARTESIAN_POINT ( 'NONE',  ( -24.14583515557771420, 6.996578877477782399, -5.197076246009503249E-16 ) ) ;
#1780 = DIRECTION ( 'NONE',  ( 0.000000000000000000, 0.000000000000000000, 1.000000000000000000 ) ) ;
#1781 = FILL_AREA_STYLE ('',( #2615 ) ) ;
#1782 = FACE_OUTER_BOUND ( 'NONE', #1701, .T. ) ;
#1783 = ORIENTED_EDGE ( 'NONE', *, *, #1060, .T. ) ;
#1784 = VERTEX_POINT ( 'NONE', #3297 ) ;
#1785 = AXIS2_PLACEMENT_3D ( 'NONE', #2883, #3978, #621 ) ;
#1786 = AXIS2_PLACEMENT_3D ( 'NONE', #4182, #1588, #1543 ) ;
#1787 = CARTESIAN_POINT ( 'NONE',  ( -45.00000000000002132, 5.000000000000000000, -74.47096309265403136 ) ) ;
#1788 = EDGE_CURVE ( 'NONE', #4241, #3917, #4719, .T. ) ;
#1789 = ORIENTED_EDGE ( 'NONE', *, *, #1947, .T. ) ;
#1790 = DIRECTION ( 'NONE',  ( -1.000000000000000000, 0.000000000000000000, 0.000000000000000000 ) ) ;
#1791 = ADVANCED_FACE ( 'NONE', ( #4360 ), #1389, .T. ) ;
#1792 = AXIS2_PLACEMENT_3D ( 'NONE', #1071, #3323, #4472 ) ;
#1793 = VECTOR ( 'NONE', #1941, 1000.000000000000000 ) ;
#1794 = EDGE_CURVE ( 'NONE', #4187, #4785, #4342, .T. ) ;
#1795 = CARTESIAN_POINT ( 'NONE',  ( -15.65836554453899154, 6.996578877477782399, -8.487469611038722661 ) ) ;
#1796 = ORIENTED_EDGE ( 'NONE', *, *, #358, .T. ) ;
#1797 = AXIS2_PLACEMENT_3D ( 'NONE', #208, #1998, #2393 ) ;
#1798 = ORIENTED_EDGE ( 'NONE', *, *, #3553, .F. ) ;
#1799 = ORIENTED_EDGE ( 'NONE', *, *, #4159, .F. ) ;
#1800 = ORIENTED_EDGE ( 'NONE', *, *, #3814, .F. ) ;
#1801 = DIRECTION ( 'NONE',  ( -1.000000000000000000, 0.000000000000000000, -0.000000000000000000 ) ) ;
#1802 = DIRECTION ( 'NONE',  ( 0.000000000000000000, -1.000000000000000000, 0.000000000000000000 ) ) ;
#1803 = AXIS2_PLACEMENT_3D ( 'NONE', #3164, #1014, #2796 ) ;
#1804 = DIRECTION ( 'NONE',  ( -0.000000000000000000, 1.000000000000000000, -0.000000000000000000 ) ) ;
#1805 = EDGE_CURVE ( 'NONE', #685, #1749, #1521, .T. ) ;
#1806 = DIRECTION ( 'NONE',  ( 0.000000000000000000, 1.000000000000000000, 0.000000000000000000 ) ) ;
#1807 = CARTESIAN_POINT ( 'NONE',  ( -60.90990257669725594, 5.000000000000000000, -76.89558429511261295 ) ) ;
#1808 = VERTEX_POINT ( 'NONE', #2542 ) ;
#1809 = ORIENTED_EDGE ( 'NONE', *, *, #1493, .T. ) ;
#1810 = SHAPE_REPRESENTATION ( 'Hind Leg', ( #2010, #212, #2715, #1623, #3665 ), #289 ) ;
#1811 = DIRECTION ( 'NONE',  ( 1.213920559676066161E-16, -0.1320627300026313011, 0.9912413607917358593 ) ) ;
#1812 = ADVANCED_FACE ( 'NONE', ( #2562 ), #696, .F. ) ;
#1813 = CARTESIAN_POINT ( 'NONE',  ( -3.902100350058355982, 1.740681043584102472, 0.000000000000000000 ) ) ;
#1814 = ORIENTED_EDGE ( 'NONE', *, *, #3162, .F. ) ;
#1815 = EDGE_CURVE ( 'NONE', #4774, #3266, #2906, .T. ) ;
#1816 = VECTOR ( 'NONE', #4049, 1000.000000000000000 ) ;
#1817 = UNCERTAINTY_MEASURE_WITH_UNIT (LENGTH_MEASURE( 1.000000000000000082E-05 ), #3676, 'distance_accuracy_value', 'NONE');
#1818 = CARTESIAN_POINT ( 'NONE',  ( -16.91237785685256867, 9.407438995575475360, -5.979444986411562191 ) ) ;
#1819 = VERTEX_POINT ( 'NONE', #3254 ) ;
#1820 = ORIENTED_EDGE ( 'NONE', *, *, #4229, .F. ) ;
#1821 = ORIENTED_EDGE ( 'NONE', *, *, #673, .F. ) ;
#1822 = VERTEX_POINT ( 'NONE', #4007 ) ;
#1823 = PLANE ( 'NONE',  #1834 ) ;
#1824 = CIRCLE ( 'NONE', #3388, 7.500000000000000000 ) ;
#1825 = LINE ( 'NONE', #671, #4289 ) ;
#1826 = DIRECTION ( 'NONE',  ( 0.000000000000000000, 0.000000000000000000, 1.000000000000000000 ) ) ;
#1827 = AXIS2_PLACEMENT_3D ( 'NONE', #71, #3489, #439 ) ;
#1828 = CARTESIAN_POINT ( 'NONE',  ( 0.000000000000000000, -10.30000000000000426, 10.55000000000000071 ) ) ;
#1829 = DIRECTION ( 'NONE',  ( -0.000000000000000000, 1.000000000000000000, -0.000000000000000000 ) ) ;
#1830 = DIRECTION ( 'NONE',  ( -0.000000000000000000, -1.000000000000000000, -0.000000000000000000 ) ) ;
#1831 = CYLINDRICAL_SURFACE ( 'NONE', #4570, 1.500000000000001332 ) ;
#1832 = ORIENTED_EDGE ( 'NONE', *, *, #172, .F. ) ;
#1833 = VERTEX_POINT ( 'NONE', #4032 ) ;
#1834 = AXIS2_PLACEMENT_3D ( 'NONE', #4024, #1801, #2994 ) ;
#1835 = CARTESIAN_POINT ( 'NONE',  ( -46.91990187819502012, 0.001519591069921833338, -3.308726416143103116E-15 ) ) ;
#1836 = CARTESIAN_POINT ( 'NONE',  ( -19.90210035005835110, 15.88667557965986177, 8.450000000000004619 ) ) ;
#1837 = DIRECTION ( 'NONE',  ( 0.000000000000000000, 1.000000000000000000, 0.000000000000000000 ) ) ;
#1838 = ORIENTED_EDGE ( 'NONE', *, *, #4831, .T. ) ;
#1839 = EDGE_CURVE ( 'NONE', #4527, #4363, #3767, .T. ) ;
#1840 = CARTESIAN_POINT ( 'NONE',  ( -22.35210035005835394, 14.50106184802028331, -4.900000000000000355 ) ) ;
#1841 = ORIENTED_EDGE ( 'NONE', *, *, #270, .F. ) ;
#1842 = VECTOR ( 'NONE', #1920, 999.9999999999998863 ) ;
#1843 = EDGE_CURVE ( 'NONE', #2545, #3350, #2123, .T. ) ;
#1844 = VERTEX_POINT ( 'NONE', #2191 ) ;
#1845 = ORIENTED_EDGE ( 'NONE', *, *, #1927, .F. ) ;
#1846 = VERTEX_POINT ( 'NONE', #3693 ) ;
#1847 = DIRECTION ( 'NONE',  ( -0.000000000000000000, -1.000000000000000000, -0.000000000000000000 ) ) ;
#1848 = VECTOR ( 'NONE', #516, 1000.000000000000000 ) ;
#1849 = PRODUCT_RELATED_PRODUCT_CATEGORY ( 'part', '', ( #4221 ) ) ;
#1850 = CARTESIAN_POINT ( 'NONE',  ( 16.00000000000000000, -7.025961875374001409, 0.000000000000000000 ) ) ;
#1851 = DIRECTION ( 'NONE',  ( 0.000000000000000000, 0.000000000000000000, 1.000000000000000000 ) ) ;
#1852 = ADVANCED_FACE ( 'NONE', ( #4384 ), #227, .T. ) ;
#1853 = FACE_OUTER_BOUND ( 'NONE', #4416, .T. ) ;
#1854 = CARTESIAN_POINT ( 'NONE',  ( -29.81154385655511874, 7.182549245871483912, 19.81888701299351752 ) ) ;
#1855 = CARTESIAN_POINT ( 'NONE',  ( 3.071322140848481208, 1.971306632855776453, 0.000000000000000000 ) ) ;
#1856 = LINE ( 'NONE', #3347, #1452 ) ;
#1857 = ORIENTED_EDGE ( 'NONE', *, *, #1788, .F. ) ;
#1858 = ORIENTED_EDGE ( 'NONE', *, *, #4143, .T. ) ;
#1859 = CARTESIAN_POINT ( 'NONE',  ( 9.500000000000005329, -13.85000000000000320, 0.000000000000000000 ) ) ;
#1860 = CYLINDRICAL_SURFACE ( 'NONE', #219, 2.500000000000000444 ) ;
#1861 = CARTESIAN_POINT ( 'NONE',  ( -50.00000000000001421, 0.000000000000000000, -44.80370120307598114 ) ) ;
#1862 = ORIENTED_EDGE ( 'NONE', *, *, #3036, .T. ) ;
#1863 = EDGE_CURVE ( 'NONE', #585, #4080, #4467, .T. ) ;
#1864 = UNCERTAINTY_MEASURE_WITH_UNIT (LENGTH_MEASURE( 1.000000000000000082E-05 ), #1584, 'distance_accuracy_value', 'NONE');
#1865 = CARTESIAN_POINT ( 'NONE',  ( 11.66726188957801291, -3.799999999999999822, 11.66726188957805910 ) ) ;
#1866 = ORIENTED_EDGE ( 'NONE', *, *, #2791, .T. ) ;
#1867 = VECTOR ( 'NONE', #177, 999.9999999999998863 ) ;
#1868 = EDGE_LOOP ( 'NONE', ( #308, #747, #3302, #1514, #1693 ) ) ;
#1869 = ORIENTED_EDGE ( 'NONE', *, *, #4591, .F. ) ;
#1870 = ORIENTED_EDGE ( 'NONE', *, *, #2862, .T. ) ;
#1871 = LINE ( 'NONE', #1530, #1758 ) ;
#1872 = CARTESIAN_POINT ( 'NONE',  ( -23.51355918777477072, 8.074421660968079451, 7.222917675432834805 ) ) ;
#1873 = CARTESIAN_POINT ( 'NONE',  ( -19.90210035005835110, 20.88667557965986177, 0.000000000000000000 ) ) ;
#1874 = AXIS2_PLACEMENT_3D ( 'NONE', #628, #1414, #653 ) ;
#1875 = EDGE_CURVE ( 'NONE', #3582, #2962, #4150, .T. ) ;
#1876 = AXIS2_PLACEMENT_3D ( 'NONE', #844, #1233, #3518 ) ;
#1877 = LINE ( 'NONE', #2266, #2678 ) ;
#1878 = FACE_OUTER_BOUND ( 'NONE', #3733, .T. ) ;
#1879 = CARTESIAN_POINT ( 'NONE',  ( 0.000000000000000000, -8.849999999999996092, 0.000000000000000000 ) ) ;
#1880 = DIRECTION ( 'NONE',  ( 0.000000000000000000, 1.000000000000000000, 0.000000000000000000 ) ) ;
#1881 = ORIENTED_EDGE ( 'NONE', *, *, #4685, .T. ) ;
#1882 = ORIENTED_EDGE ( 'NONE', *, *, #4294, .F. ) ;
#1883 = AXIS2_PLACEMENT_3D ( 'NONE', #4574, #2744, #135 ) ;
#1884 = DIRECTION ( 'NONE',  ( 0.000000000000000000, 0.000000000000000000, 1.000000000000000000 ) ) ;
#1885 = CARTESIAN_POINT ( 'NONE',  ( -19.90210035005835110, 0.000000000000000000, 0.000000000000000000 ) ) ;
#1886 = VERTEX_POINT ( 'NONE', #2889 ) ;
#1887 = CARTESIAN_POINT ( 'NONE',  ( 0.000000000000000000, -3.800000000000001155, 7.500000000000000000 ) ) ;
#1888 = ORIENTED_EDGE ( 'NONE', *, *, #4260, .T. ) ;
#1889 = ORIENTED_EDGE ( 'NONE', *, *, #3811, .T. ) ;
#1890 = ORIENTED_EDGE ( 'NONE', *, *, #4463, .F. ) ;
#1891 = ORIENTED_EDGE ( 'NONE', *, *, #2503, .T. ) ;
#1892 = DIRECTION ( 'NONE',  ( 0.7071067811865474617, 0.000000000000000000, -0.7071067811865474617 ) ) ;
#1893 = VECTOR ( 'NONE', #3443, 1000.000000000000000 ) ;
#1894 = DIRECTION ( 'NONE',  ( -0.000000000000000000, 1.000000000000000000, -0.000000000000000000 ) ) ;
#1895 = DIRECTION ( 'NONE',  ( 0.000000000000000000, 1.000000000000000000, 0.000000000000000000 ) ) ;
#1896 = AXIS2_PLACEMENT_3D ( 'NONE', #4708, #4642, #3935 ) ;
#1897 = CYLINDRICAL_SURFACE ( 'NONE', #4160, 2.500000000000000444 ) ;
#1898 = CARTESIAN_POINT ( 'NONE',  ( -19.90210035005835110, 8.312075473978843831, 0.000000000000000000 ) ) ;
#1899 = DIRECTION ( 'NONE',  ( 0.000000000000000000, 0.000000000000000000, -1.000000000000000000 ) ) ;
#1900 = ORIENTED_EDGE ( 'NONE', *, *, #764, .F. ) ;
#1901 = ORIENTED_EDGE ( 'NONE', *, *, #1975, .F. ) ;
#1902 = PRESENTATION_STYLE_ASSIGNMENT (( #3807 ) ) ;
#1903 = DIRECTION ( 'NONE',  ( 0.7071067811865469066, 0.000000000000000000, -0.7071067811865482389 ) ) ;
#1904 = VERTEX_POINT ( 'NONE', #1342 ) ;
#1905 = CIRCLE ( 'NONE', #3157, 0.7500000000000006661 ) ;
#1906 = AXIS2_PLACEMENT_3D ( 'NONE', #4541, #1518, #3007 ) ;
#1907 = EDGE_CURVE ( 'NONE', #2962, #1467, #2837, .T. ) ;
#1908 = DIRECTION ( 'NONE',  ( 0.000000000000000000, 0.000000000000000000, 1.000000000000000000 ) ) ;
#1909 = CARTESIAN_POINT ( 'NONE',  ( -13.54999999999999893, -13.30000000000000071, 1.500000000000000000 ) ) ;
#1910 = VERTEX_POINT ( 'NONE', #2125 ) ;
#1911 = ORIENTED_EDGE ( 'NONE', *, *, #1863, .F. ) ;
#1912 = ORIENTED_EDGE ( 'NONE', *, *, #539, .T. ) ;
#1913 = DIRECTION ( 'NONE',  ( 0.000000000000000000, -0.000000000000000000, -1.000000000000000000 ) ) ;
#1914 = CARTESIAN_POINT ( 'NONE',  ( -19.90210035005835110, 24.63667557965986532, 0.000000000000000000 ) ) ;
#1915 = CARTESIAN_POINT ( 'NONE',  ( -9.500000000000000000, -2.315795280694863845, -6.633814543801952113E-14 ) ) ;
#1916 = ADVANCED_FACE ( 'NONE', ( #2465 ), #3623, .F. ) ;
#1917 = CIRCLE ( 'NONE', #4110, 1.599999999999997202 ) ;
#1918 = DIRECTION ( 'NONE',  ( 0.000000000000000000, -1.000000000000000000, 0.000000000000000000 ) ) ;
#1919 = DIRECTION ( 'NONE',  ( 1.000000000000000000, 0.000000000000000000, 6.982962677686251722E-15 ) ) ;
#1920 = DIRECTION ( 'NONE',  ( 0.7071067811865487940, 0.000000000000000000, 0.7071067811865463515 ) ) ;
#1921 = DIRECTION ( 'NONE',  ( 0.000000000000000000, 0.000000000000000000, -1.000000000000000000 ) ) ;
#1922 = DIRECTION ( 'NONE',  ( -0.000000000000000000, 1.000000000000000000, -0.000000000000000000 ) ) ;
#1923 = DIRECTION ( 'NONE',  ( 0.7071067811865463515, 0.000000000000000000, -0.7071067811865487940 ) ) ;
#1924 = ORIENTED_EDGE ( 'NONE', *, *, #4821, .T. ) ;
#1925 = EDGE_CURVE ( 'NONE', #3008, #1719, #4619, .T. ) ;
#1926 = PRODUCT_CONTEXT ( 'NONE', #4464, 'mechanical' ) ;
#1927 = EDGE_CURVE ( 'NONE', #2967, #2879, #3612, .T. ) ;
#1928 = CARTESIAN_POINT ( 'NONE',  ( -19.90210035005835110, 1.740681043584102472, 10.99660225194722152 ) ) ;
#1929 = ORIENTED_EDGE ( 'NONE', *, *, #320, .F. ) ;
#1930 = ORIENTED_EDGE ( 'NONE', *, *, #24, .F. ) ;
#1931 = ORIENTED_EDGE ( 'NONE', *, *, #3877, .T. ) ;
#1932 = AXIS2_PLACEMENT_3D ( 'NONE', #1879, #1204, #468 ) ;
#1933 = CARTESIAN_POINT ( 'NONE',  ( -36.72679547922498244, 1.290109711048460062, -33.64939025833326980 ) ) ;
#1934 = LINE ( 'NONE', #1087, #3563 ) ;
#1935 = DIRECTION ( 'NONE',  ( -0.000000000000000000, 1.000000000000000000, -0.000000000000000000 ) ) ;
#1936 = PLANE ( 'NONE',  #4649 ) ;
#1937 = CARTESIAN_POINT ( 'NONE',  ( 6.999999999999998224, 5.000000000000000000, -7.416198487095654990 ) ) ;
#1938 = CARTESIAN_POINT ( 'NONE',  ( -41.46446609406735462, 5.000000000000000000, -81.49177837282536530 ) ) ;
#1939 = DIRECTION ( 'NONE',  ( 0.000000000000000000, 0.000000000000000000, 1.000000000000000000 ) ) ;
#1940 = CARTESIAN_POINT ( 'NONE',  ( 10.55000000000000071, -15.80000000000000071, 1.500000000000000000 ) ) ;
#1941 = DIRECTION ( 'NONE',  ( 0.000000000000000000, 1.000000000000000000, 0.000000000000000000 ) ) ;
#1942 = COLOUR_RGB ( '',0.7921568627450980005, 0.8196078431372548767, 0.9333333333333333481 ) ;
#1943 = DIRECTION ( 'NONE',  ( 0.000000000000000000, 1.000000000000000000, 0.000000000000000000 ) ) ;
#1944 = EDGE_CURVE ( 'NONE', #1833, #4115, #3997, .T. ) ;
#1945 = DIRECTION ( 'NONE',  ( -0.000000000000000000, -1.000000000000000000, -0.000000000000000000 ) ) ;
#1946 = VERTEX_POINT ( 'NONE', #1161 ) ;
#1947 = EDGE_CURVE ( 'NONE', #2032, #4525, #3688, .T. ) ;
#1948 = AXIS2_PLACEMENT_3D ( 'NONE', #155, #232, #1743 ) ;
#1949 = LINE ( 'NONE', #1971, #2272 ) ;
#1950 = ORIENTED_EDGE ( 'NONE', *, *, #2652, .T. ) ;
#1951 = CIRCLE ( 'NONE', #1101, 6.000000000000039968 ) ;
#1952 = ORIENTED_EDGE ( 'NONE', *, *, #3080, .T. ) ;
#1953 = CARTESIAN_POINT ( 'NONE',  ( -19.90210035005835110, 24.63667557965986532, -7.450000000000003730 ) ) ;
#1954 = DIRECTION ( 'NONE',  ( -0.000000000000000000, -0.000000000000000000, 1.000000000000000000 ) ) ;
#1955 = DIRECTION ( 'NONE',  ( 0.000000000000000000, -1.000000000000000000, -0.000000000000000000 ) ) ;
#1956 = AXIS2_PLACEMENT_3D ( 'NONE', #2824, #3922, #883 ) ;
#1957 = EDGE_CURVE ( 'NONE', #1545, #179, #4703, .T. ) ;
#1958 = DIRECTION ( 'NONE',  ( 0.000000000000000000, 0.000000000000000000, 1.000000000000000000 ) ) ;
#1959 = LINE ( 'NONE', #4193, #4237 ) ;
#1960 = FACE_OUTER_BOUND ( 'NONE', #3529, .T. ) ;
#1961 = DIRECTION ( 'NONE',  ( -0.000000000000000000, 1.000000000000000000, -0.000000000000000000 ) ) ;
#1962 = CARTESIAN_POINT ( 'NONE',  ( -2.389691460303891457, 0.8729443479809960715, 4.289303098439490283E-15 ) ) ;
#1963 = DIRECTION ( 'NONE',  ( -0.000000000000000000, -1.000000000000000000, 0.000000000000000000 ) ) ;
#1964 = AXIS2_PLACEMENT_3D ( 'NONE', #798, #2705, #427 ) ;
#1965 = CARTESIAN_POINT ( 'NONE',  ( -10.55000000000000071, -15.80000000000000071, 1.500000000000000000 ) ) ;
#1966 = PLANE ( 'NONE',  #413 ) ;
#1967 = DIRECTION ( 'NONE',  ( -1.000000000000000000, 0.000000000000000000, 0.000000000000000000 ) ) ;
#1968 = EDGE_LOOP ( 'NONE', ( #688, #4428, #3588, #1666 ) ) ;
#1969 = ORIENTED_EDGE ( 'NONE', *, *, #4176, .T. ) ;
#1970 =( NAMED_UNIT ( * ) SI_UNIT ( $, .STERADIAN. ) SOLID_ANGLE_UNIT ( ) );
#1971 = CARTESIAN_POINT ( 'NONE',  ( 13.54999999999999893, -15.80000000000000071, 0.000000000000000000 ) ) ;
#1972 = ORIENTED_EDGE ( 'NONE', *, *, #1907, .T. ) ;
#1973 = DIRECTION ( 'NONE',  ( 0.000000000000000000, 0.000000000000000000, 1.000000000000000000 ) ) ;
#1974 = AXIS2_PLACEMENT_3D ( 'NONE', #3572, #149, #1292 ) ;
#1975 = EDGE_CURVE ( 'NONE', #3613, #3389, #722, .T. ) ;
#1976 = AXIS2_PLACEMENT_3D ( 'NONE', #1504, #4462, #2186 ) ;
#1977 = ORIENTED_EDGE ( 'NONE', *, *, #3484, .T. ) ;
#1978 = CARTESIAN_POINT ( 'NONE',  ( -10.50000000000000533, -3.799999999999999822, -7.332110811570583833E-14 ) ) ;
#1979 = ADVANCED_FACE ( 'NONE', ( #2219 ), #4829, .F. ) ;
#1980 = CARTESIAN_POINT ( 'NONE',  ( -14.78019021559370039, 5.777545601188450952, 1.254506170338505585E-15 ) ) ;
#1981 = CARTESIAN_POINT ( 'NONE',  ( -13.00000000000000178, -10.30000000000000071, -9.077851480992147986E-14 ) ) ;
#1982 = CIRCLE ( 'NONE', #4733, 1.500000000000001332 ) ;
#1983 = EDGE_CURVE ( 'NONE', #3524, #1904, #2517, .T. ) ;
#1984 = EDGE_CURVE ( 'NONE', #992, #3266, #2742, .T. ) ;
#1985 = LINE ( 'NONE', #4274, #1520 ) ;
#1986 = ADVANCED_FACE ( 'NONE', ( #2289 ), #441, .F. ) ;
#1987 = CARTESIAN_POINT ( 'NONE',  ( 0.000000000000000000, -8.849999999999996092, 0.000000000000000000 ) ) ;
#1988 = CARTESIAN_POINT ( 'NONE',  ( -19.90210035005835110, 14.50106184802028153, 0.000000000000000000 ) ) ;
#1989 = LINE ( 'NONE', #4663, #587 ) ;
#1990 = CARTESIAN_POINT ( 'NONE',  ( -60.90990257669725594, 5.000000000000000000, -76.89558429511261295 ) ) ;
#1991 = PRODUCT_DEFINITION_SHAPE ( 'NONE', 'NONE',  #2775 ) ;
#1992 = CARTESIAN_POINT ( 'NONE',  ( -41.46446609406735462, 5.000000000000000000, -81.49177837282536530 ) ) ;
#1993 = DIRECTION ( 'NONE',  ( 0.000000000000000000, 0.000000000000000000, 1.000000000000000000 ) ) ;
#1994 = DIRECTION ( 'NONE',  ( 0.000000000000000000, 0.000000000000000000, 1.000000000000000000 ) ) ;
#1995 = AXIS2_PLACEMENT_3D ( 'NONE', #1626, #942, #1939 ) ;
#1996 = ORIENTED_EDGE ( 'NONE', *, *, #485, .F. ) ;
#1997 = ORIENTED_EDGE ( 'NONE', *, *, #239, .T. ) ;
#1998 = DIRECTION ( 'NONE',  ( 0.000000000000000000, -1.000000000000000000, 0.000000000000000000 ) ) ;
#1999 = VERTEX_POINT ( 'NONE', #2312 ) ;
#2000 = FACE_OUTER_BOUND ( 'NONE', #3936, .T. ) ;
#2001 = ORIENTED_EDGE ( 'NONE', *, *, #3365, .T. ) ;
#2002 = VERTEX_POINT ( 'NONE', #3803 ) ;
#2003 = CARTESIAN_POINT ( 'NONE',  ( -12.45210035005835003, 20.88667557965986177, 0.000000000000000000 ) ) ;
#2004 = EDGE_CURVE ( 'NONE', #257, #2423, #3833, .T. ) ;
#2005 = LINE ( 'NONE', #590, #2204 ) ;
#2006 = CARTESIAN_POINT ( 'NONE',  ( -56.66726188957796495, 5.000000000000000000, -81.13822498223190394 ) ) ;
#2007 = CARTESIAN_POINT ( 'NONE',  ( 3.071322140848481208, 1.971306632855776453, -45.94684498181365484 ) ) ;
#2008 = AXIS2_PLACEMENT_3D ( 'NONE', #1385, #4423, #647 ) ;
#2009 = EDGE_LOOP ( 'NONE', ( #3512, #1799, #4204, #1838 ) ) ;
#2010 = AXIS2_PLACEMENT_3D ( 'NONE', #4156, #802, #431 ) ;
#2011 = DIRECTION ( 'NONE',  ( 0.000000000000000000, 0.000000000000000000, -1.000000000000000000 ) ) ;
#2012 = DIRECTION ( 'NONE',  ( -1.000000000000000000, -0.000000000000000000, -0.000000000000000000 ) ) ;
#2013 = CARTESIAN_POINT ( 'NONE',  ( -13.44365081389598338, 0.000000000000000000, -29.42933253231148782 ) ) ;
#2014 = FACE_OUTER_BOUND ( 'NONE', #1153, .T. ) ;
#2015 = AXIS2_PLACEMENT_3D ( 'NONE', #3346, #4447, #2151 ) ;
#2016 = DIRECTION ( 'NONE',  ( 0.000000000000000000, 0.000000000000000000, 1.000000000000000000 ) ) ;
#2017 = ADVANCED_FACE ( 'NONE', ( #1878 ), #1487, .F. ) ;
#2018 = PRESENTATION_LAYER_ASSIGNMENT (  '', '', ( #3274 ) ) ;
#2019 = AXIS2_PLACEMENT_3D ( 'NONE', #1315, #199, #223 ) ;
#2020 = DIRECTION ( 'NONE',  ( -0.000000000000000000, -1.000000000000000000, -0.000000000000000000 ) ) ;
#2021 = CARTESIAN_POINT ( 'NONE',  ( -33.33273811042200663, 5.000000000000000000, -79.58822498223209152 ) ) ;
#2022 = CARTESIAN_POINT ( 'NONE',  ( -32.97918471982871580, 5.000000000000000000, -73.00649699858676911 ) ) ;
#2023 =( REPRESENTATION_RELATIONSHIP ('NONE','NONE', #1810, #4149 ) REPRESENTATION_RELATIONSHIP_WITH_TRANSFORMATION ( #3938 )SHAPE_REPRESENTATION_RELATIONSHIP( ) );
#2024 = CARTESIAN_POINT ( 'NONE',  ( 0.000000000000000000, 26.14942490415070253, 0.000000000000000000 ) ) ;
#2025 = VERTEX_POINT ( 'NONE', #1511 ) ;
#2026 = VERTEX_POINT ( 'NONE', #3904 ) ;
#2027 = PLANE ( 'NONE',  #2189 ) ;
#2028 = EDGE_LOOP ( 'NONE', ( #2577, #4711, #1890, #3482 ) ) ;
#2029 = CARTESIAN_POINT ( 'NONE',  ( 6.999999999999999112, 5.000000000000000000, -34.58380151290431570 ) ) ;
#2030 = ORIENTED_EDGE ( 'NONE', *, *, #1119, .T. ) ;
#2031 = AXIS2_PLACEMENT_3D ( 'NONE', #1595, #2283, #2692 ) ;
#2032 = VERTEX_POINT ( 'NONE', #2331 ) ;
#2033 = CARTESIAN_POINT ( 'NONE',  ( -10.75298648286213066, 2.033202709351189519, 0.000000000000000000 ) ) ;
#2034 = CARTESIAN_POINT ( 'NONE',  ( -56.66726188957796495, 5.000000000000000000, -81.13822498223190394 ) ) ;
#2035 = CARTESIAN_POINT ( 'NONE',  ( 10.55000000000000071, -10.30000000000000071, 0.000000000000000000 ) ) ;
#2036 = CARTESIAN_POINT ( 'NONE',  ( 7.115701178078310818, 0.001519591069921833555, -54.03560305627331672 ) ) ;
#2037 = ORIENTED_EDGE ( 'NONE', *, *, #1624, .T. ) ;
#2038 = CARTESIAN_POINT ( 'NONE',  ( -11.66726188957807331, 0.000000000000000000, 11.66726188957802890 ) ) ;
#2039 = AXIS2_PLACEMENT_3D ( 'NONE', #1026, #2150, #4771 ) ;
#2040 = DIRECTION ( 'NONE',  ( 0.000000000000000000, 0.000000000000000000, -1.000000000000000000 ) ) ;
#2041 = DIRECTION ( 'NONE',  ( 0.000000000000000000, 0.000000000000000000, 1.000000000000000000 ) ) ;
#2042 = LINE ( 'NONE', #443, #1793 ) ;
#2043 = DIRECTION ( 'NONE',  ( 0.000000000000000000, 0.000000000000000000, 1.000000000000000000 ) ) ;
#2044 = AXIS2_PLACEMENT_3D ( 'NONE', #3778, #766, #2971 ) ;
#2045 = EDGE_CURVE ( 'NONE', #4749, #3651, #4608, .T. ) ;
#2046 = CARTESIAN_POINT ( 'NONE',  ( -56.66726188957796495, 5.000000000000000000, -81.13822498223190394 ) ) ;
#2047 = EDGE_CURVE ( 'NONE', #2645, #4090, #1951, .T. ) ;
#2048 = CARTESIAN_POINT ( 'NONE',  ( -13.00000000000000178, -4.525961875374001409, 0.000000000000000000 ) ) ;
#2049 = CARTESIAN_POINT ( 'NONE',  ( -13.00000000000000178, -10.30000000000000071, -9.077851480992147986E-14 ) ) ;
#2050 = CARTESIAN_POINT ( 'NONE',  ( 0.000000000000000000, 26.14942490415070253, 0.000000000000000000 ) ) ;
#2051 = ORIENTED_EDGE ( 'NONE', *, *, #3800, .T. ) ;
#2052 = ORIENTED_EDGE ( 'NONE', *, *, #4412, .F. ) ;
#2053 = APPLICATION_PROTOCOL_DEFINITION ( 'draft international standard', 'automotive_design', 1998, #3865 ) ;
#2054 = CIRCLE ( 'NONE', #4012, 8.000000000000000000 ) ;
#2055 = DIRECTION ( 'NONE',  ( 0.000000000000000000, 0.000000000000000000, 1.000000000000000000 ) ) ;
#2056 = ORIENTED_EDGE ( 'NONE', *, *, #3188, .F. ) ;
#2057 = CARTESIAN_POINT ( 'NONE',  ( 13.00000000000000178, -10.30000000000000071, 0.000000000000000000 ) ) ;
#2058 = EDGE_CURVE ( 'NONE', #1360, #3209, #3377, .T. ) ;
#2059 = ORIENTED_EDGE ( 'NONE', *, *, #2346, .T. ) ;
#2060 = AXIS2_PLACEMENT_3D ( 'NONE', #2241, #1894, #1137 ) ;
#2061 = CYLINDRICAL_SURFACE ( 'NONE', #4607, 6.000000000000039968 ) ;
#2062 = FACE_OUTER_BOUND ( 'NONE', #760, .T. ) ;
#2063 = CARTESIAN_POINT ( 'NONE',  ( -7.000000000000000888, 5.000000000000000000, -13.87298334620741436 ) ) ;
#2064 = AXIS2_PLACEMENT_3D ( 'NONE', #4270, #3213, #591 ) ;
#2065 = EDGE_CURVE ( 'NONE', #1547, #2132, #1569, .T. ) ;
#2066 = ORIENTED_EDGE ( 'NONE', *, *, #4679, .F. ) ;
#2067 = CARTESIAN_POINT ( 'NONE',  ( 0.000000000000000000, -10.30000000000000426, 0.000000000000000000 ) ) ;
#2068 = LINE ( 'NONE', #1704, #2631 ) ;
#2069 = DIRECTION ( 'NONE',  ( -0.000000000000000000, 1.000000000000000000, -0.000000000000000000 ) ) ;
#2070 =( NAMED_UNIT ( * ) SI_UNIT ( $, .STERADIAN. ) SOLID_ANGLE_UNIT ( ) );
#2071 = CARTESIAN_POINT ( 'NONE',  ( 0.000000000000000000, 0.000000000000000000, -42.00000000000000000 ) ) ;
#2072 = ADVANCED_FACE ( 'NONE', ( #3514 ), #466, .T. ) ;
#2073 = DIRECTION ( 'NONE',  ( -0.000000000000000000, 1.000000000000000000, -0.000000000000000000 ) ) ;
#2074 = AXIS2_PLACEMENT_3D ( 'NONE', #4147, #2589, #1116 ) ;
#2075 = CARTESIAN_POINT ( 'NONE',  ( -19.90210035005835110, 24.63667557965986532, 0.000000000000000000 ) ) ;
#2076 = DIRECTION ( 'NONE',  ( 0.000000000000000000, 1.000000000000000000, 0.000000000000000000 ) ) ;
#2077 = CARTESIAN_POINT ( 'NONE',  ( 0.000000000000000000, 5.000000000000000000, -42.00000000000000000 ) ) ;
#2078 = VERTEX_POINT ( 'NONE', #4633 ) ;
#2079 = ORIENTED_EDGE ( 'NONE', *, *, #1, .T. ) ;
#2080 = EDGE_CURVE ( 'NONE', #4778, #2442, #4316, .T. ) ;
#2081 = SHAPE_DEFINITION_REPRESENTATION ( #3049, #3159 ) ;
#2082 = VECTOR ( 'NONE', #3566, 1000.000000000000000 ) ;
#2083 = CARTESIAN_POINT ( 'NONE',  ( 13.54999999999999893, -10.80000000000000071, 0.000000000000000000 ) ) ;
#2084 = VERTEX_POINT ( 'NONE', #2432 ) ;
#2085 = PLANE ( 'NONE',  #749 ) ;
#2086 = EDGE_CURVE ( 'NONE', #3745, #856, #4395, .T. ) ;
#2087 = ORIENTED_EDGE ( 'NONE', *, *, #539, .F. ) ;
#2088 = EDGE_CURVE ( 'NONE', #2002, #667, #708, .T. ) ;
#2089 = CARTESIAN_POINT ( 'NONE',  ( 8.500000000000003553, -16.35000000000000497, 0.000000000000000000 ) ) ;
#2090 = DIRECTION ( 'NONE',  ( 0.000000000000000000, 1.000000000000000000, 0.000000000000000000 ) ) ;
#2091 = CARTESIAN_POINT ( 'NONE',  ( -56.66726188957804311, 0.000000000000000000, -56.25370120307598398 ) ) ;
#2092 = ORIENTED_EDGE ( 'NONE', *, *, #4658, .F. ) ;
#2093 = ORIENTED_EDGE ( 'NONE', *, *, #1944, .T. ) ;
#2094 = FACE_BOUND ( 'NONE', #1503, .T. ) ;
#2095 = CARTESIAN_POINT ( 'NONE',  ( -56.66726188957804311, 5.000000000000000000, -57.80370120307598114 ) ) ;
#2096 =( LENGTH_UNIT ( ) NAMED_UNIT ( * ) SI_UNIT ( .MILLI., .METRE. ) );
#2097 = CARTESIAN_POINT ( 'NONE',  ( -29.72530282808940783, 7.229776570311008399, -19.64640495606211346 ) ) ;
#2098 = DIRECTION ( 'NONE',  ( 0.000000000000000000, 0.000000000000000000, 1.000000000000000000 ) ) ;
#2099 = CARTESIAN_POINT ( 'NONE',  ( 7.500000000000000000, -3.799999999999999822, 0.000000000000000000 ) ) ;
#2100 = LINE ( 'NONE', #3624, #1867 ) ;
#2101 = DIRECTION ( 'NONE',  ( -0.000000000000000000, -1.000000000000000000, 0.000000000000000000 ) ) ;
#2102 = EDGE_LOOP ( 'NONE', ( #2920, #4365, #1301, #901, #3608, #2093 ) ) ;
#2103 = ORIENTED_EDGE ( 'NONE', *, *, #1947, .F. ) ;
#2104 = ADVANCED_FACE ( 'NONE', ( #1960, #3490 ), #2752, .F. ) ;
#2105 = SURFACE_STYLE_FILL_AREA ( #3965 ) ;
#2106 = ORIENTED_EDGE ( 'NONE', *, *, #785, .F. ) ;
#2107 = CARTESIAN_POINT ( 'NONE',  ( -19.90210035005835110, 24.63667557965986532, 0.000000000000000000 ) ) ;
#2108 = AXIS2_PLACEMENT_3D ( 'NONE', #3151, #3299, #2930 ) ;
#2109 =( GEOMETRIC_REPRESENTATION_CONTEXT ( 3 ) GLOBAL_UNCERTAINTY_ASSIGNED_CONTEXT ( ( #1864 ) ) GLOBAL_UNIT_ASSIGNED_CONTEXT ( ( #1584, #380, #3027 ) ) REPRESENTATION_CONTEXT ( 'NONE', 'WORKASPACE' ) );
#2110 = EDGE_CURVE ( 'NONE', #4436, #4233, #2939, .T. ) ;
#2111 = ORIENTED_EDGE ( 'NONE', *, *, #1788, .T. ) ;
#2112 = AXIS2_PLACEMENT_3D ( 'NONE', #4538, #1604, #895 ) ;
#2113 = DIRECTION ( 'NONE',  ( 0.000000000000000000, 0.000000000000000000, -1.000000000000000000 ) ) ;
#2114 = DIRECTION ( 'NONE',  ( -0.000000000000000000, 1.000000000000000000, -0.000000000000000000 ) ) ;
#2115 = ORIENTED_EDGE ( 'NONE', *, *, #400, .F. ) ;
#2116 = ORIENTED_EDGE ( 'NONE', *, *, #2581, .T. ) ;
#2117 = DIRECTION ( 'NONE',  ( 0.000000000000000000, 0.000000000000000000, 1.000000000000000000 ) ) ;
#2118 = DIRECTION ( 'NONE',  ( 0.000000000000000000, 1.000000000000000000, 0.000000000000000000 ) ) ;
#2119 = CARTESIAN_POINT ( 'NONE',  ( -33.33273811042190715, 0.000000000000000000, -59.35370120307606356 ) ) ;
#2120 = PLANE ( 'NONE',  #2019 ) ;
#2121 = EDGE_CURVE ( 'NONE', #179, #4433, #4185, .T. ) ;
#2122 = APPLICATION_CONTEXT ( 'automotive_design' ) ;
#2123 = CIRCLE ( 'NONE', #2979, 7.450000000000003730 ) ;
#2124 = CARTESIAN_POINT ( 'NONE',  ( -32.97918471982871580, 0.000000000000000000, -73.00649699858676911 ) ) ;
#2125 = CARTESIAN_POINT ( 'NONE',  ( 4.316879966994419494E-16, 0.000000000000000000, -45.52500000000000568 ) ) ;
#2126 = DIRECTION ( 'NONE',  ( 0.000000000000000000, 0.000000000000000000, 1.000000000000000000 ) ) ;
#2127 = CARTESIAN_POINT ( 'NONE',  ( -33.33273811042200663, 5.000000000000000000, -81.13822498223208868 ) ) ;
#2128 = ORIENTED_EDGE ( 'NONE', *, *, #721, .T. ) ;
#2129 = ORIENTED_EDGE ( 'NONE', *, *, #2669, .F. ) ;
#2130 = CARTESIAN_POINT ( 'NONE',  ( 13.54999999999999893, -15.80000000000000071, 1.500000000000000000 ) ) ;
#2131 = FACE_OUTER_BOUND ( 'NONE', #2028, .T. ) ;
#2132 = VERTEX_POINT ( 'NONE', #4248 ) ;
#2133 = DIRECTION ( 'NONE',  ( 0.000000000000000000, 0.000000000000000000, 1.000000000000000000 ) ) ;
#2134 = CIRCLE ( 'NONE', #719, 1.550000000000065103 ) ;
#2135 = AXIS2_PLACEMENT_3D ( 'NONE', #125, #1264, #1967 ) ;
#2136 = CARTESIAN_POINT ( 'NONE',  ( -39.80420070011670219, -2.229077290394566550E-17, -2.437304349000837839E-15 ) ) ;
#2137 = ORIENTED_EDGE ( 'NONE', *, *, #3930, .F. ) ;
#2138 = EDGE_CURVE ( 'NONE', #4090, #850, #3143, .T. ) ;
#2139 = ORIENTED_EDGE ( 'NONE', *, *, #4003, .F. ) ;
#2140 = ORIENTED_EDGE ( 'NONE', *, *, #3225, .F. ) ;
#2141 = DIRECTION ( 'NONE',  ( 1.000000000000000000, -0.000000000000000000, -0.000000000000000000 ) ) ;
#2142 = CARTESIAN_POINT ( 'NONE',  ( -27.00000000000000355, 0.000000000000000000, -7.416198487095657654 ) ) ;
#2143 = PLANE ( 'NONE',  #4318 ) ;
#2144 = VECTOR ( 'NONE', #117, 1000.000000000000000 ) ;
#2145 = DIRECTION ( 'NONE',  ( 0.000000000000000000, -1.000000000000000000, 0.000000000000000000 ) ) ;
#2146 = EDGE_CURVE ( 'NONE', #825, #4187, #892, .T. ) ;
#2147 = EDGE_CURVE ( 'NONE', #3755, #1946, #2697, .T. ) ;
#2148 = EDGE_CURVE ( 'NONE', #382, #1999, #592, .T. ) ;
#2149 = CARTESIAN_POINT ( 'NONE',  ( -22.31648174122047479, 13.38752406167055575, -2.956764442607626400E-16 ) ) ;
#2150 = DIRECTION ( 'NONE',  ( -0.000000000000000000, -1.000000000000000000, 0.000000000000000000 ) ) ;
#2151 = DIRECTION ( 'NONE',  ( 1.000000000000000000, 0.000000000000000000, 6.982962677686270655E-15 ) ) ;
#2152 = CARTESIAN_POINT ( 'NONE',  ( -13.54999999999999893, -13.30000000000000071, 1.500000000000000000 ) ) ;
#2153 = ORIENTED_EDGE ( 'NONE', *, *, #109, .T. ) ;
#2154 = ORIENTED_EDGE ( 'NONE', *, *, #2888, .F. ) ;
#2155 = CIRCLE ( 'NONE', #26, 1.549999999999995826 ) ;
#2156 = CARTESIAN_POINT ( 'NONE',  ( -7.714285714285713524, 5.000000000000000000, -2.118913853455905549 ) ) ;
#2157 = FACE_OUTER_BOUND ( 'NONE', #41, .T. ) ;
#2158 = ORIENTED_EDGE ( 'NONE', *, *, #2045, .T. ) ;
#2159 = DIRECTION ( 'NONE',  ( 0.000000000000000000, 0.000000000000000000, -1.000000000000000000 ) ) ;
#2160 = AXIS2_PLACEMENT_3D ( 'NONE', #2422, #3918, #4675 ) ;
#2161 = UNCERTAINTY_MEASURE_WITH_UNIT (LENGTH_MEASURE( 1.000000000000000082E-05 ), #2096, 'distance_accuracy_value', 'NONE');
#2162 = CARTESIAN_POINT ( 'NONE',  ( -22.31648174122047479, 13.38752406167055398, -4.828762782324246494 ) ) ;
#2163 = ORIENTED_EDGE ( 'NONE', *, *, #2138, .F. ) ;
#2164 = ORIENTED_EDGE ( 'NONE', *, *, #2223, .T. ) ;
#2165 = ORIENTED_EDGE ( 'NONE', *, *, #3147, .F. ) ;
#2166 = ADVANCED_FACE ( 'NONE', ( #2700, #73 ), #3464, .F. ) ;
#2167 = CARTESIAN_POINT ( 'NONE',  ( 4.316879966994419494E-16, 5.000000000000000000, -45.52500000000000568 ) ) ;
#2168 = LINE ( 'NONE', #1043, #4124 ) ;
#2169 = EDGE_CURVE ( 'NONE', #382, #926, #4217, .T. ) ;
#2170 = EDGE_CURVE ( 'NONE', #2495, #926, #569, .T. ) ;
#2171 = CARTESIAN_POINT ( 'NONE',  ( -12.04999999999999893, -13.30000000000000071, 1.500000000000000000 ) ) ;
#2172 = CARTESIAN_POINT ( 'NONE',  ( -16.00000000000000000, -7.025961875374001409, 1.500000000000000000 ) ) ;
#2173 = DIRECTION ( 'NONE',  ( 0.7071067811865462405, 0.000000000000000000, 0.7071067811865489050 ) ) ;
#2174 = ORIENTED_EDGE ( 'NONE', *, *, #1298, .T. ) ;
#2175 = EDGE_LOOP ( 'NONE', ( #3233, #4339, #3015, #1912 ) ) ;
#2176 = DIRECTION ( 'NONE',  ( -0.000000000000000000, -1.000000000000000000, -0.000000000000000000 ) ) ;
#2177 = LINE ( 'NONE', #3445, #265 ) ;
#2178 = AXIS2_PLACEMENT_3D ( 'NONE', #1686, #4615, #3960 ) ;
#2179 = AXIS2_PLACEMENT_3D ( 'NONE', #649, #2145, #1655 ) ;
#2180 = CARTESIAN_POINT ( 'NONE',  ( -17.35341922837772444, 11.57534542638514274, -5.097362243361254208 ) ) ;
#2181 = ORIENTED_EDGE ( 'NONE', *, *, #4418, .T. ) ;
#2182 = VECTOR ( 'NONE', #1306, 1000.000000000000000 ) ;
#2183 = VERTEX_POINT ( 'NONE', #3196 ) ;
#2184 = EDGE_LOOP ( 'NONE', ( #4347, #502 ) ) ;
#2185 = ORIENTED_EDGE ( 'NONE', *, *, #1305, .T. ) ;
#2186 = DIRECTION ( 'NONE',  ( 1.000000000000000000, 0.000000000000000000, 0.000000000000000000 ) ) ;
#2187 = LINE ( 'NONE', #3686, #843 ) ;
#2188 = CARTESIAN_POINT ( 'NONE',  ( -45.00000000000002132, -23.42384038863437468, -44.80370120307598114 ) ) ;
#2189 = AXIS2_PLACEMENT_3D ( 'NONE', #4621, #3183, #4366 ) ;
#2190 = LINE ( 'NONE', #4053, #3306 ) ;
#2191 = CARTESIAN_POINT ( 'NONE',  ( -16.05000000000000071, -13.30000000000000071, 1.500000000000000000 ) ) ;
#2192 = LINE ( 'NONE', #1488, #3035 ) ;
#2193 = DIRECTION ( 'NONE',  ( -0.000000000000000000, 1.000000000000000000, -0.000000000000000000 ) ) ;
#2194 = ORIENTED_EDGE ( 'NONE', *, *, #4052, .F. ) ;
#2195 = EDGE_LOOP ( 'NONE', ( #1082, #630 ) ) ;
#2196 = EDGE_CURVE ( 'NONE', #829, #4783, #2068, .T. ) ;
#2197 = AXIS2_PLACEMENT_3D ( 'NONE', #1987, #4661, #840 ) ;
#2198 = EDGE_CURVE ( 'NONE', #2208, #3613, #3156, .T. ) ;
#2199 = CARTESIAN_POINT ( 'NONE',  ( -29.81154385655511518, 7.182549245871483024, -1.213556827156278238E-15 ) ) ;
#2200 = DIRECTION ( 'NONE',  ( 0.000000000000000000, -0.000000000000000000, 1.000000000000000000 ) ) ;
#2201 = CARTESIAN_POINT ( 'NONE',  ( -13.00000000000000178, -9.525961875374001409, 0.000000000000000000 ) ) ;
#2202 = VERTEX_POINT ( 'NONE', #3863 ) ;
#2203 = CIRCLE ( 'NONE', #1422, 7.450000000000003730 ) ;
#2204 = VECTOR ( 'NONE', #3212, 1000.000000000000000 ) ;
#2205 = PRODUCT_DEFINITION ( 'æœ', '', #51, #3633 ) ;
#2206 = EDGE_CURVE ( 'NONE', #3754, #4179, #990, .T. ) ;
#2207 = CARTESIAN_POINT ( 'NONE',  ( -17.45210035005835181, 14.50106184802028331, -4.900000000000000355 ) ) ;
#2208 = VERTEX_POINT ( 'NONE', #210 ) ;
#2209 = ORIENTED_EDGE ( 'NONE', *, *, #3814, .T. ) ;
#2210 = AXIS2_PLACEMENT_3D ( 'NONE', #4692, #123, #2757 ) ;
#2211 = ORIENTED_EDGE ( 'NONE', *, *, #54, .F. ) ;
#2212 = ORIENTED_EDGE ( 'NONE', *, *, #2427, .F. ) ;
#2213 = CARTESIAN_POINT ( 'NONE',  ( -52.42462120245872370, 0.000000000000000000, -53.56106051595667594 ) ) ;
#2214 = DIRECTION ( 'NONE',  ( 0.000000000000000000, 0.000000000000000000, 1.000000000000000000 ) ) ;
#2215 = LINE ( 'NONE', #4466, #1816 ) ;
#2216 = EDGE_CURVE ( 'NONE', #784, #699, #110, .T. ) ;
#2217 = AXIS2_PLACEMENT_3D ( 'NONE', #4765, #1751, #2901 ) ;
#2218 = DIRECTION ( 'NONE',  ( 0.000000000000000000, 0.000000000000000000, -1.000000000000000000 ) ) ;
#2219 = FACE_OUTER_BOUND ( 'NONE', #3331, .T. ) ;
#2220 = DIRECTION ( 'NONE',  ( -1.000000000000000000, 0.000000000000000000, 0.000000000000000000 ) ) ;
#2221 = CARTESIAN_POINT ( 'NONE',  ( -50.00000000000001421, 5.000000000000000000, -55.98568171841537833 ) ) ;
#2222 = ORIENTED_EDGE ( 'NONE', *, *, #4239, .F. ) ;
#2223 = EDGE_CURVE ( 'NONE', #312, #3246, #560, .T. ) ;
#2224 = ORIENTED_EDGE ( 'NONE', *, *, #4028, .T. ) ;
#2225 = CIRCLE ( 'NONE', #3859, 10.50000000000000533 ) ;
#2226 =( LENGTH_UNIT ( ) NAMED_UNIT ( * ) SI_UNIT ( .MILLI., .METRE. ) );
#2227 = SURFACE_STYLE_FILL_AREA ( #727 ) ;
#2228 = CARTESIAN_POINT ( 'NONE',  ( 0.000000000000000000, 5.000000000000000000, -38.47500000000000142 ) ) ;
#2229 = ORIENTED_EDGE ( 'NONE', *, *, #1340, .T. ) ;
#2230 = EDGE_CURVE ( 'NONE', #3525, #3613, #4430, .T. ) ;
#2231 = AXIS2_PLACEMENT_3D ( 'NONE', #742, #2242, #2583 ) ;
#2232 = DIRECTION ( 'NONE',  ( -0.7071067811865469066, 0.000000000000000000, 0.7071067811865482389 ) ) ;
#2233 = ORIENTED_EDGE ( 'NONE', *, *, #2080, .T. ) ;
#2234 = EDGE_CURVE ( 'NONE', #2259, #4284, #3410, .T. ) ;
#2235 = VECTOR ( 'NONE', #4172, 1000.000000000000000 ) ;
#2236 = ORIENTED_EDGE ( 'NONE', *, *, #4051, .T. ) ;
#2237 = VERTEX_POINT ( 'NONE', #506 ) ;
#2238 = ORIENTED_EDGE ( 'NONE', *, *, #4577, .F. ) ;
#2239 = CARTESIAN_POINT ( 'NONE',  ( 0.000000000000000000, 5.000000000000000000, -42.00000000000000000 ) ) ;
#2240 = AXIS2_PLACEMENT_3D ( 'NONE', #4299, #118, #1312 ) ;
#2241 = CARTESIAN_POINT ( 'NONE',  ( -19.90210035005835110, 8.312075473978843831, 0.000000000000000000 ) ) ;
#2242 = DIRECTION ( 'NONE',  ( -0.000000000000000000, -1.000000000000000000, 0.000000000000000000 ) ) ;
#2243 = SPHERICAL_SURFACE ( 'NONE', #3620, 0.7500000000000006661 ) ;
#2244 = DIRECTION ( 'NONE',  ( 0.000000000000000000, -1.000000000000000000, 0.000000000000000000 ) ) ;
#2245 = FACE_OUTER_BOUND ( 'NONE', #3639, .T. ) ;
#2246 = CARTESIAN_POINT ( 'NONE',  ( 0.000000000000000000, 0.000000000000000000, 7.500000000000000000 ) ) ;
#2247 = ORIENTED_EDGE ( 'NONE', *, *, #2864, .T. ) ;
#2248 = ORIENTED_EDGE ( 'NONE', *, *, #1193, .F. ) ;
#2249 = CARTESIAN_POINT ( 'NONE',  ( -56.66726188957796495, 5.000000000000000000, -81.13822498223190394 ) ) ;
#2250 = CYLINDRICAL_SURFACE ( 'NONE', #657, 6.000000000000032863 ) ;
#2251 = ORIENTED_EDGE ( 'NONE', *, *, #2169, .F. ) ;
#2252 = VECTOR ( 'NONE', #1802, 1000.000000000000000 ) ;
#2253 = CARTESIAN_POINT ( 'NONE',  ( -10.75298648286213066, 2.033202709351189519, -18.29822773439244088 ) ) ;
#2254 = ORIENTED_EDGE ( 'NONE', *, *, #1484, .T. ) ;
#2255 = CIRCLE ( 'NONE', #2410, 1.549999999999995826 ) ;
#2256 = VECTOR ( 'NONE', #547, 1000.000000000000000 ) ;
#2257 = ORIENTED_EDGE ( 'NONE', *, *, #2737, .F. ) ;
#2258 = EDGE_CURVE ( 'NONE', #1405, #4429, #157, .T. ) ;
#2259 = VERTEX_POINT ( 'NONE', #1720 ) ;
#2260 = ORIENTED_EDGE ( 'NONE', *, *, #304, .F. ) ;
#2261 = CARTESIAN_POINT ( 'NONE',  ( -19.90210035005835110, 24.63667557965986532, -2.450000000000000622 ) ) ;
#2262 = CYLINDRICAL_SURFACE ( 'NONE', #4413, 2.499999999999998668 ) ;
#2263 = CARTESIAN_POINT ( 'NONE',  ( -19.90210035005835110, 7.182549245871483024, 0.000000000000000000 ) ) ;
#2264 = STYLED_ITEM ( 'NONE', ( #4848 ), #4175 ) ;
#2265 = EDGE_CURVE ( 'NONE', #2591, #2324, #3208, .T. ) ;
#2266 = CARTESIAN_POINT ( 'NONE',  ( 0.000000000000000000, 26.14942490415070253, 8.500000000000003553 ) ) ;
#2267 = CARTESIAN_POINT ( 'NONE',  ( -33.24383501506020622, 5.452319956944943868, 26.68346933000369248 ) ) ;
#2268 = DIRECTION ( 'NONE',  ( 0.000000000000000000, 0.000000000000000000, 1.000000000000000000 ) ) ;
#2269 = CARTESIAN_POINT ( 'NONE',  ( -35.90210035005834754, 1.740681043584102472, -2.198369613818301288E-15 ) ) ;
#2270 = ORIENTED_EDGE ( 'NONE', *, *, #2058, .T. ) ;
#2271 = ORIENTED_EDGE ( 'NONE', *, *, #418, .F. ) ;
#2272 = VECTOR ( 'NONE', #853, 1000.000000000000000 ) ;
#2273 = DIRECTION ( 'NONE',  ( -0.000000000000000000, -1.000000000000000000, -0.000000000000000000 ) ) ;
#2274 = DIRECTION ( 'NONE',  ( 0.000000000000000000, 0.000000000000000000, 1.000000000000000000 ) ) ;
#2275 = VERTEX_POINT ( 'NONE', #2766 ) ;
#2276 = CARTESIAN_POINT ( 'NONE',  ( -38.09595378693646239, -24.26391901563520292, -19.01651346916514385 ) ) ;
#2277 = AXIS2_PLACEMENT_3D ( 'NONE', #323, #1829, #4693 ) ;
#2278 = FACE_BOUND ( 'NONE', #774, .T. ) ;
#2279 = VERTEX_POINT ( 'NONE', #534 ) ;
#2280 = ADVANCED_FACE ( 'NONE', ( #2000 ), #3556, .T. ) ;
#2281 = ORIENTED_EDGE ( 'NONE', *, *, #181, .F. ) ;
#2282 = ORIENTED_EDGE ( 'NONE', *, *, #2673, .F. ) ;
#2283 = DIRECTION ( 'NONE',  ( -0.000000000000000000, -1.000000000000000000, -0.000000000000000000 ) ) ;
#2284 = AXIS2_PLACEMENT_3D ( 'NONE', #226, #3519, #1632 ) ;
#2285 = CARTESIAN_POINT ( 'NONE',  ( -15.65836554453899154, 6.996578877477782399, 1.039415249201900650E-15 ) ) ;
#2286 = DIRECTION ( 'NONE',  ( -0.000000000000000000, 1.000000000000000000, -0.000000000000000000 ) ) ;
#2287 = VECTOR ( 'NONE', #3698, 1000.000000000000000 ) ;
#2288 = DIRECTION ( 'NONE',  ( -0.000000000000000000, -1.000000000000000000, -0.000000000000000000 ) ) ;
#2289 = FACE_OUTER_BOUND ( 'NONE', #678, .T. ) ;
#2290 = CARTESIAN_POINT ( 'NONE',  ( -16.00000000000000000, -7.025961875374001409, 0.000000000000000000 ) ) ;
#2291 = DIRECTION ( 'NONE',  ( -0.000000000000000000, 1.000000000000000000, -0.000000000000000000 ) ) ;
#2292 = CARTESIAN_POINT ( 'NONE',  ( -19.90210035005835110, 24.63667557965986532, -10.99660225194722152 ) ) ;
#2293 = ADVANCED_FACE ( 'NONE', ( #2794 ), #3580, .F. ) ;
#2294 = EDGE_CURVE ( 'NONE', #1002, #4436, #4623, .T. ) ;
#2295 = LINE ( 'NONE', #1167, #3396 ) ;
#2296 = ORIENTED_EDGE ( 'NONE', *, *, #3874, .F. ) ;
#2297 = AXIS2_PLACEMENT_3D ( 'NONE', #1201, #92, #4632 ) ;
#2298 = VECTOR ( 'NONE', #576, 1000.000000000000000 ) ;
#2299 = DIRECTION ( 'NONE',  ( 0.000000000000000000, 0.000000000000000000, 1.000000000000000000 ) ) ;
#2300 = ORIENTED_EDGE ( 'NONE', *, *, #2621, .T. ) ;
#2301 = EDGE_LOOP ( 'NONE', ( #2165, #326, #4759, #4572 ) ) ;
#2302 = CIRCLE ( 'NONE', #2933, 10.99660225194722152 ) ;
#2303 = ORIENTED_EDGE ( 'NONE', *, *, #2830, .T. ) ;
#2304 = AXIS2_PLACEMENT_3D ( 'NONE', #1466, #1536, #423 ) ;
#2305 = CARTESIAN_POINT ( 'NONE',  ( -3.077405220891714421, 1.290109711048460062, -33.64939025833326269 ) ) ;
#2306 = FACE_OUTER_BOUND ( 'NONE', #1451, .T. ) ;
#2307 = FACE_OUTER_BOUND ( 'NONE', #4485, .T. ) ;
#2308 = EDGE_CURVE ( 'NONE', #3360, #2237, #1299, .T. ) ;
#2309 = AXIS2_PLACEMENT_3D ( 'NONE', #2029, #4702, #3105 ) ;
#2310 = DIRECTION ( 'NONE',  ( 0.000000000000000000, 0.000000000000000000, -1.000000000000000000 ) ) ;
#2311 = DIRECTION ( 'NONE',  ( 0.000000000000000000, 1.000000000000000000, 0.000000000000000000 ) ) ;
#2312 = CARTESIAN_POINT ( 'NONE',  ( -7.714285714285713524, 5.000000000000000000, -2.118913853455905549 ) ) ;
#2313 = LINE ( 'NONE', #3094, #761 ) ;
#2314 = CARTESIAN_POINT ( 'NONE',  ( 20.00000000000000000, -3.799999999999999378, 0.000000000000000000 ) ) ;
#2315 = CARTESIAN_POINT ( 'NONE',  ( -45.00000000000002132, 0.000000000000000000, -64.47096309265401715 ) ) ;
#2316 = EDGE_CURVE ( 'NONE', #639, #2208, #2871, .T. ) ;
#2317 = EDGE_CURVE ( 'NONE', #2795, #4433, #2482, .T. ) ;
#2318 = FACE_OUTER_BOUND ( 'NONE', #3564, .T. ) ;
#2319 = FACE_OUTER_BOUND ( 'NONE', #2814, .T. ) ;
#2320 = ORIENTED_EDGE ( 'NONE', *, *, #940, .F. ) ;
#2321 = CARTESIAN_POINT ( 'NONE',  ( -9.520122296069100543, 1.747546292539036150, 0.000000000000000000 ) ) ;
#2322 = EDGE_LOOP ( 'NONE', ( #193, #2650, #2990, #514 ) ) ;
#2323 = CARTESIAN_POINT ( 'NONE',  ( -16.29064151234193503, 8.074421660968079451, 8.845523011723666464E-16 ) ) ;
#2324 = VERTEX_POINT ( 'NONE', #983 ) ;
#2325 = AXIS2_PLACEMENT_3D ( 'NONE', #1988, #3491, #119 ) ;
#2326 = CARTESIAN_POINT ( 'NONE',  ( -56.66726188957796495, 5.000000000000000000, -82.68822498223190109 ) ) ;
#2327 = FACE_OUTER_BOUND ( 'NONE', #410, .T. ) ;
#2328 = CARTESIAN_POINT ( 'NONE',  ( -6.560365685056499530, 5.452319956944943868, 0.000000000000000000 ) ) ;
#2329 = DIRECTION ( 'NONE',  ( 0.000000000000000000, 0.000000000000000000, 1.000000000000000000 ) ) ;
#2330 = FACE_OUTER_BOUND ( 'NONE', #4088, .T. ) ;
#2331 = CARTESIAN_POINT ( 'NONE',  ( -10.20000000000000107, -2.315795280694863845, -7.122621931239990783E-14 ) ) ;
#2332 = AXIS2_PLACEMENT_3D ( 'NONE', #3256, #2193, #3695 ) ;
#2333 = PLANE ( 'NONE',  #4516 ) ;
#2334 = DIRECTION ( 'NONE',  ( 0.000000000000000000, -0.000000000000000000, 1.000000000000000000 ) ) ;
#2335 = FACE_BOUND ( 'NONE', #4338, .T. ) ;
#2336 = CIRCLE ( 'NONE', #4519, 8.000000000000000000 ) ;
#2337 = FACE_OUTER_BOUND ( 'NONE', #1491, .T. ) ;
#2338 = ADVANCED_FACE ( 'NONE', ( #586 ), #2085, .T. ) ;
#2339 = DIRECTION ( 'NONE',  ( 0.000000000000000000, 1.000000000000000000, 0.000000000000000000 ) ) ;
#2340 = ORIENTED_EDGE ( 'NONE', *, *, #3243, .F. ) ;
#2341 = ORIENTED_EDGE ( 'NONE', *, *, #1298, .F. ) ;
#2342 = EDGE_CURVE ( 'NONE', #484, #1545, #3570, .T. ) ;
#2343 =( NAMED_UNIT ( * ) PLANE_ANGLE_UNIT ( ) SI_UNIT ( $, .RADIAN. ) );
#2344 = PLANE ( 'NONE',  #941 ) ;
#2345 = ORIENTED_EDGE ( 'NONE', *, *, #4081, .F. ) ;
#2346 = EDGE_CURVE ( 'NONE', #284, #4093, #577, .T. ) ;
#2347 = AXIS2_PLACEMENT_3D ( 'NONE', #395, #4471, #372 ) ;
#2348 = EDGE_CURVE ( 'NONE', #1784, #3766, #1917, .T. ) ;
#2349 = VERTEX_POINT ( 'NONE', #4281 ) ;
#2350 = CARTESIAN_POINT ( 'NONE',  ( -3.902100350058355982, 1.740681043584102472, 0.000000000000000000 ) ) ;
#2351 = DIRECTION ( 'NONE',  ( -1.000000000000000000, 0.000000000000000000, -6.982962677686267499E-15 ) ) ;
#2352 = CARTESIAN_POINT ( 'NONE',  ( -13.00000000000000178, -4.525961875374001409, 0.000000000000000000 ) ) ;
#2353 = CIRCLE ( 'NONE', #1106, 6.000000000000019540 ) ;
#2354 = CARTESIAN_POINT ( 'NONE',  ( -13.54999999999999893, -10.80000000000000071, 1.500000000000000000 ) ) ;
#2355 = DIRECTION ( 'NONE',  ( 0.000000000000000000, 0.000000000000000000, -1.000000000000000000 ) ) ;
#2356 = DIRECTION ( 'NONE',  ( 0.000000000000000000, 0.000000000000000000, 1.000000000000000000 ) ) ;
#2357 = SURFACE_STYLE_USAGE ( .BOTH. , #47 ) ;
#2358 = CARTESIAN_POINT ( 'NONE',  ( -0.4058158082745439432, 0.05478672904803285476, 38.99256908356763773 ) ) ;
#2359 = FACE_OUTER_BOUND ( 'NONE', #3282, .T. ) ;
#2360 = AXIS2_PLACEMENT_3D ( 'NONE', #4006, #1463, #3667 ) ;
#2361 = DIRECTION ( 'NONE',  ( 0.000000000000000000, 0.000000000000000000, 1.000000000000000000 ) ) ;
#2362 = ADVANCED_FACE ( 'NONE', ( #150 ), #627, .F. ) ;
#2363 = CYLINDRICAL_SURFACE ( 'NONE', #259, 29.90000000000001279 ) ;
#2364 = CARTESIAN_POINT ( 'NONE',  ( -37.99049328464023034, 0.5732407636741823076, -2.215189250905529239E-15 ) ) ;
#2365 = ORIENTED_EDGE ( 'NONE', *, *, #2004, .F. ) ;
#2366 = ORIENTED_EDGE ( 'NONE', *, *, #3828, .F. ) ;
#2367 = PRODUCT_CONTEXT ( 'NONE', #200, 'mechanical' ) ;
#2368 = DIRECTION ( 'NONE',  ( 0.000000000000000000, 0.000000000000000000, -1.000000000000000000 ) ) ;
#2369 = ORIENTED_EDGE ( 'NONE', *, *, #3875, .T. ) ;
#2370 = DIRECTION ( 'NONE',  ( -0.000000000000000000, 1.000000000000000000, -0.000000000000000000 ) ) ;
#2371 = CIRCLE ( 'NONE', #1365, 0.7000000000000009548 ) ;
#2372 = AXIS2_PLACEMENT_3D ( 'NONE', #3597, #1371, #2928 ) ;
#2373 = AXIS2_PLACEMENT_3D ( 'NONE', #4834, #1063, #1085 ) ;
#2374 = ORIENTED_EDGE ( 'NONE', *, *, #2427, .T. ) ;
#2375 = EDGE_CURVE ( 'NONE', #139, #1611, #33, .T. ) ;
#2376 = PLANE ( 'NONE',  #4097 ) ;
#2377 = DIRECTION ( 'NONE',  ( 0.000000000000000000, 0.000000000000000000, 1.000000000000000000 ) ) ;
#2378 = CARTESIAN_POINT ( 'NONE',  ( -37.57537879754134735, 5.000000000000000000, -85.38086566935140809 ) ) ;
#2379 = CARTESIAN_POINT ( 'NONE',  ( -2.559059817791440317, 3.888912010840047451, -34.68608106453382334 ) ) ;
#2380 = VECTOR ( 'NONE', #2875, 1000.000000000000000 ) ;
#2381 = ORIENTED_EDGE ( 'NONE', *, *, #362, .T. ) ;
#2382 = CARTESIAN_POINT ( 'NONE',  ( -33.33273811042200663, 0.000000000000000000, -79.58822498223209152 ) ) ;
#2383 = CARTESIAN_POINT ( 'NONE',  ( -27.00000000000000355, 5.000000000000000000, -7.416198487095657654 ) ) ;
#2384 = CARTESIAN_POINT ( 'NONE',  ( -11.45210035005834648, 8.312075473978843831, 16.90000000000001634 ) ) ;
#2385 = CARTESIAN_POINT ( 'NONE',  ( -37.99049328464023745, 0.5732407636741823076, 36.17678586916374428 ) ) ;
#2386 = CARTESIAN_POINT ( 'NONE',  ( -45.00000000000002132, 0.000000000000000000, -69.47096309265401715 ) ) ;
#2387 = DIRECTION ( 'NONE',  ( -0.000000000000000000, -1.000000000000000000, -0.000000000000000000 ) ) ;
#2388 = CARTESIAN_POINT ( 'NONE',  ( -19.90210035005835110, -0.1774874432095528698, 0.000000000000000000 ) ) ;
#2389 = DIRECTION ( 'NONE',  ( 0.000000000000000000, 1.000000000000000000, 0.000000000000000000 ) ) ;
#2390 = DIRECTION ( 'NONE',  ( 1.000000000000000000, 0.000000000000000000, 6.982962677686270655E-15 ) ) ;
#2391 = ORIENTED_EDGE ( 'NONE', *, *, #481, .F. ) ;
#2392 = ORIENTED_EDGE ( 'NONE', *, *, #1863, .T. ) ;
#2393 = DIRECTION ( 'NONE',  ( 0.000000000000000000, -0.000000000000000000, -1.000000000000000000 ) ) ;
#2394 = ORIENTED_EDGE ( 'NONE', *, *, #4420, .F. ) ;
#2395 = CARTESIAN_POINT ( 'NONE',  ( -11.66726188957807331, -3.799999999999999822, 11.66726188957802890 ) ) ;
#2396 = ORIENTED_EDGE ( 'NONE', *, *, #3133, .F. ) ;
#2397 = VERTEX_POINT ( 'NONE', #3573 ) ;
#2398 = CARTESIAN_POINT ( 'NONE',  ( -60.90990257669725594, 0.000000000000000000, -76.89558429511261295 ) ) ;
#2399 = CARTESIAN_POINT ( 'NONE',  ( -56.66726188957796495, 0.000000000000000000, -87.13822498223191815 ) ) ;
#2400 = CYLINDRICAL_SURFACE ( 'NONE', #1675, 6.000000000000019540 ) ;
#2401 = EDGE_CURVE ( 'NONE', #567, #3104, #601, .T. ) ;
#2402 = CARTESIAN_POINT ( 'NONE',  ( 7.115701178078309930, 0.001519591069921833338, 0.000000000000000000 ) ) ;
#2403 = CIRCLE ( 'NONE', #3030, 13.00000000000000178 ) ;
#2404 = ORIENTED_EDGE ( 'NONE', *, *, #2088, .F. ) ;
#2405 = EDGE_CURVE ( 'NONE', #959, #2397, #429, .T. ) ;
#2406 = LINE ( 'NONE', #1937, #3634 ) ;
#2407 = DIRECTION ( 'NONE',  ( 0.000000000000000000, 1.000000000000000000, 0.000000000000000000 ) ) ;
#2408 = CARTESIAN_POINT ( 'NONE',  ( -19.90210035005835110, -0.1774874432095528698, 0.000000000000000000 ) ) ;
#2409 = LINE ( 'NONE', #3880, #3950 ) ;
#2410 = AXIS2_PLACEMENT_3D ( 'NONE', #3648, #2563, #652 ) ;
#2411 = CARTESIAN_POINT ( 'NONE',  ( -9.992656843561590563, 7.182549245871482135, -19.81888701299351752 ) ) ;
#2412 = CIRCLE ( 'NONE', #1159, 10.99660225194722152 ) ;
#2413 = EDGE_CURVE ( 'NONE', #1447, #1243, #3934, .T. ) ;
#2414 = DIRECTION ( 'NONE',  ( -0.000000000000000000, 1.000000000000000000, -0.000000000000000000 ) ) ;
#2415 = LINE ( 'NONE', #1711, #2925 ) ;
#2416 = DIRECTION ( 'NONE',  ( -1.000000000000000000, 0.000000000000000000, 0.000000000000000000 ) ) ;
#2417 = DIRECTION ( 'NONE',  ( 0.000000000000000000, 1.000000000000000000, 0.000000000000000000 ) ) ;
#2418 = ORIENTED_EDGE ( 'NONE', *, *, #2843, .T. ) ;
#2419 = VERTEX_POINT ( 'NONE', #1000 ) ;
#2420 = CARTESIAN_POINT ( 'NONE',  ( 8.500000000000003553, -16.35000000000000497, 0.000000000000000000 ) ) ;
#2421 = EDGE_LOOP ( 'NONE', ( #3085, #2340, #2909, #2254 ) ) ;
#2422 = CARTESIAN_POINT ( 'NONE',  ( -10.17009838266490540, 5.000000000000000000, -53.02583778616920540 ) ) ;
#2423 = VERTEX_POINT ( 'NONE', #923 ) ;
#2424 = CIRCLE ( 'NONE', #1248, 5.000000000000018652 ) ;
#2425 = LINE ( 'NONE', #589, #2182 ) ;
#2426 = DIRECTION ( 'NONE',  ( 0.000000000000000000, 0.000000000000000000, 1.000000000000000000 ) ) ;
#2427 = EDGE_CURVE ( 'NONE', #3287, #4266, #192, .T. ) ;
#2428 = LINE ( 'NONE', #884, #3468 ) ;
#2429 = EDGE_LOOP ( 'NONE', ( #4209, #2251, #3029, #375 ) ) ;
#2430 = CARTESIAN_POINT ( 'NONE',  ( -3.902100350058355982, 1.740681043584102472, 0.000000000000000000 ) ) ;
#2431 = EDGE_CURVE ( 'NONE', #1904, #3524, #1158, .T. ) ;
#2432 = CARTESIAN_POINT ( 'NONE',  ( -16.00000000000000000, -4.525961875374001409, 1.500000000000000000 ) ) ;
#2433 = CARTESIAN_POINT ( 'NONE',  ( 0.000000000000000000, -3.800000000000001155, 0.000000000000000000 ) ) ;
#2434 =( NAMED_UNIT ( * ) PLANE_ANGLE_UNIT ( ) SI_UNIT ( $, .RADIAN. ) );
#2435 = CARTESIAN_POINT ( 'NONE',  ( -29.37307556689170340, 7.323837609385373426, -1.159859948409887045E-15 ) ) ;
#2436 = VECTOR ( 'NONE', #392, 1000.000000000000000 ) ;
#2437 = EDGE_CURVE ( 'NONE', #4080, #1457, #2100, .T. ) ;
#2438 = DIRECTION ( 'NONE',  ( 0.000000000000000000, 0.000000000000000000, 1.000000000000000000 ) ) ;
#2439 = CARTESIAN_POINT ( 'NONE',  ( 10.55000000000000071, -15.80000000000000071, 0.000000000000000000 ) ) ;
#2440 = CARTESIAN_POINT ( 'NONE',  ( -45.00000000000002132, 5.000000000000000000, -44.80370120307598114 ) ) ;
#2441 = CARTESIAN_POINT ( 'NONE',  ( -37.41450923981281562, 0.8729443479809960715, -2.144651549219745142E-15 ) ) ;
#2442 = VERTEX_POINT ( 'NONE', #1263 ) ;
#2443 = ORIENTED_EDGE ( 'NONE', *, *, #3378, .F. ) ;
#2444 = ADVANCED_FACE ( 'NONE', ( #3598 ), #1738, .F. ) ;
#2445 = SHAPE_DEFINITION_REPRESENTATION ( #3486, #1810 ) ;
#2446 = CIRCLE ( 'NONE', #646, 21.99999999999999289 ) ;
#2447 = DIRECTION ( 'NONE',  ( 0.000000000000000000, 0.000000000000000000, -1.000000000000000000 ) ) ;
#2448 = ORIENTED_EDGE ( 'NONE', *, *, #935, .T. ) ;
#2449 = DIRECTION ( 'NONE',  ( -0.000000000000000000, -1.000000000000000000, -0.000000000000000000 ) ) ;
#2450 = VERTEX_POINT ( 'NONE', #3230 ) ;
#2451 = VECTOR ( 'NONE', #834, 1000.000000000000000 ) ;
#2452 = CARTESIAN_POINT ( 'NONE',  ( -56.66726188957804311, 5.000000000000000000, -57.80370120307598114 ) ) ;
#2453 = CARTESIAN_POINT ( 'NONE',  ( 0.000000000000000000, 0.000000000000000000, 0.000000000000000000 ) ) ;
#2454 = CARTESIAN_POINT ( 'NONE',  ( -13.70454381594729121, 4.391801250357438846, 1.517963554406775287E-15 ) ) ;
#2455 = VECTOR ( 'NONE', #3317, 1000.000000000000000 ) ;
#2456 = ORIENTED_EDGE ( 'NONE', *, *, #3444, .T. ) ;
#2457 = ORIENTED_EDGE ( 'NONE', *, *, #327, .F. ) ;
#2458 = CARTESIAN_POINT ( 'NONE',  ( -20.00000000000000000, -3.799999999999999378, -1.396592535537253342E-13 ) ) ;
#2459 = CARTESIAN_POINT ( 'NONE',  ( -28.35210035005836104, 8.312075473978843831, -1.034826545279514447E-15 ) ) ;
#2460 =( LENGTH_UNIT ( ) NAMED_UNIT ( * ) SI_UNIT ( .MILLI., .METRE. ) );
#2461 = CARTESIAN_POINT ( 'NONE',  ( -10.43112513322500234, 7.323837609385374314, -18.94195043366669395 ) ) ;
#2462 = EDGE_CURVE ( 'NONE', #585, #3389, #4720, .T. ) ;
#2463 = DIRECTION ( 'NONE',  ( -0.000000000000000000, 1.000000000000000000, -0.000000000000000000 ) ) ;
#2464 = AXIS2_PLACEMENT_3D ( 'NONE', #977, #602, #3599 ) ;
#2465 = FACE_OUTER_BOUND ( 'NONE', #4375, .T. ) ;
#2466 = CARTESIAN_POINT ( 'NONE',  ( -56.66726188957804311, 5.000000000000000000, -56.25370120307598398 ) ) ;
#2467 = DIRECTION ( 'NONE',  ( 0.000000000000000000, 0.000000000000000000, 1.000000000000000000 ) ) ;
#2468 = ORIENTED_EDGE ( 'NONE', *, *, #3314, .F. ) ;
#2469 = ADVANCED_FACE ( 'NONE', ( #2866 ), #2492, .F. ) ;
#2470 = ORIENTED_EDGE ( 'NONE', *, *, #1505, .T. ) ;
#2471 = AXIS2_PLACEMENT_3D ( 'NONE', #1302, #2370, #3132 ) ;
#2472 = FACE_BOUND ( 'NONE', #964, .T. ) ;
#2473 = ORIENTED_EDGE ( 'NONE', *, *, #4207, .F. ) ;
#2474 = DIRECTION ( 'NONE',  ( -1.000000000000000000, 0.000000000000000000, 0.000000000000000000 ) ) ;
#2475 = ORIENTED_EDGE ( 'NONE', *, *, #615, .F. ) ;
#2476 = DIRECTION ( 'NONE',  ( -0.000000000000000000, -1.000000000000000000, 0.000000000000000000 ) ) ;
#2477 = CARTESIAN_POINT ( 'NONE',  ( 13.00000000000000178, -4.525961875374001409, 0.000000000000000000 ) ) ;
#2478 = ADVANCED_FACE ( 'NONE', ( #3521 ), #1659, .T. ) ;
#2479 = CARTESIAN_POINT ( 'NONE',  ( -29.72530282808941138, 7.229776570311006623, -1.202995347209708528E-15 ) ) ;
#2480 = ORIENTED_EDGE ( 'NONE', *, *, #3875, .F. ) ;
#2481 = ORIENTED_EDGE ( 'NONE', *, *, #3581, .T. ) ;
#2482 = B_SPLINE_CURVE_WITH_KNOTS ( 'NONE', 3,
 ( #185, #3185, #2819, #4314, #957, #2847 ),
 .UNSPECIFIED., .F., .F.,
 ( 4, 1, 1, 4 ),
 ( 0.000000000000000000, 0.1565210492490426430, 0.5689366928055971107, 1.000000000000000000 ),
 .UNSPECIFIED. ) ;
#2483 = DIRECTION ( 'NONE',  ( 0.000000000000000000, 1.000000000000000000, 0.000000000000000000 ) ) ;
#2484 = CARTESIAN_POINT ( 'NONE',  ( -29.37307556689170340, 7.323837609385373426, -1.159859948409887045E-15 ) ) ;
#2485 = DIRECTION ( 'NONE',  ( 0.000000000000000000, 0.000000000000000000, -1.000000000000000000 ) ) ;
#2486 = CARTESIAN_POINT ( 'NONE',  ( -28.45813433136323312, 8.060162897851448349, -17.11206796260976049 ) ) ;
#2487 = AXIS2_PLACEMENT_3D ( 'NONE', #2095, #495, #3879 ) ;
#2488 = VECTOR ( 'NONE', #3911, 1000.000000000000000 ) ;
#2489 = CARTESIAN_POINT ( 'NONE',  ( 26.99999999999999645, 5.000000000000000000, -34.58380151290432281 ) ) ;
#2490 = AXIS2_PLACEMENT_3D ( 'NONE', #1776, #1754, #273 ) ;
#2491 = CARTESIAN_POINT ( 'NONE',  ( -29.44365081389597449, 5.000000000000000000, -69.47096309265403136 ) ) ;
#2492 = CYLINDRICAL_SURFACE ( 'NONE', #3109, 1.549999999999995826 ) ;
#2493 = DIRECTION ( 'NONE',  ( 0.000000000000000000, 0.000000000000000000, 1.000000000000000000 ) ) ;
#2494 = VERTEX_POINT ( 'NONE', #2049 ) ;
#2495 = VERTEX_POINT ( 'NONE', #3548 ) ;
#2496 = DIRECTION ( 'NONE',  ( 0.000000000000000000, 0.000000000000000000, 1.000000000000000000 ) ) ;
#2497 = EDGE_CURVE ( 'NONE', #2494, #1380, #3178, .T. ) ;
#2498 = CARTESIAN_POINT ( 'NONE',  ( -29.09009742330268011, 5.000000000000000000, -76.89558429511278348 ) ) ;
#2499 = EDGE_LOOP ( 'NONE', ( #133, #1117, #290, #950 ) ) ;
#2500 = DIRECTION ( 'NONE',  ( -0.000000000000000000, 1.000000000000000000, -0.000000000000000000 ) ) ;
#2501 = AXIS2_PLACEMENT_3D ( 'NONE', #301, #676, #3670 ) ;
#2502 = AXIS2_PLACEMENT_3D ( 'NONE', #3630, #1767, #4061 ) ;
#2503 = EDGE_CURVE ( 'NONE', #4022, #4089, #529, .T. ) ;
#2504 = CLOSED_SHELL ( 'NONE', ( #4726, #1791, #3641, #186, #4529, #3368, #4199, #4328, #2469, #158, #2280, #1492, #3426, #4113, #1357, #4082, #754, #2444, #669, #4556, #3692, #4393, #3182, #3652, #2949, #4812, #3785, #2972, #1592, #1638, #1724, #1916, #4400, #4364, #2293, #4520, #84, #2823, #3284, #1428, #4267, #820, #3994, #1516, #4645, #2338, #3964, #1180 ) ) ;
#2505 = CARTESIAN_POINT ( 'NONE',  ( -29.44365081389597449, 0.000000000000000000, -69.47096309265403136 ) ) ;
#2506 = ORIENTED_EDGE ( 'NONE', *, *, #181, .T. ) ;
#2507 = EDGE_CURVE ( 'NONE', #2856, #2545, #349, .T. ) ;
#2508 = EDGE_CURVE ( 'NONE', #4093, #3974, #3746, .T. ) ;
#2509 = EDGE_CURVE ( 'NONE', #3126, #992, #1027, .T. ) ;
#2510 = AXIS2_PLACEMENT_3D ( 'NONE', #237, #3995, #3583 ) ;
#2511 = ORIENTED_EDGE ( 'NONE', *, *, #1, .F. ) ;
#2512 = EDGE_LOOP ( 'NONE', ( #2224, #3307, #3336, #2418, #2106, #644, #4324, #2855, #951, #3018, #710, #1526 ) ) ;
#2513 = FACE_BOUND ( 'NONE', #2931, .T. ) ;
#2514 = LINE ( 'NONE', #1407, #49 ) ;
#2515 = PRESENTATION_STYLE_ASSIGNMENT (( #3269 ) ) ;
#2516 = LINE ( 'NONE', #2833, #531 ) ;
#2517 = CIRCLE ( 'NONE', #1735, 2.450000000000000622 ) ;
#2518 = CARTESIAN_POINT ( 'NONE',  ( -19.90210035005835110, 0.000000000000000000, -19.90210035005835110 ) ) ;
#2519 = DIRECTION ( 'NONE',  ( 0.000000000000000000, 0.000000000000000000, 1.000000000000000000 ) ) ;
#2520 = DIRECTION ( 'NONE',  ( -1.000000000000000000, 0.000000000000000000, 0.000000000000000000 ) ) ;
#2521 = DIRECTION ( 'NONE',  ( -0.000000000000000000, 1.000000000000000000, -0.000000000000000000 ) ) ;
#2522 = ORIENTED_EDGE ( 'NONE', *, *, #333, .T. ) ;
#2523 = ORIENTED_EDGE ( 'NONE', *, *, #3614, .F. ) ;
#2524 = PLANE ( 'NONE',  #3595 ) ;
#2525 = EDGE_LOOP ( 'NONE', ( #1152, #206, #3987, #3102, #408, #3034 ) ) ;
#2526 = DIRECTION ( 'NONE',  ( 0.000000000000000000, 0.000000000000000000, -1.000000000000000000 ) ) ;
#2527 = AXIS2_PLACEMENT_3D ( 'NONE', #3571, #897, #2836 ) ;
#2528 = CIRCLE ( 'NONE', #404, 3.525000000000000355 ) ;
#2529 = EDGE_CURVE ( 'NONE', #2025, #341, #2953, .T. ) ;
#2530 = CARTESIAN_POINT ( 'NONE',  ( 10.50000000000000533, -3.799999999999999822, 0.000000000000000000 ) ) ;
#2531 = ORIENTED_EDGE ( 'NONE', *, *, #1151, .T. ) ;
#2532 =( REPRESENTATION_RELATIONSHIP ('NONE','NONE', #1810, #451 ) REPRESENTATION_RELATIONSHIP_WITH_TRANSFORMATION ( #1269 )SHAPE_REPRESENTATION_RELATIONSHIP( ) );
#2533 = ORIENTED_EDGE ( 'NONE', *, *, #63, .T. ) ;
#2534 = EDGE_CURVE ( 'NONE', #2419, #655, #1010, .T. ) ;
#2535 = ORIENTED_EDGE ( 'NONE', *, *, #2346, .F. ) ;
#2536 = FACE_OUTER_BOUND ( 'NONE', #1133, .T. ) ;
#2537 = FACE_OUTER_BOUND ( 'NONE', #1715, .T. ) ;
#2538 = SURFACE_STYLE_FILL_AREA ( #3954 ) ;
#2539 = CIRCLE ( 'NONE', #1442, 4.999999999999990230 ) ;
#2540 = VECTOR ( 'NONE', #1496, 999.9999999999998863 ) ;
#2541 = DIRECTION ( 'NONE',  ( 0.000000000000000000, 0.000000000000000000, 1.000000000000000000 ) ) ;
#2542 = CARTESIAN_POINT ( 'NONE',  ( -33.33273811042200663, 5.000000000000000000, -87.13822498223211710 ) ) ;
#2543 = SURFACE_STYLE_USAGE ( .BOTH. , #4405 ) ;
#2544 = FACE_OUTER_BOUND ( 'NONE', #64, .T. ) ;
#2545 = VERTEX_POINT ( 'NONE', #324 ) ;
#2546 = ORIENTED_EDGE ( 'NONE', *, *, #1362, .T. ) ;
#2547 = CIRCLE ( 'NONE', #3864, 8.000000000000000000 ) ;
#2548 = CARTESIAN_POINT ( 'NONE',  ( -19.90210035005835110, 3.340681043584106558, 10.99660225194722152 ) ) ;
#2549 = CYLINDRICAL_SURFACE ( 'NONE', #1765, 15.99999999999999645 ) ;
#2550 = AXIS2_PLACEMENT_3D ( 'NONE', #2787, #1343, #2126 ) ;
#2551 = DIRECTION ( 'NONE',  ( -0.000000000000000000, 1.000000000000000000, -0.000000000000000000 ) ) ;
#2552 = VERTEX_POINT ( 'NONE', #3255 ) ;
#2553 = ORIENTED_EDGE ( 'NONE', *, *, #1130, .T. ) ;
#2554 = ORIENTED_EDGE ( 'NONE', *, *, #340, .T. ) ;
#2555 = ORIENTED_EDGE ( 'NONE', *, *, #3432, .F. ) ;
#2556 = FACE_OUTER_BOUND ( 'NONE', #1393, .T. ) ;
#2557 = ADVANCED_FACE ( 'NONE', ( #1465 ), #2588, .F. ) ;
#2558 = DIRECTION ( 'NONE',  ( 0.000000000000000000, 0.000000000000000000, -1.000000000000000000 ) ) ;
#2559 = CARTESIAN_POINT ( 'NONE',  ( 13.54999999999999893, -13.30000000000000071, 0.000000000000000000 ) ) ;
#2560 = EDGE_CURVE ( 'NONE', #2423, #257, #2646, .T. ) ;
#2561 = DIRECTION ( 'NONE',  ( 0.000000000000000000, 0.000000000000000000, 1.000000000000000000 ) ) ;
#2562 = FACE_OUTER_BOUND ( 'NONE', #4011, .T. ) ;
#2563 = DIRECTION ( 'NONE',  ( 0.000000000000000000, 1.000000000000000000, 0.000000000000000000 ) ) ;
#2564 = LINE ( 'NONE', #229, #4210 ) ;
#2565 = ORIENTED_EDGE ( 'NONE', *, *, #3526, .T. ) ;
#2566 = EDGE_LOOP ( 'NONE', ( #3107, #4828 ) ) ;
#2567 = ADVANCED_FACE ( 'NONE', ( #3717 ), #1115, .T. ) ;
#2568 = CIRCLE ( 'NONE', #1932, 10.50000000000000533 ) ;
#2569 = PRODUCT_DEFINITION_FORMATION_WITH_SPECIFIED_SOURCE ( 'ä»', '', #4221, .NOT_KNOWN. ) ;
#2570 = CARTESIAN_POINT ( 'NONE',  ( -42.87552284096518918, 1.971306632855776453, -2.813432831894886816E-15 ) ) ;
#2571 = CYLINDRICAL_SURFACE ( 'NONE', #2502, 5.000000000000004441 ) ;
#2572 = DIRECTION ( 'NONE',  ( 0.000000000000000000, 0.000000000000000000, 1.000000000000000000 ) ) ;
#2573 = EDGE_LOOP ( 'NONE', ( #3184, #4227, #2590, #2828, #2535 ) ) ;
#2574 = CARTESIAN_POINT ( 'NONE',  ( -26.09965688416941632, 4.391801250357438846, -12.39511306822211800 ) ) ;
#2575 = VERTEX_POINT ( 'NONE', #4772 ) ;
#2576 = PRESENTATION_LAYER_ASSIGNMENT (  '', '', ( #2264 ) ) ;
#2577 = ORIENTED_EDGE ( 'NONE', *, *, #2308, .T. ) ;
#2578 = EDGE_LOOP ( 'NONE', ( #3265, #4352, #2163, #3477 ) ) ;
#2579 = ORIENTED_EDGE ( 'NONE', *, *, #3789, .F. ) ;
#2580 = CARTESIAN_POINT ( 'NONE',  ( -13.54999999999999893, -15.80000000000000071, 0.000000000000000000 ) ) ;
#2581 = EDGE_CURVE ( 'NONE', #2026, #567, #2255, .T. ) ;
#2582 = CARTESIAN_POINT ( 'NONE',  ( -8.500000000000003553, -8.849999999999992539, -5.935518276033329228E-14 ) ) ;
#2583 = DIRECTION ( 'NONE',  ( 0.000000000000000000, 0.000000000000000000, -1.000000000000000000 ) ) ;
#2584 = AXIS2_PLACEMENT_3D ( 'NONE', #960, #3635, #987 ) ;
#2585 = EDGE_CURVE ( 'NONE', #1032, #2795, #3600, .T. ) ;
#2586 = CARTESIAN_POINT ( 'NONE',  ( 8.800000000000004263, -13.85000000000000320, 0.000000000000000000 ) ) ;
#2587 = CARTESIAN_POINT ( 'NONE',  ( 3.071322140848479876, 1.971306632855776453, 5.626865663789774420E-15 ) ) ;
#2588 = CYLINDRICAL_SURFACE ( 'NONE', #1629, 1.500000000000001332 ) ;
#2589 = DIRECTION ( 'NONE',  ( 0.000000000000000000, 0.000000000000000000, -1.000000000000000000 ) ) ;
#2590 = ORIENTED_EDGE ( 'NONE', *, *, #4707, .F. ) ;
#2591 = VERTEX_POINT ( 'NONE', #2907 ) ;
#2592 = VECTOR ( 'NONE', #3023, 1000.000000000000114 ) ;
#2593 = EDGE_CURVE ( 'NONE', #3703, #3008, #2192, .T. ) ;
#2594 = CARTESIAN_POINT ( 'NONE',  ( -60.90990257669735541, 0.000000000000000000, -62.04634189019528634 ) ) ;
#2595 = MANIFOLD_SOLID_BREP ( 'ÇÐ³ý-À­Éì1', #224 ) ;
#2596 = PRESENTATION_STYLE_ASSIGNMENT (( #2912 ) ) ;
#2597 = DIRECTION ( 'NONE',  ( -0.000000000000000000, 1.000000000000000000, -0.000000000000000000 ) ) ;
#2598 = ORIENTED_EDGE ( 'NONE', *, *, #3308, .F. ) ;
#2599 = VECTOR ( 'NONE', #3870, 1000.000000000000000 ) ;
#2600 = PRODUCT_DEFINITION_CONTEXT ( 'detailed design', #1717, 'design' ) ;
#2601 = CARTESIAN_POINT ( 'NONE',  ( -12.34622232975472045, 3.067221540086911169, -15.11175604060726663 ) ) ;
#2602 = VECTOR ( 'NONE', #552, 1000.000000000000000 ) ;
#2603 = ORIENTED_EDGE ( 'NONE', *, *, #1127, .F. ) ;
#2604 = ORIENTED_EDGE ( 'NONE', *, *, #2763, .F. ) ;
#2605 = AXIS2_PLACEMENT_3D ( 'NONE', #3931, #2073, #4222 ) ;
#2606 = ORIENTED_EDGE ( 'NONE', *, *, #401, .F. ) ;
#2607 = ORIENTED_EDGE ( 'NONE', *, *, #915, .F. ) ;
#2608 = CARTESIAN_POINT ( 'NONE',  ( -13.00000000000000178, -3.800000000000000266, -9.077851480992147986E-14 ) ) ;
#2609 = CARTESIAN_POINT ( 'NONE',  ( -22.31648174122047479, 13.38752406167055575, -2.956764442607626400E-16 ) ) ;
#2610 = CARTESIAN_POINT ( 'NONE',  ( 0.000000000000000000, 26.14942490415070253, 0.000000000000000000 ) ) ;
#2611 = CIRCLE ( 'NONE', #1053, 6.000000000000019540 ) ;
#2612 = DIRECTION ( 'NONE',  ( -1.000000000000000000, 0.000000000000000000, -0.000000000000000000 ) ) ;
#2613 = ADVANCED_FACE ( 'NONE', ( #2245 ), #4514, .T. ) ;
#2614 = CARTESIAN_POINT ( 'NONE',  ( 7.115701178078298383, 0.001519591069921833555, 54.03560305627331672 ) ) ;
#2615 = FILL_AREA_STYLE_COLOUR ( '', #927 ) ;
#2616 = CARTESIAN_POINT ( 'NONE',  ( -13.54999999999999893, -13.30000000000000071, 1.500000000000000000 ) ) ;
#2617 = DIRECTION ( 'NONE',  ( -0.000000000000000000, 1.000000000000000000, -0.000000000000000000 ) ) ;
#2618 = ORIENTED_EDGE ( 'NONE', *, *, #340, .F. ) ;
#2619 = CIRCLE ( 'NONE', #4558, 1.499999999999999556 ) ;
#2620 = CARTESIAN_POINT ( 'NONE',  ( -28.35210035005836104, 8.312075473978843831, -1.124191686217896244E-15 ) ) ;
#2621 = EDGE_CURVE ( 'NONE', #2132, #257, #3046, .T. ) ;
#2622 = DIRECTION ( 'NONE',  ( -0.000000000000000000, 1.000000000000000000, -0.000000000000000000 ) ) ;
#2623 = ORIENTED_EDGE ( 'NONE', *, *, #836, .F. ) ;
#2624 = CARTESIAN_POINT ( 'NONE',  ( -27.45797837036198175, 3.067221540086911169, -15.11175604060726485 ) ) ;
#2625 = ORIENTED_EDGE ( 'NONE', *, *, #1624, .F. ) ;
#2626 = ORIENTED_EDGE ( 'NONE', *, *, #3932, .F. ) ;
#2627 = ORIENTED_EDGE ( 'NONE', *, *, #4159, .T. ) ;
#2628 = EDGE_LOOP ( 'NONE', ( #4819, #268, #505, #3750 ) ) ;
#2629 = FACE_OUTER_BOUND ( 'NONE', #4313, .T. ) ;
#2630 = EDGE_CURVE ( 'NONE', #3209, #6, #4050, .T. ) ;
#2631 = VECTOR ( 'NONE', #4288, 1000.000000000000000 ) ;
#2632 = LINE ( 'NONE', #1507, #1282 ) ;
#2633 = CARTESIAN_POINT ( 'NONE',  ( 0.000000000000000000, -3.800000000000001155, 0.000000000000000000 ) ) ;
#2634 = CARTESIAN_POINT ( 'NONE',  ( 13.54999999999999893, -13.30000000000000071, 1.500000000000000000 ) ) ;
#2635 = DIRECTION ( 'NONE',  ( 1.000000000000000000, 0.000000000000000000, -0.000000000000000000 ) ) ;
#2636 = CARTESIAN_POINT ( 'NONE',  ( -3.902100350058363976, 1.740681043584102250, 31.99999999999999645 ) ) ;
#2637 = ORIENTED_EDGE ( 'NONE', *, *, #2710, .F. ) ;
#2638 = ORIENTED_EDGE ( 'NONE', *, *, #481, .T. ) ;
#2639 = DIRECTION ( 'NONE',  ( -0.000000000000000000, 1.000000000000000000, -0.000000000000000000 ) ) ;
#2640 = DIRECTION ( 'NONE',  ( -0.000000000000000000, 1.000000000000000000, -0.000000000000000000 ) ) ;
#2641 = EDGE_LOOP ( 'NONE', ( #1637, #4596, #1969, #4085 ) ) ;
#2642 = AXIS2_PLACEMENT_3D ( 'NONE', #2831, #4329, #4715 ) ;
#2643 = PRODUCT_DEFINITION_CONTEXT ( 'detailed design', #1435, 'design' ) ;
#2644 = FACE_BOUND ( 'NONE', #3696, .T. ) ;
#2645 = VERTEX_POINT ( 'NONE', #816 ) ;
#2646 = CIRCLE ( 'NONE', #292, 1.500000000000001332 ) ;
#2647 = COLOUR_RGB ( '',0.7921568627450980005, 0.8196078431372548767, 0.9333333333333333481 ) ;
#2648 = VECTOR ( 'NONE', #1582, 1000.000000000000000 ) ;
#2649 = ORIENTED_EDGE ( 'NONE', *, *, #2560, .T. ) ;
#2650 = ORIENTED_EDGE ( 'NONE', *, *, #2917, .F. ) ;
#2651 = CARTESIAN_POINT ( 'NONE',  ( 0.000000000000000000, -16.35000000000000497, 8.500000000000003553 ) ) ;
#2652 = EDGE_CURVE ( 'NONE', #3602, #581, #2313, .T. ) ;
#2653 = CARTESIAN_POINT ( 'NONE',  ( -24.14583515557771776, 6.996578877477782399, 8.487469611038722661 ) ) ;
#2654 = CARTESIAN_POINT ( 'NONE',  ( 0.000000000000000000, 26.14942490415070253, 0.000000000000000000 ) ) ;
#2655 = ADVANCED_FACE ( 'NONE', ( #1580, #866 ), #2333, .F. ) ;
#2656 = MANIFOLD_SOLID_BREP ( 'Í¹Ì¨-À­Éì2[2]', #1285 ) ;
#2657 = CARTESIAN_POINT ( 'NONE',  ( -13.44365081389598338, 5.000000000000000000, -29.42933253231148782 ) ) ;
#2658 = CARTESIAN_POINT ( 'NONE',  ( -49.80210035005838165, -0.1774874432095524257, 59.80000000000001847 ) ) ;
#2659 = DIRECTION ( 'NONE',  ( -0.000000000000000000, 1.000000000000000000, -0.000000000000000000 ) ) ;
#2660 = CARTESIAN_POINT ( 'NONE',  ( -36.21572331662623867, 1.538759491240390131, -1.997842614850410338E-15 ) ) ;
#2661 = CARTESIAN_POINT ( 'NONE',  ( -10.50000000000000533, -8.849999999999992539, -7.332110811570583833E-14 ) ) ;
#2662 = AXIS2_PLACEMENT_3D ( 'NONE', #4482, #1499, #664 ) ;
#2663 = DIRECTION ( 'NONE',  ( 0.000000000000000000, 0.000000000000000000, -1.000000000000000000 ) ) ;
#2664 = DIRECTION ( 'NONE',  ( 1.000000000000000000, 0.000000000000000000, 0.000000000000000000 ) ) ;
#2665 = ORIENTED_EDGE ( 'NONE', *, *, #3036, .F. ) ;
#2666 = PLANE ( 'NONE',  #298 ) ;
#2667 = EDGE_LOOP ( 'NONE', ( #3720, #3914, #4483, #2937 ) ) ;
#2668 = AXIS2_PLACEMENT_3D ( 'NONE', #2559, #345, #4836 ) ;
#2669 = EDGE_CURVE ( 'NONE', #1611, #1030, #2568, .T. ) ;
#2670 = ORIENTED_EDGE ( 'NONE', *, *, #913, .T. ) ;
#2671 = ORIENTED_EDGE ( 'NONE', *, *, #3730, .F. ) ;
#2672 = CARTESIAN_POINT ( 'NONE',  ( -36.21572331662623156, 1.538759491240389909, -32.62724593313576094 ) ) ;
#2673 = EDGE_CURVE ( 'NONE', #4508, #849, #610, .T. ) ;
#2674 = VECTOR ( 'NONE', #1804, 1000.000000000000000 ) ;
#2675 = CARTESIAN_POINT ( 'NONE',  ( -17.48771895889623096, 13.38752406167055398, 4.828762782324247382 ) ) ;
#2676 = DIRECTION ( 'NONE',  ( 0.000000000000000000, 0.000000000000000000, 1.000000000000000000 ) ) ;
#2677 = EDGE_CURVE ( 'NONE', #3729, #4136, #1622, .T. ) ;
#2678 = VECTOR ( 'NONE', #3438, 1000.000000000000000 ) ;
#2679 = FACE_OUTER_BOUND ( 'NONE', #1345, .T. ) ;
#2680 = CARTESIAN_POINT ( 'NONE',  ( -13.54999999999999893, -13.30000000000000071, 1.500000000000000000 ) ) ;
#2681 = LINE ( 'NONE', #442, #1080 ) ;
#2682 = DIRECTION ( 'NONE',  ( 0.000000000000000000, 1.000000000000000000, 0.000000000000000000 ) ) ;
#2683 = DIRECTION ( 'NONE',  ( 0.000000000000000000, 0.000000000000000000, 1.000000000000000000 ) ) ;
#2684 = DIRECTION ( 'NONE',  ( 0.000000000000000000, 0.000000000000000000, 1.000000000000000000 ) ) ;
#2685 = DIRECTION ( 'NONE',  ( -0.7071067811865487940, 0.000000000000000000, -0.7071067811865463515 ) ) ;
#2686 = ORIENTED_EDGE ( 'NONE', *, *, #3577, .T. ) ;
#2687 = CIRCLE ( 'NONE', #4492, 15.99999999999999645 ) ;
#2688 =( NAMED_UNIT ( * ) SI_UNIT ( $, .STERADIAN. ) SOLID_ANGLE_UNIT ( ) );
#2689 = CARTESIAN_POINT ( 'NONE',  ( -19.90210035005835110, 24.63667557965986532, 0.000000000000000000 ) ) ;
#2690 = ORIENTED_EDGE ( 'NONE', *, *, #913, .F. ) ;
#2691 = ORIENTED_EDGE ( 'NONE', *, *, #3423, .T. ) ;
#2692 = DIRECTION ( 'NONE',  ( 0.000000000000000000, 0.000000000000000000, -1.000000000000000000 ) ) ;
#2693 = CYLINDRICAL_SURFACE ( 'NONE', #4167, 1.500000000000001332 ) ;
#2694 = PRODUCT_DEFINITION_SHAPE ( 'NONE', 'NONE',  #4859 ) ;
#2695 = FACE_OUTER_BOUND ( 'NONE', #4392, .T. ) ;
#2696 = EDGE_CURVE ( 'NONE', #2944, #2279, #2681, .T. ) ;
#2697 = CIRCLE ( 'NONE', #3090, 10.45000000000000462 ) ;
#2698 = DIRECTION ( 'NONE',  ( 0.000000000000000000, 1.000000000000000000, 0.000000000000000000 ) ) ;
#2699 = DIRECTION ( 'NONE',  ( 1.000000000000000000, 0.000000000000000000, 6.982962677686270655E-15 ) ) ;
#2700 = FACE_BOUND ( 'NONE', #1614, .T. ) ;
#2701 = DIRECTION ( 'NONE',  ( 0.000000000000000000, 0.000000000000000000, 1.000000000000000000 ) ) ;
#2702 = CYLINDRICAL_SURFACE ( 'NONE', #3327, 1.499999999999999556 ) ;
#2703 = DIRECTION ( 'NONE',  ( 0.000000000000000000, 0.000000000000000000, 1.000000000000000000 ) ) ;
#2704 = EDGE_CURVE ( 'NONE', #2856, #3454, #3664, .T. ) ;
#2705 = DIRECTION ( 'NONE',  ( 0.000000000000000000, 1.000000000000000000, 0.000000000000000000 ) ) ;
#2706 = CARTESIAN_POINT ( 'NONE',  ( -20.00000000000000000, 0.000000000000000000, -1.396592535537253342E-13 ) ) ;
#2707 = CARTESIAN_POINT ( 'NONE',  ( -35.90210035005834754, 1.740681043584102472, -2.198369613818301288E-15 ) ) ;
#2708 = EDGE_LOOP ( 'NONE', ( #1476, #4659 ) ) ;
#2709 = ORIENTED_EDGE ( 'NONE', *, *, #3308, .T. ) ;
#2710 = EDGE_CURVE ( 'NONE', #2736, #1616, #3465, .T. ) ;
#2711 = SHAPE_REPRESENTATION_RELATIONSHIP ( 'NONE' , 'NONE' ,  #4149, #3332 ) ;
#2712 = CARTESIAN_POINT ( 'NONE',  ( -19.90210035005835110, 15.88667557965986177, 0.000000000000000000 ) ) ;
#2713 = ORIENTED_EDGE ( 'NONE', *, *, #3735, .F. ) ;
#2714 = VECTOR ( 'NONE', #841, 1000.000000000000000 ) ;
#2715 = AXIS2_PLACEMENT_3D ( 'NONE', #2276, #3012, #3751 ) ;
#2716 = ORIENTED_EDGE ( 'NONE', *, *, #4707, .T. ) ;
#2717 = AXIS2_PLACEMENT_3D ( 'NONE', #3371, #4, #4195 ) ;
#2718 = CARTESIAN_POINT ( 'NONE',  ( -37.99049328464022324, 0.5732407636741823076, -36.17678586916374428 ) ) ;
#2719 = DIRECTION ( 'NONE',  ( 0.000000000000000000, 0.000000000000000000, 1.000000000000000000 ) ) ;
#2720 = CARTESIAN_POINT ( 'NONE',  ( -56.66726188957796495, 5.000000000000000000, -79.58822498223190678 ) ) ;
#2721 = ADVANCED_FACE ( 'NONE', ( #2726 ), #1512, .T. ) ;
#2722 = FACE_BOUND ( 'NONE', #1661, .T. ) ;
#2723 = FACE_OUTER_BOUND ( 'NONE', #830, .T. ) ;
#2724 = DIRECTION ( 'NONE',  ( -0.000000000000000000, 1.000000000000000000, -0.000000000000000000 ) ) ;
#2725 = AXIS2_PLACEMENT_3D ( 'NONE', #1439, #4747, #4721 ) ;
#2726 = FACE_OUTER_BOUND ( 'NONE', #3773, .T. ) ;
#2727 = FACE_BOUND ( 'NONE', #4063, .T. ) ;
#2728 = CIRCLE ( 'NONE', #4600, 8.500000000000003553 ) ;
#2729 = LINE ( 'NONE', #4517, #1090 ) ;
#2730 = EDGE_CURVE ( 'NONE', #4137, #1886, #28, .T. ) ;
#2731 = CIRCLE ( 'NONE', #2112, 10.99660225194722152 ) ;
#2732 = DIRECTION ( 'NONE',  ( 0.000000000000000000, 1.000000000000000000, 0.000000000000000000 ) ) ;
#2733 = FACE_OUTER_BOUND ( 'NONE', #4683, .T. ) ;
#2734 = CARTESIAN_POINT ( 'NONE',  ( 13.00000000000000178, -4.525961875374001409, 1.500000000000000000 ) ) ;
#2735 = ORIENTED_EDGE ( 'NONE', *, *, #3845, .F. ) ;
#2736 = VERTEX_POINT ( 'NONE', #3172 ) ;
#2737 = EDGE_CURVE ( 'NONE', #152, #1719, #3220, .T. ) ;
#2738 = CARTESIAN_POINT ( 'NONE',  ( -19.90210035005835110, 24.63667557965986532, -2.450000000000000622 ) ) ;
#2739 = VERTEX_POINT ( 'NONE', #1363 ) ;
#2740 = DIRECTION ( 'NONE',  ( 0.000000000000000000, 0.000000000000000000, 1.000000000000000000 ) ) ;
#2741 = ORIENTED_EDGE ( 'NONE', *, *, #3032, .F. ) ;
#2742 = CIRCLE ( 'NONE', #2347, 1.550000000000065103 ) ;
#2743 = ORIENTED_EDGE ( 'NONE', *, *, #3877, .F. ) ;
#2744 = DIRECTION ( 'NONE',  ( 0.000000000000000000, 1.000000000000000000, 0.000000000000000000 ) ) ;
#2745 = LINE ( 'NONE', #4269, #2599 ) ;
#2746 = DIRECTION ( 'NONE',  ( -0.000000000000000000, -1.000000000000000000, -0.000000000000000000 ) ) ;
#2747 = CARTESIAN_POINT ( 'NONE',  ( -30.83811767610334087, 6.620376742835877515, -21.87203465208997955 ) ) ;
#2748 = ORIENTED_EDGE ( 'NONE', *, *, #452, .T. ) ;
#2749 = LINE ( 'NONE', #890, #2997 ) ;
#2750 = CIRCLE ( 'NONE', #2527, 1.500000000000001332 ) ;
#2751 = CIRCLE ( 'NONE', #2108, 7.500000000000000000 ) ;
#2752 = PLANE ( 'NONE',  #4820 ) ;
#2753 = LINE ( 'NONE', #3905, #605 ) ;
#2754 = CARTESIAN_POINT ( 'NONE',  ( -41.46446609406735462, 0.000000000000000000, -81.49177837282536530 ) ) ;
#2755 = LINE ( 'NONE', #2292, #624 ) ;
#2756 = AXIS2_PLACEMENT_3D ( 'NONE', #3069, #2311, #4144 ) ;
#2757 = DIRECTION ( 'NONE',  ( 0.000000000000000000, 0.000000000000000000, 1.000000000000000000 ) ) ;
#2758 = CARTESIAN_POINT ( 'NONE',  ( 0.000000000000000000, 0.000000000000000000, 0.000000000000000000 ) ) ;
#2759 = CARTESIAN_POINT ( 'NONE',  ( -32.97918471982870159, 5.000000000000000000, -65.93542918672126518 ) ) ;
#2760 = CARTESIAN_POINT ( 'NONE',  ( 0.000000000000000000, 0.000000000000000000, -50.00000000000000000 ) ) ;
#2761 = EDGE_LOOP ( 'NONE', ( #2523, #4036, #1474, #1820 ) ) ;
#2762 = ORIENTED_EDGE ( 'NONE', *, *, #1575, .F. ) ;
#2763 = EDGE_CURVE ( 'NONE', #2879, #1750, #444, .T. ) ;
#2764 = CARTESIAN_POINT ( 'NONE',  ( -19.90210035005835110, 14.50106184802028153, -2.450000000000000622 ) ) ;
#2765 = ORIENTED_EDGE ( 'NONE', *, *, #3333, .F. ) ;
#2766 = CARTESIAN_POINT ( 'NONE',  ( -40.00000000000002132, 5.000000000000000000, -55.98568171841543517 ) ) ;
#2767 = VECTOR ( 'NONE', #937, 1000.000000000000000 ) ;
#2768 = AXIS2_PLACEMENT_3D ( 'NONE', #202, #3177, #3883 ) ;
#2769 = ORIENTED_EDGE ( 'NONE', *, *, #2801, .T. ) ;
#2770 = ORIENTED_EDGE ( 'NONE', *, *, #2348, .T. ) ;
#2771 = CARTESIAN_POINT ( 'NONE',  ( 8.500000000000003553, -8.849999999999992539, 0.000000000000000000 ) ) ;
#2772 = DIRECTION ( 'NONE',  ( 0.000000000000000000, 0.000000000000000000, 1.000000000000000000 ) ) ;
#2773 = CARTESIAN_POINT ( 'NONE',  ( -29.05121421725457864, 2.033202709351189519, 18.29822773439244088 ) ) ;
#2774 = CARTESIAN_POINT ( 'NONE',  ( -9.992656843561592339, 7.182549245871483912, -19.81888701299351752 ) ) ;
#2775 = PRODUCT_DEFINITION ( 'æœ', '', #1319, #3812 ) ;
#2776 = EDGE_CURVE ( 'NONE', #4158, #1904, #2753, .T. ) ;
#2777 = AXIS2_PLACEMENT_3D ( 'NONE', #3305, #609, #234 ) ;
#2778 = ORIENTED_EDGE ( 'NONE', *, *, #3188, .T. ) ;
#2779 = FACE_BOUND ( 'NONE', #1118, .T. ) ;
#2780 = CARTESIAN_POINT ( 'NONE',  ( 10.55000000000000071, -10.80000000000000071, 1.500000000000000000 ) ) ;
#2781 = CARTESIAN_POINT ( 'NONE',  ( -9.992656843561590563, 7.182549245871482135, 2.427113654312556475E-15 ) ) ;
#2782 = LINE ( 'NONE', #944, #369 ) ;
#2783 = LINE ( 'NONE', #3270, #3508 ) ;
#2784 = AXIS2_PLACEMENT_3D ( 'NONE', #1372, #525, #1712 ) ;
#2785 = FACE_OUTER_BOUND ( 'NONE', #1148, .T. ) ;
#2786 = PLANE ( 'NONE',  #1366 ) ;
#2787 = CARTESIAN_POINT ( 'NONE',  ( 0.000000000000000000, -8.849999999999996092, 0.000000000000000000 ) ) ;
#2788 = CARTESIAN_POINT ( 'NONE',  ( -56.66726188957796495, 0.000000000000000000, -81.13822498223190394 ) ) ;
#2789 = ORIENTED_EDGE ( 'NONE', *, *, #4805, .T. ) ;
#2790 = ORIENTED_EDGE ( 'NONE', *, *, #320, .T. ) ;
#2791 = EDGE_CURVE ( 'NONE', #484, #4784, #222, .T. ) ;
#2792 = CARTESIAN_POINT ( 'NONE',  ( -32.97918471982871580, 5.000000000000000000, -73.00649699858676911 ) ) ;
#2793 = ORIENTED_EDGE ( 'NONE', *, *, #4468, .F. ) ;
#2794 = FACE_OUTER_BOUND ( 'NONE', #1570, .T. ) ;
#2795 = VERTEX_POINT ( 'NONE', #3953 ) ;
#2796 = DIRECTION ( 'NONE',  ( 0.000000000000000000, 0.000000000000000000, 1.000000000000000000 ) ) ;
#2797 = CARTESIAN_POINT ( 'NONE',  ( -60.55634918610412143, 5.000000000000000000, -69.47096309265400293 ) ) ;
#2798 = DIRECTION ( 'NONE',  ( -0.7071067811865469066, 0.000000000000000000, 0.7071067811865482389 ) ) ;
#2799 = CIRCLE ( 'NONE', #1004, 1.500000000000001332 ) ;
#2800 = ORIENTED_EDGE ( 'NONE', *, *, #3010, .F. ) ;
#2801 = EDGE_CURVE ( 'NONE', #3537, #3832, #4584, .T. ) ;
#2802 = CARTESIAN_POINT ( 'NONE',  ( -19.90210035005835110, 1.740681043584102472, 0.000000000000000000 ) ) ;
#2803 = ADVANCED_FACE ( 'NONE', ( #994 ), #4332, .F. ) ;
#2804 = CARTESIAN_POINT ( 'NONE',  ( -13.54999999999999893, -15.80000000000000071, 0.000000000000000000 ) ) ;
#2805 = CARTESIAN_POINT ( 'NONE',  ( -10.43112513322500412, 7.323837609385373426, 2.319719896819774089E-15 ) ) ;
#2806 = CARTESIAN_POINT ( 'NONE',  ( -37.99049328464023034, 0.5732407636741823076, -2.215189250905529239E-15 ) ) ;
#2807 = CARTESIAN_POINT ( 'NONE',  ( -28.35210035005836104, 8.312075473978843831, -1.034826545279514447E-15 ) ) ;
#2808 = AXIS2_PLACEMENT_3D ( 'NONE', #2071, #3222, #2043 ) ;
#2809 = AXIS2_PLACEMENT_3D ( 'NONE', #2689, #3384, #2299 ) ;
#2810 = DIRECTION ( 'NONE',  ( -0.000000000000000000, 1.000000000000000000, -0.000000000000000000 ) ) ;
#2811 = CARTESIAN_POINT ( 'NONE',  ( 7.714285714285712636, 0.000000000000000000, -39.88108614654409223 ) ) ;
#2812 = DIRECTION ( 'NONE',  ( 1.000000000000000000, 0.000000000000000000, 6.982962677686266711E-15 ) ) ;
#2813 = LINE ( 'NONE', #204, #478 ) ;
#2814 = EDGE_LOOP ( 'NONE', ( #619, #3611, #2846, #612 ) ) ;
#2815 = EDGE_LOOP ( 'NONE', ( #1062, #1563, #1881, #2604, #1845 ) ) ;
#2816 = PRODUCT_CONTEXT ( 'NONE', #1778, 'mechanical' ) ;
#2817 = CARTESIAN_POINT ( 'NONE',  ( 0.000000000000000000, 5.000000000000000000, -42.00000000000000000 ) ) ;
#2818 = EDGE_LOOP ( 'NONE', ( #1773, #2919, #2623, #3752, #4449, #2296, #925, #4105, #3361, #2248, #2480, #3406, #4754, #1594, #2366, #1901, #1144, #482, #4371, #1058, #3857, #661, #666, #3795, #57, #85, #4186, #2194, #4258, #3326 ) ) ;
#2819 = CARTESIAN_POINT ( 'NONE',  ( -10.43112513322500412, 7.323837609385373426, 0.000000000000000000 ) ) ;
#2820 = ORIENTED_EDGE ( 'NONE', *, *, #2375, .F. ) ;
#2821 = AXIS2_PLACEMENT_3D ( 'NONE', #4370, #161, #2113 ) ;
#2822 = CARTESIAN_POINT ( 'NONE',  ( -9.520122296069100543, 1.747546292539036150, 0.000000000000000000 ) ) ;
#2823 = ADVANCED_FACE ( 'NONE', ( #4356 ), #917, .F. ) ;
#2824 = CARTESIAN_POINT ( 'NONE',  ( -19.90210035005835110, 24.63667557965986177, 0.000000000000000000 ) ) ;
#2825 = CARTESIAN_POINT ( 'NONE',  ( -12.34622232975472578, 3.067221540086911169, 15.11175604060726485 ) ) ;
#2826 = AXIS2_PLACEMENT_3D ( 'NONE', #3668, #4792, #4404 ) ;
#2827 = EDGE_LOOP ( 'NONE', ( #3756, #4035, #3659, #4618 ) ) ;
#2828 = ORIENTED_EDGE ( 'NONE', *, *, #2508, .F. ) ;
#2829 = LINE ( 'NONE', #2458, #3942 ) ;
#2830 = EDGE_CURVE ( 'NONE', #4158, #1833, #3348, .T. ) ;
#2831 = CARTESIAN_POINT ( 'NONE',  ( -13.54999999999999893, -13.30000000000000071, 0.000000000000000000 ) ) ;
#2832 = DIRECTION ( 'NONE',  ( 0.000000000000000000, 1.000000000000000000, 0.000000000000000000 ) ) ;
#2833 = CARTESIAN_POINT ( 'NONE',  ( 11.66726188957801291, 7.700000000000000178, 13.16726188957805910 ) ) ;
#2834 = CIRCLE ( 'NONE', #4539, 2.450000000000000622 ) ;
#2835 = CIRCLE ( 'NONE', #4320, 1.499999999999999556 ) ;
#2836 = DIRECTION ( 'NONE',  ( 1.000000000000000000, 0.000000000000000000, 0.000000000000000000 ) ) ;
#2837 = LINE ( 'NONE', #626, #1421 ) ;
#2838 = DIRECTION ( 'NONE',  ( 0.000000000000000000, 0.000000000000000000, 1.000000000000000000 ) ) ;
#2839 = DIRECTION ( 'NONE',  ( 1.000000000000000000, 0.000000000000000000, 0.000000000000000000 ) ) ;
#2840 = VERTEX_POINT ( 'NONE', #2013 ) ;
#2841 = VERTEX_POINT ( 'NONE', #3515 ) ;
#2842 = CIRCLE ( 'NONE', #321, 6.000000000000019540 ) ;
#2843 = EDGE_CURVE ( 'NONE', #1327, #1677, #4276, .T. ) ;
#2844 = CONTEXT_DEPENDENT_SHAPE_REPRESENTATION ( #2532, #146 ) ;
#2845 = DIRECTION ( 'NONE',  ( -0.000000000000000000, -1.000000000000000000, -0.000000000000000000 ) ) ;
#2846 = ORIENTED_EDGE ( 'NONE', *, *, #1805, .T. ) ;
#2847 = CARTESIAN_POINT ( 'NONE',  ( -11.45210035005834470, 8.312075473978843831, 0.000000000000000000 ) ) ;
#2848 = ORIENTED_EDGE ( 'NONE', *, *, #4745, .T. ) ;
#2849 = AXIS2_PLACEMENT_3D ( 'NONE', #4298, #4399, #2117 ) ;
#2850 = AXIS2_PLACEMENT_3D ( 'NONE', #1262, #4254, #1685 ) ;
#2851 = CARTESIAN_POINT ( 'NONE',  ( -14.78019021559369861, 5.777545601188450952, 0.000000000000000000 ) ) ;
#2852 = DIRECTION ( 'NONE',  ( 0.000000000000000000, 0.000000000000000000, 1.000000000000000000 ) ) ;
#2853 = DIRECTION ( 'NONE',  ( 0.000000000000000000, 1.000000000000000000, 0.000000000000000000 ) ) ;
#2854 = VECTOR ( 'NONE', #4788, 999.9999999999998863 ) ;
#2855 = ORIENTED_EDGE ( 'NONE', *, *, #3494, .F. ) ;
#2856 = VERTEX_POINT ( 'NONE', #4634 ) ;
#2857 = DIRECTION ( 'NONE',  ( 0.000000000000000000, 0.000000000000000000, 1.000000000000000000 ) ) ;
#2858 = CARTESIAN_POINT ( 'NONE',  ( -10.99017473251072197, 7.640285087069870862, 17.82385123509527247 ) ) ;
#2859 = LINE ( 'NONE', #995, #3296 ) ;
#2860 = CARTESIAN_POINT ( 'NONE',  ( -10.99017473251071486, 7.640285087069871750, 0.000000000000000000 ) ) ;
#2861 = VECTOR ( 'NONE', #3088, 1000.000000000000000 ) ;
#2862 = EDGE_CURVE ( 'NONE', #3809, #2259, #4300, .T. ) ;
#2863 = CARTESIAN_POINT ( 'NONE',  ( -13.54999999999999893, -15.80000000000000071, 1.500000000000000000 ) ) ;
#2864 = EDGE_CURVE ( 'NONE', #311, #12, #1226, .T. ) ;
#2865 = CARTESIAN_POINT ( 'NONE',  ( -19.90210035005835110, 24.63667557965986177, 0.000000000000000000 ) ) ;
#2866 = FACE_OUTER_BOUND ( 'NONE', #4853, .T. ) ;
#2867 = DIRECTION ( 'NONE',  ( -0.000000000000000000, 0.000000000000000000, -1.000000000000000000 ) ) ;
#2868 = ORIENTED_EDGE ( 'NONE', *, *, #4583, .F. ) ;
#2869 = ORIENTED_EDGE ( 'NONE', *, *, #309, .T. ) ;
#2870 =( NAMED_UNIT ( * ) SI_UNIT ( $, .STERADIAN. ) SOLID_ANGLE_UNIT ( ) );
#2871 = CIRCLE ( 'NONE', #2160, 6.999999999999992006 ) ;
#2872 = EDGE_CURVE ( 'NONE', #1616, #991, #1825, .T. ) ;
#2873 = CARTESIAN_POINT ( 'NONE',  ( -10.17009838266490540, 0.000000000000000000, -53.02583778616920540 ) ) ;
#2874 = ORIENTED_EDGE ( 'NONE', *, *, #1401, .F. ) ;
#2875 = DIRECTION ( 'NONE',  ( -0.000000000000000000, 1.000000000000000000, -0.000000000000000000 ) ) ;
#2876 = EDGE_CURVE ( 'NONE', #6, #302, #1109, .T. ) ;
#2877 = DIRECTION ( 'NONE',  ( -1.000000000000000000, 0.000000000000000000, 0.000000000000000000 ) ) ;
#2878 = CARTESIAN_POINT ( 'NONE',  ( -17.48771895889622741, 13.38752406167055575, 0.000000000000000000 ) ) ;
#2879 = VERTEX_POINT ( 'NONE', #4441 ) ;
#2880 = VERTEX_POINT ( 'NONE', #1753 ) ;
#2881 = EDGE_LOOP ( 'NONE', ( #2910, #533 ) ) ;
#2882 = DIRECTION ( 'NONE',  ( -0.000000000000000000, 1.000000000000000000, -0.000000000000000000 ) ) ;
#2883 = CARTESIAN_POINT ( 'NONE',  ( -52.42462120245872370, 5.000000000000000000, -53.56106051595667594 ) ) ;
#2884 = CARTESIAN_POINT ( 'NONE',  ( -29.72530282808941138, 7.229776570311006623, -1.202995347209708528E-15 ) ) ;
#2885 = AXIS2_PLACEMENT_3D ( 'NONE', #3071, #4561, #1535 ) ;
#2886 = VECTOR ( 'NONE', #3298, 1000.000000000000000 ) ;
#2887 = CARTESIAN_POINT ( 'NONE',  ( -23.51355918777477072, 8.074421660968079451, -4.422761505861833232E-16 ) ) ;
#2888 = EDGE_CURVE ( 'NONE', #3745, #1327, #3248, .T. ) ;
#2889 = CARTESIAN_POINT ( 'NONE',  ( 11.66726188957801291, -3.799999999999999822, 10.16726188957805910 ) ) ;
#2890 = DIRECTION ( 'NONE',  ( -0.000000000000000000, 1.000000000000000000, 0.000000000000000000 ) ) ;
#2891 = ORIENTED_EDGE ( 'NONE', *, *, #4805, .F. ) ;
#2892 = ORIENTED_EDGE ( 'NONE', *, *, #1927, .T. ) ;
#2893 = ORIENTED_EDGE ( 'NONE', *, *, #1571, .F. ) ;
#2894 = LINE ( 'NONE', #4755, #4099 ) ;
#2895 = EDGE_CURVE ( 'NONE', #1247, #1191, #3106, .T. ) ;
#2896 = CARTESIAN_POINT ( 'NONE',  ( -25.02401048452300714, 5.777545601188450952, -10.24382026892930142 ) ) ;
#2897 = ORIENTED_EDGE ( 'NONE', *, *, #2763, .T. ) ;
#2898 = VECTOR ( 'NONE', #4528, 1000.000000000000000 ) ;
#2899 = VERTEX_POINT ( 'NONE', #3711 ) ;
#2900 = ORIENTED_EDGE ( 'NONE', *, *, #2529, .F. ) ;
#2901 = DIRECTION ( 'NONE',  ( 0.000000000000000000, -0.000000000000000000, -1.000000000000000000 ) ) ;
#2902 = DIRECTION ( 'NONE',  ( -0.000000000000000000, -1.000000000000000000, -0.000000000000000000 ) ) ;
#2903 = LINE ( 'NONE', #1409, #4291 ) ;
#2904 = AXIS2_PLACEMENT_3D ( 'NONE', #3959, #1737, #253 ) ;
#2905 = CARTESIAN_POINT ( 'NONE',  ( -30.89870260200557439, 1.740681043584102472, -1.346695374934382566E-15 ) ) ;
#2906 = LINE ( 'NONE', #3229, #154 ) ;
#2907 = CARTESIAN_POINT ( 'NONE',  ( 16.00000000000000000, -9.525961875374001409, 1.500000000000000000 ) ) ;
#2908 = DIRECTION ( 'NONE',  ( -0.000000000000000000, 1.000000000000000000, -0.000000000000000000 ) ) ;
#2909 = ORIENTED_EDGE ( 'NONE', *, *, #4507, .F. ) ;
#2910 = ORIENTED_EDGE ( 'NONE', *, *, #4463, .T. ) ;
#2911 = LINE ( 'NONE', #330, #1432 ) ;
#2912 = SURFACE_STYLE_USAGE ( .BOTH. , #1445 ) ;
#2913 = CARTESIAN_POINT ( 'NONE',  ( 13.00000000000000178, -9.525961875374001409, 0.000000000000000000 ) ) ;
#2914 = EDGE_CURVE ( 'NONE', #218, #1910, #3810, .T. ) ;
#2915 = CARTESIAN_POINT ( 'NONE',  ( 10.20000000000000639, -13.85000000000000320, 0.000000000000000000 ) ) ;
#2916 = VERTEX_POINT ( 'NONE', #4739 ) ;
#2917 = EDGE_CURVE ( 'NONE', #2084, #1105, #2922, .T. ) ;
#2918 = ORIENTED_EDGE ( 'NONE', *, *, #1084, .T. ) ;
#2919 = ORIENTED_EDGE ( 'NONE', *, *, #3587, .F. ) ;
#2920 = ORIENTED_EDGE ( 'NONE', *, *, #1127, .T. ) ;
#2921 = CARTESIAN_POINT ( 'NONE',  ( 0.000000000000000000, 5.000000000000000000, -50.00000000000000000 ) ) ;
#2922 = LINE ( 'NONE', #3318, #522 ) ;
#2923 = CARTESIAN_POINT ( 'NONE',  ( 10.55000000000000071, -10.80000000000000071, 0.000000000000000000 ) ) ;
#2924 = CIRCLE ( 'NONE', #18, 1.500000000000001332 ) ;
#2925 = VECTOR ( 'NONE', #1212, 1000.000000000000000 ) ;
#2926 = EDGE_CURVE ( 'NONE', #912, #829, #4048, .T. ) ;
#2927 = DIRECTION ( 'NONE',  ( 0.7071067811865482389, -0.000000000000000000, 0.7071067811865469066 ) ) ;
#2928 = DIRECTION ( 'NONE',  ( -1.000000000000000000, 0.000000000000000000, 0.000000000000000000 ) ) ;
#2929 = DIRECTION ( 'NONE',  ( 0.000000000000000000, -0.000000000000000000, -1.000000000000000000 ) ) ;
#2930 = DIRECTION ( 'NONE',  ( 0.000000000000000000, 0.000000000000000000, 1.000000000000000000 ) ) ;
#2931 = EDGE_LOOP ( 'NONE', ( #2394, #2989 ) ) ;
#2932 = ORIENTED_EDGE ( 'NONE', *, *, #1716, .T. ) ;
#2933 = AXIS2_PLACEMENT_3D ( 'NONE', #1076, #262, #331 ) ;
#2934 = CIRCLE ( 'NONE', #819, 6.000000000000039968 ) ;
#2935 = CARTESIAN_POINT ( 'NONE',  ( -33.24383501506019911, 5.452319956944943868, -1.633891265256780515E-15 ) ) ;
#2936 = DIRECTION ( 'NONE',  ( 0.000000000000000000, -1.000000000000000000, 0.000000000000000000 ) ) ;
#2937 = ORIENTED_EDGE ( 'NONE', *, *, #122, .T. ) ;
#2938 = EDGE_CURVE ( 'NONE', #667, #2002, #2799, .T. ) ;
#2939 = CIRCLE ( 'NONE', #2240, 20.00000000000000000 ) ;
#2940 = CARTESIAN_POINT ( 'NONE',  ( -48.53553390593283723, 5.000000000000000000, -81.49177837282535108 ) ) ;
#2941 = ORIENTED_EDGE ( 'NONE', *, *, #2938, .F. ) ;
#2942 = ORIENTED_EDGE ( 'NONE', *, *, #1416, .F. ) ;
#2943 = EDGE_CURVE ( 'NONE', #2084, #4484, #2168, .T. ) ;
#2944 = VERTEX_POINT ( 'NONE', #3342 ) ;
#2945 = ORIENTED_EDGE ( 'NONE', *, *, #3214, .F. ) ;
#2946 = FACE_OUTER_BOUND ( 'NONE', #3601, .T. ) ;
#2947 = CARTESIAN_POINT ( 'NONE',  ( 6.999999999999995559, 0.000000000000000000, -34.58380151290431570 ) ) ;
#2948 = DIRECTION ( 'NONE',  ( -0.000000000000000000, 1.000000000000000000, -0.000000000000000000 ) ) ;
#2949 = ADVANCED_FACE ( 'NONE', ( #2537 ), #1021, .F. ) ;
#2950 = EDGE_CURVE ( 'NONE', #4737, #2840, #2187, .T. ) ;
#2951 = DIRECTION ( 'NONE',  ( 0.000000000000000000, 0.000000000000000000, 1.000000000000000000 ) ) ;
#2952 = DIRECTION ( 'NONE',  ( -1.000000000000000000, 0.000000000000000000, 0.000000000000000000 ) ) ;
#2953 = LINE ( 'NONE', #4101, #4518 ) ;
#2954 = CARTESIAN_POINT ( 'NONE',  ( -56.66726188957804311, 0.000000000000000000, -57.80370120307598114 ) ) ;
#2955 = VERTEX_POINT ( 'NONE', #3292 ) ;
#2956 = ORIENTED_EDGE ( 'NONE', *, *, #4671, .T. ) ;
#2957 = STYLED_ITEM ( 'NONE', ( #4122 ), #2656 ) ;
#2958 = CARTESIAN_POINT ( 'NONE',  ( -37.24514088232526632, 3.888912010840047007, -2.123909907532348277E-15 ) ) ;
#2959 = DIRECTION ( 'NONE',  ( -0.000000000000000000, -1.000000000000000000, -0.000000000000000000 ) ) ;
#2960 = ORIENTED_EDGE ( 'NONE', *, *, #2065, .F. ) ;
#2961 = CARTESIAN_POINT ( 'NONE',  ( -16.29064151234193503, 8.074421660968079451, 0.000000000000000000 ) ) ;
#2962 = VERTEX_POINT ( 'NONE', #318 ) ;
#2963 = AXIS2_PLACEMENT_3D ( 'NONE', #3649, #1713, #3961 ) ;
#2964 = ORIENTED_EDGE ( 'NONE', *, *, #3806, .T. ) ;
#2965 = ORIENTED_EDGE ( 'NONE', *, *, #4658, .T. ) ;
#2966 = CLOSED_SHELL ( 'NONE', ( #4756, #2072, #1276, #4713, #4029, #4620, #4752, #3063 ) ) ;
#2967 = VERTEX_POINT ( 'NONE', #1480 ) ;
#2968 = EDGE_CURVE ( 'NONE', #926, #1266, #3743, .T. ) ;
#2969 = CARTESIAN_POINT ( 'NONE',  ( -19.90210035005835110, 0.000000000000000000, -19.90210035005835110 ) ) ;
#2970 = FACE_OUTER_BOUND ( 'NONE', #2578, .T. ) ;
#2971 = DIRECTION ( 'NONE',  ( 1.000000000000000000, 0.000000000000000000, 0.000000000000000000 ) ) ;
#2972 = ADVANCED_FACE ( 'NONE', ( #2970 ), #4465, .F. ) ;
#2973 = DIRECTION ( 'NONE',  ( 0.000000000000000000, 0.000000000000000000, 1.000000000000000000 ) ) ;
#2974 = DIRECTION ( 'NONE',  ( -0.000000000000000000, 1.000000000000000000, -0.000000000000000000 ) ) ;
#2975 = DIRECTION ( 'NONE',  ( 3.192632552693102876E-17, -0.000000000000000000, -1.000000000000000000 ) ) ;
#2976 = DIRECTION ( 'NONE',  ( 0.000000000000000000, 0.000000000000000000, 1.000000000000000000 ) ) ;
#2977 = ORIENTED_EDGE ( 'NONE', *, *, #556, .F. ) ;
#2978 = EDGE_LOOP ( 'NONE', ( #4686, #508, #3658, #1332 ) ) ;
#2979 = AXIS2_PLACEMENT_3D ( 'NONE', #2865, #4335, #4054 ) ;
#2980 = DIRECTION ( 'NONE',  ( -1.000000000000000000, 0.000000000000000000, 0.000000000000000000 ) ) ;
#2981 = SURFACE_STYLE_FILL_AREA ( #355 ) ;
#2982 = CARTESIAN_POINT ( 'NONE',  ( -56.66726188957796495, 0.000000000000000000, -81.13822498223190394 ) ) ;
#2983 = ORIENTED_EDGE ( 'NONE', *, *, #4297, .T. ) ;
#2984 = AXIS2_PLACEMENT_3D ( 'NONE', #2797, #4681, #4292 ) ;
#2985 = EDGE_CURVE ( 'NONE', #1382, #3631, #3271, .T. ) ;
#2986 = AXIS2_PLACEMENT_3D ( 'NONE', #1605, #4585, #1211 ) ;
#2987 = CARTESIAN_POINT ( 'NONE',  ( -16.29064151234193147, 8.074421660968079451, -7.222917675432835694 ) ) ;
#2988 = CIRCLE ( 'NONE', #3621, 5.000000000000004441 ) ;
#2989 = ORIENTED_EDGE ( 'NONE', *, *, #4358, .F. ) ;
#2990 = ORIENTED_EDGE ( 'NONE', *, *, #2943, .T. ) ;
#2991 = AXIS2_PLACEMENT_3D ( 'NONE', #1388, #2927, #998 ) ;
#2992 = VERTEX_POINT ( 'NONE', #1065 ) ;
#2993 = ORIENTED_EDGE ( 'NONE', *, *, #4322, .F. ) ;
#2994 = DIRECTION ( 'NONE',  ( -0.000000000000000000, 0.000000000000000000, 1.000000000000000000 ) ) ;
#2995 = DIRECTION ( 'NONE',  ( -0.000000000000000000, -0.000000000000000000, -1.000000000000000000 ) ) ;
#2996 = FACE_OUTER_BOUND ( 'NONE', #386, .T. ) ;
#2997 = VECTOR ( 'NONE', #1625, 1000.000000000000000 ) ;
#2998 = CIRCLE ( 'NONE', #2768, 1.549999999999995826 ) ;
#2999 = CARTESIAN_POINT ( 'NONE',  ( -11.66726188957807331, 7.700000000000000178, 11.66726188957802890 ) ) ;
#3000 = CARTESIAN_POINT ( 'NONE',  ( -37.24514088232527342, 3.888912010840047451, 34.68608106453382334 ) ) ;
#3001 = CARTESIAN_POINT ( 'NONE',  ( -19.90210035005835110, 24.63667557965986532, 0.000000000000000000 ) ) ;
#3002 = DIRECTION ( 'NONE',  ( 0.000000000000000000, 0.000000000000000000, -1.000000000000000000 ) ) ;
#3003 = ORIENTED_EDGE ( 'NONE', *, *, #3497, .F. ) ;
#3004 = ORIENTED_EDGE ( 'NONE', *, *, #1089, .F. ) ;
#3005 = EDGE_CURVE ( 'NONE', #3473, #312, #2403, .T. ) ;
#3006 = CIRCLE ( 'NONE', #335, 13.00000000000000178 ) ;
#3007 = DIRECTION ( 'NONE',  ( -1.000000000000000000, 0.000000000000000000, 0.000000000000000000 ) ) ;
#3008 = VERTEX_POINT ( 'NONE', #2947 ) ;
#3009 = CIRCLE ( 'NONE', #4265, 2.500000000000000444 ) ;
#3010 = EDGE_CURVE ( 'NONE', #2645, #4843, #2514, .T. ) ;
#3011 = EDGE_CURVE ( 'NONE', #3657, #2279, #2539, .T. ) ;
#3012 = DIRECTION ( 'NONE',  ( -0.5469441386039887165, 0.000000000000000000, -0.8371691043312223801 ) ) ;
#3013 = ADVANCED_FACE ( 'NONE', ( #1198 ), #2262, .T. ) ;
#3014 = CARTESIAN_POINT ( 'NONE',  ( -40.00000000000002132, -23.42384038863437468, -44.80370120307598114 ) ) ;
#3015 = ORIENTED_EDGE ( 'NONE', *, *, #2146, .T. ) ;
#3016 = EDGE_CURVE ( 'NONE', #4433, #484, #886, .T. ) ;
#3017 = EDGE_LOOP ( 'NONE', ( #3153, #2869, #1453, #1997 ) ) ;
#3018 = ORIENTED_EDGE ( 'NONE', *, *, #2294, .F. ) ;
#3019 = CARTESIAN_POINT ( 'NONE',  ( -16.05000000000000071, -13.30000000000000071, 1.500000000000000000 ) ) ;
#3020 = CARTESIAN_POINT ( 'NONE',  ( -17.45210035005835181, 14.50106184802028153, 6.000769315822031726E-16 ) ) ;
#3021 = FACE_OUTER_BOUND ( 'NONE', #3817, .T. ) ;
#3022 = DIRECTION ( 'NONE',  ( -0.000000000000000000, 1.000000000000000000, -0.000000000000000000 ) ) ;
#3023 = DIRECTION ( 'NONE',  ( -0.7071067811865493491, 0.000000000000000000, -0.7071067811865456854 ) ) ;
#3024 = CARTESIAN_POINT ( 'NONE',  ( 16.00000000000000000, -7.025961875374001409, 1.500000000000000000 ) ) ;
#3025 = CARTESIAN_POINT ( 'NONE',  ( -28.99999999999999645, 0.000000000000000000, -13.87298334620741969 ) ) ;
#3026 = ADVANCED_FACE ( 'NONE', ( #3087 ), #810, .F. ) ;
#3027 =( NAMED_UNIT ( * ) SI_UNIT ( $, .STERADIAN. ) SOLID_ANGLE_UNIT ( ) );
#3028 = FACE_OUTER_BOUND ( 'NONE', #1417, .T. ) ;
#3029 = ORIENTED_EDGE ( 'NONE', *, *, #3577, .F. ) ;
#3030 = AXIS2_PLACEMENT_3D ( 'NONE', #3642, #4766, #1460 ) ;
#3031 = CARTESIAN_POINT ( 'NONE',  ( -7.000000000000000888, 5.000000000000000000, -13.87298334620741436 ) ) ;
#3032 = EDGE_CURVE ( 'NONE', #139, #3745, #4189, .T. ) ;
#3033 = FACE_OUTER_BOUND ( 'NONE', #684, .T. ) ;
#3034 = ORIENTED_EDGE ( 'NONE', *, *, #2497, .T. ) ;
#3035 = VECTOR ( 'NONE', #2975, 1000.000000000000000 ) ;
#3036 = EDGE_CURVE ( 'NONE', #2552, #1568, #88, .T. ) ;
#3037 = VECTOR ( 'NONE', #3250, 1000.000000000000000 ) ;
#3038 = ORIENTED_EDGE ( 'NONE', *, *, #4444, .F. ) ;
#3039 = ORIENTED_EDGE ( 'NONE', *, *, #2704, .T. ) ;
#3040 = AXIS2_PLACEMENT_3D ( 'NONE', #3501, #558, #2055 ) ;
#3041 = PLANE ( 'NONE',  #544 ) ;
#3042 = CARTESIAN_POINT ( 'NONE',  ( -22.45078147173898131, 11.57534542638514274, -3.121234177713465143E-16 ) ) ;
#3043 = DIRECTION ( 'NONE',  ( 0.000000000000000000, 0.000000000000000000, 1.000000000000000000 ) ) ;
#3044 = CARTESIAN_POINT ( 'NONE',  ( -10.55000000000000071, -15.80000000000000071, 0.000000000000000000 ) ) ;
#3045 = CARTESIAN_POINT ( 'NONE',  ( -29.81154385655511518, 7.182549245871483024, -1.213556827156278238E-15 ) ) ;
#3046 = LINE ( 'NONE', #1141, #288 ) ;
#3047 = CARTESIAN_POINT ( 'NONE',  ( -19.90210035005835110, 24.63667557965986532, 0.000000000000000000 ) ) ;
#3048 = LINE ( 'NONE', #76, #2648 ) ;
#3049 = PRODUCT_DEFINITION_SHAPE ( 'NONE', 'NONE',  #3224 ) ;
#3050 = VECTOR ( 'NONE', #3449, 1000.000000000000000 ) ;
#3051 = DIRECTION ( 'NONE',  ( 0.000000000000000000, 0.000000000000000000, -1.000000000000000000 ) ) ;
#3052 = DIRECTION ( 'NONE',  ( 0.000000000000000000, 0.000000000000000000, -1.000000000000000000 ) ) ;
#3053 = ORIENTED_EDGE ( 'NONE', *, *, #1130, .F. ) ;
#3054 = SHAPE_REPRESENTATION_RELATIONSHIP ( 'NONE' , 'NONE' ,  #451, #4030 ) ;
#3055 = PLANE ( 'NONE',  #3527 ) ;
#3056 = ORIENTED_EDGE ( 'NONE', *, *, #785, .T. ) ;
#3057 = CIRCLE ( 'NONE', #1576, 0.7000000000000009548 ) ;
#3058 = CIRCLE ( 'NONE', #4470, 1.550000000000065103 ) ;
#3059 = EDGE_CURVE ( 'NONE', #850, #1382, #2632, .T. ) ;
#3060 = VERTEX_POINT ( 'NONE', #3065 ) ;
#3061 = ORIENTED_EDGE ( 'NONE', *, *, #915, .T. ) ;
#3062 = CARTESIAN_POINT ( 'NONE',  ( -37.41450923981280852, 0.8729443479809960715, -35.02481777950891484 ) ) ;
#3063 = ADVANCED_FACE ( 'NONE', ( #2306 ), #2693, .F. ) ;
#3064 = AXIS2_PLACEMENT_3D ( 'NONE', #4744, #252, #2541 ) ;
#3065 = CARTESIAN_POINT ( 'NONE',  ( -19.90210035005835110, 1.740681043584102472, 15.99999999999999645 ) ) ;
#3066 = CARTESIAN_POINT ( 'NONE',  ( -7.714285714285713524, 0.000000000000000000, -2.118913853455905549 ) ) ;
#3067 = DIRECTION ( 'NONE',  ( -0.000000000000000000, 1.000000000000000000, -0.000000000000000000 ) ) ;
#3068 = EDGE_CURVE ( 'NONE', #699, #912, #67, .T. ) ;
#3069 = CARTESIAN_POINT ( 'NONE',  ( -45.00000000000002132, -23.42384038863437468, -44.80370120307598114 ) ) ;
#3070 = DIRECTION ( 'NONE',  ( 0.000000000000000000, 0.000000000000000000, -1.000000000000000000 ) ) ;
#3071 = CARTESIAN_POINT ( 'NONE',  ( -45.00000000000002132, 0.000000000000000000, -44.80370120307598114 ) ) ;
#3072 = CARTESIAN_POINT ( 'NONE',  ( -39.39838489184217707, 0.05478672904803285476, 38.99256908356762352 ) ) ;
#3073 = DIRECTION ( 'NONE',  ( 0.000000000000000000, 1.000000000000000000, 0.000000000000000000 ) ) ;
#3074 = AXIS2_PLACEMENT_3D ( 'NONE', #1914, #1935, #4164 ) ;
#3075 = FACE_OUTER_BOUND ( 'NONE', #4021, .T. ) ;
#3076 = CARTESIAN_POINT ( 'NONE',  ( 13.54999999999999893, -10.80000000000000071, 1.500000000000000000 ) ) ;
#3077 = ORIENTED_EDGE ( 'NONE', *, *, #3897, .F. ) ;
#3078 = ORIENTED_EDGE ( 'NONE', *, *, #4468, .T. ) ;
#3079 = CIRCLE ( 'NONE', #2373, 2.500000000000000444 ) ;
#3080 = EDGE_CURVE ( 'NONE', #4363, #4527, #1905, .T. ) ;
#3081 = CARTESIAN_POINT ( 'NONE',  ( -11.66726188957807331, 0.000000000000000000, 10.16726188957802712 ) ) ;
#3082 = ORIENTED_EDGE ( 'NONE', *, *, #1334, .T. ) ;
#3083 = ADVANCED_FACE ( 'NONE', ( #2327 ), #467, .F. ) ;
#3084 = EDGE_LOOP ( 'NONE', ( #1688, #3505, #979, #786 ) ) ;
#3085 = ORIENTED_EDGE ( 'NONE', *, *, #3121, .T. ) ;
#3086 = DIRECTION ( 'NONE',  ( 0.000000000000000000, 0.000000000000000000, 1.000000000000000000 ) ) ;
#3087 = FACE_OUTER_BOUND ( 'NONE', #642, .T. ) ;
#3088 = DIRECTION ( 'NONE',  ( 0.000000000000000000, 0.000000000000000000, -1.000000000000000000 ) ) ;
#3089 = EDGE_CURVE ( 'NONE', #2992, #1467, #2924, .T. ) ;
#3090 = AXIS2_PLACEMENT_3D ( 'NONE', #4275, #2724, #3116 ) ;
#3091 = DIRECTION ( 'NONE',  ( 0.000000000000000000, 0.000000000000000000, 1.000000000000000000 ) ) ;
#3092 = FACE_OUTER_BOUND ( 'NONE', #1099, .T. ) ;
#3093 = DIRECTION ( 'NONE',  ( 0.7071067811865474617, 0.000000000000000000, -0.7071067811865474617 ) ) ;
#3094 = CARTESIAN_POINT ( 'NONE',  ( 0.000000000000000000, 5.000000000000000000, -50.00000000000000000 ) ) ;
#3095 = CARTESIAN_POINT ( 'NONE',  ( 6.999999999999998224, 5.000000000000000000, -7.416198487095654990 ) ) ;
#3096 = CARTESIAN_POINT ( 'NONE',  ( -13.54999999999999893, -10.80000000000000071, 0.000000000000000000 ) ) ;
#3097 = EDGE_CURVE ( 'NONE', #3858, #1529, #3852, .T. ) ;
#3098 = LINE ( 'NONE', #1235, #1583 ) ;
#3099 = CARTESIAN_POINT ( 'NONE',  ( -19.90210035005835110, 0.000000000000000000, 0.000000000000000000 ) ) ;
#3100 = DIRECTION ( 'NONE',  ( -0.000000000000000000, 1.000000000000000000, -0.000000000000000000 ) ) ;
#3101 = ORIENTED_EDGE ( 'NONE', *, *, #1275, .F. ) ;
#3102 = ORIENTED_EDGE ( 'NONE', *, *, #3005, .F. ) ;
#3103 = CARTESIAN_POINT ( 'NONE',  ( -18.50000000000000000, -7.025961875374001409, 1.500000000000000000 ) ) ;
#3104 = VERTEX_POINT ( 'NONE', #2091 ) ;
#3105 = DIRECTION ( 'NONE',  ( -3.192632552693102876E-17, 0.000000000000000000, 1.000000000000000000 ) ) ;
#3106 = CIRCLE ( 'NONE', #4372, 1.549999999999995826 ) ;
#3107 = ORIENTED_EDGE ( 'NONE', *, *, #2914, .T. ) ;
#3108 = EDGE_LOOP ( 'NONE', ( #351, #2743, #3152, #3078 ) ) ;
#3109 = AXIS2_PLACEMENT_3D ( 'NONE', #3984, #4255, #899 ) ;
#3110 = COLOUR_RGB ( '',0.7921568627450980005, 0.8196078431372548767, 0.9333333333333333481 ) ;
#3111 = FACE_OUTER_BOUND ( 'NONE', #4461, .T. ) ;
#3112 = CARTESIAN_POINT ( 'NONE',  ( -48.53553390593283723, 5.000000000000000000, -81.49177837282535108 ) ) ;
#3113 = CARTESIAN_POINT ( 'NONE',  ( -33.33273811042200663, 5.000000000000000000, -82.68822498223207162 ) ) ;
#3114 = DIRECTION ( 'NONE',  ( -1.000000000000000000, 0.000000000000000000, 0.000000000000000000 ) ) ;
#3115 = LINE ( 'NONE', #4578, #2144 ) ;
#3116 = DIRECTION ( 'NONE',  ( 0.000000000000000000, 0.000000000000000000, 1.000000000000000000 ) ) ;
#3117 = CIRCLE ( 'NONE', #1016, 19.99999999999999645 ) ;
#3118 = DIRECTION ( 'NONE',  ( -1.000000000000000000, 0.000000000000000000, -6.982962677686267499E-15 ) ) ;
#3119 = CARTESIAN_POINT ( 'NONE',  ( -9.749217396003352934E-15, -2.229077290394566858E-17, 39.80420070011670219 ) ) ;
#3120 = CARTESIAN_POINT ( 'NONE',  ( -60.90990257669725594, 0.000000000000000000, -76.89558429511261295 ) ) ;
#3121 = EDGE_CURVE ( 'NONE', #3999, #3703, #4637, .T. ) ;
#3122 = CIRCLE ( 'NONE', #855, 5.000000000000004441 ) ;
#3123 = CARTESIAN_POINT ( 'NONE',  ( -19.90210035005835110, -1.332016574660525920, 0.000000000000000000 ) ) ;
#3124 = DIRECTION ( 'NONE',  ( -4.030001418264960639E-16, 0.000000000000000000, -1.000000000000000000 ) ) ;
#3125 = CARTESIAN_POINT ( 'NONE',  ( -13.54999999999999893, -15.80000000000000071, 1.500000000000000000 ) ) ;
#3126 = VERTEX_POINT ( 'NONE', #1620 ) ;
#3127 = EDGE_LOOP ( 'NONE', ( #2964, #3261, #389, #4287 ) ) ;
#3128 = CIRCLE ( 'NONE', #2821, 1.599999999999997202 ) ;
#3129 = PRODUCT_RELATED_PRODUCT_CATEGORY ( 'part', '', ( #461 ) ) ;
#3130 = FACE_BOUND ( 'NONE', #411, .T. ) ;
#3131 = ORIENTED_EDGE ( 'NONE', *, *, #2138, .T. ) ;
#3132 = DIRECTION ( 'NONE',  ( 0.000000000000000000, 0.000000000000000000, 1.000000000000000000 ) ) ;
#3133 = EDGE_CURVE ( 'NONE', #629, #4622, #4212, .T. ) ;
#3134 = ORIENTED_EDGE ( 'NONE', *, *, #2004, .T. ) ;
#3135 = VECTOR ( 'NONE', #2012, 1000.000000000000000 ) ;
#3136 = ORIENTED_EDGE ( 'NONE', *, *, #1207, .T. ) ;
#3137 = DIRECTION ( 'NONE',  ( 0.000000000000000000, -1.000000000000000000, 0.000000000000000000 ) ) ;
#3138 = CARTESIAN_POINT ( 'NONE',  ( 10.50000000000000533, -3.799999999999999822, 0.000000000000000000 ) ) ;
#3139 = CARTESIAN_POINT ( 'NONE',  ( -19.90210035005834754, 3.340681043584106558, -15.99999999999999645 ) ) ;
#3140 = DIRECTION ( 'NONE',  ( 0.000000000000000000, 0.000000000000000000, 1.000000000000000000 ) ) ;
#3141 = VERTEX_POINT ( 'NONE', #3113 ) ;
#3142 = CARTESIAN_POINT ( 'NONE',  ( -19.90210035005835110, 20.88667557965986177, 10.45000000000000462 ) ) ;
#3143 = LINE ( 'NONE', #1287, #3794 ) ;
#3144 = CARTESIAN_POINT ( 'NONE',  ( -28.81402596760598911, 7.640285087069871750, -1.091396118176901283E-15 ) ) ;
#3145 = CARTESIAN_POINT ( 'NONE',  ( -39.80420070011670219, -2.229077290394566550E-17, -2.437304349000837839E-15 ) ) ;
#3146 = CYLINDRICAL_SURFACE ( 'NONE', #2808, 3.525000000000000355 ) ;
#3147 = EDGE_CURVE ( 'NONE', #1910, #3590, #3166, .T. ) ;
#3148 = DIRECTION ( 'NONE',  ( 0.000000000000000000, 0.000000000000000000, 1.000000000000000000 ) ) ;
#3149 = LINE ( 'NONE', #3855, #91 ) ;
#3150 = DIRECTION ( 'NONE',  ( 0.000000000000000000, 0.000000000000000000, 1.000000000000000000 ) ) ;
#3151 = CARTESIAN_POINT ( 'NONE',  ( 0.000000000000000000, -3.800000000000001155, 0.000000000000000000 ) ) ;
#3152 = ORIENTED_EDGE ( 'NONE', *, *, #249, .F. ) ;
#3153 = ORIENTED_EDGE ( 'NONE', *, *, #4650, .F. ) ;
#3154 = CARTESIAN_POINT ( 'NONE',  ( -8.905498098111131355, 1.740681043584102472, 0.000000000000000000 ) ) ;
#3155 = ORIENTED_EDGE ( 'NONE', *, *, #4650, .T. ) ;
#3156 = LINE ( 'NONE', #906, #1691 ) ;
#3157 = AXIS2_PLACEMENT_3D ( 'NONE', #4510, #2995, #3392 ) ;
#3158 = CIRCLE ( 'NONE', #1676, 19.90210035005835110 ) ;
#3159 = SHAPE_REPRESENTATION ( '\X2\673a81c2540e\X0\', ( #4677 ), #4374 ) ;
#3160 = EDGE_CURVE ( 'NONE', #4090, #2955, #2428, .T. ) ;
#3161 = EDGE_LOOP ( 'NONE', ( #2762, #1107, #562, #4549 ) ) ;
#3162 = EDGE_CURVE ( 'NONE', #3707, #3754, #1308, .T. ) ;
#3163 = EDGE_LOOP ( 'NONE', ( #3744, #3481, #20, #933 ) ) ;
#3164 = CARTESIAN_POINT ( 'NONE',  ( 0.000000000000000000, -3.799999999999998046, 0.000000000000000000 ) ) ;
#3165 = CARTESIAN_POINT ( 'NONE',  ( -15.11984585097072120, 5.000000000000000000, -48.07609031786337539 ) ) ;
#3166 = LINE ( 'NONE', #3923, #4724 ) ;
#3167 = LINE ( 'NONE', #4656, #1683 ) ;
#3168 = AXIS2_PLACEMENT_3D ( 'NONE', #1446, #2959, #2159 ) ;
#3169 = EDGE_LOOP ( 'NONE', ( #2671, #1669, #1322, #2271 ) ) ;
#3170 = LINE ( 'NONE', #4738, #4259 ) ;
#3171 = DIRECTION ( 'NONE',  ( 0.000000000000000000, 0.000000000000000000, 1.000000000000000000 ) ) ;
#3172 = CARTESIAN_POINT ( 'NONE',  ( 10.55000000000000071, -15.80000000000000071, 1.500000000000000000 ) ) ;
#3173 = DIRECTION ( 'NONE',  ( -0.000000000000000000, -1.000000000000000000, -0.000000000000000000 ) ) ;
#3174 = CARTESIAN_POINT ( 'NONE',  ( 7.500000000000000000, 0.000000000000000000, 0.000000000000000000 ) ) ;
#3175 = AXIS2_PLACEMENT_3D ( 'NONE', #4361, #2389, #3150 ) ;
#3176 = CARTESIAN_POINT ( 'NONE',  ( -20.00000000000000000, 0.000000000000000000, -1.396592535537253342E-13 ) ) ;
#3177 = DIRECTION ( 'NONE',  ( 0.000000000000000000, 1.000000000000000000, 0.000000000000000000 ) ) ;
#3178 = LINE ( 'NONE', #1320, #3272 ) ;
#3179 = CARTESIAN_POINT ( 'NONE',  ( -39.80420070011670219, 0.000000000000000000, -2.437304349000840600E-15 ) ) ;
#3180 = VERTEX_POINT ( 'NONE', #3139 ) ;
#3181 = EDGE_LOOP ( 'NONE', ( #1929, #3431, #2874, #4273 ) ) ;
#3182 = ADVANCED_FACE ( 'NONE', ( #1252 ), #2400, .T. ) ;
#3183 = DIRECTION ( 'NONE',  ( -0.7071067811865456854, 0.000000000000000000, 0.7071067811865493491 ) ) ;
#3184 = ORIENTED_EDGE ( 'NONE', *, *, #426, .F. ) ;
#3185 = CARTESIAN_POINT ( 'NONE',  ( -10.07889787202729259, 7.229776570311006623, 0.000000000000000000 ) ) ;
#3186 = EDGE_CURVE ( 'NONE', #4103, #2495, #3510, .T. ) ;
#3187 = ORIENTED_EDGE ( 'NONE', *, *, #1571, .T. ) ;
#3188 = EDGE_CURVE ( 'NONE', #4184, #2002, #137, .T. ) ;
#3189 = CARTESIAN_POINT ( 'NONE',  ( 0.000000000000000000, -10.30000000000000426, 0.000000000000000000 ) ) ;
#3190 = DIRECTION ( 'NONE',  ( 1.000000000000000000, 0.000000000000000000, 0.000000000000000000 ) ) ;
#3191 = CARTESIAN_POINT ( 'NONE',  ( -13.70454381594729476, 4.391801250357438846, 12.39511306822211800 ) ) ;
#3192 = ORIENTED_EDGE ( 'NONE', *, *, #3450, .T. ) ;
#3193 = VECTOR ( 'NONE', #943, 1000.000000000000000 ) ;
#3194 = ORIENTED_EDGE ( 'NONE', *, *, #1567, .T. ) ;
#3195 = DIRECTION ( 'NONE',  ( 0.000000000000000000, 0.000000000000000000, -1.000000000000000000 ) ) ;
#3196 = CARTESIAN_POINT ( 'NONE',  ( -13.54999999999999893, -15.80000000000000071, 1.500000000000000000 ) ) ;
#3197 = CARTESIAN_POINT ( 'NONE',  ( -10.43112513322500767, 7.323837609385374314, 18.94195043366669751 ) ) ;
#3198 = DIRECTION ( 'NONE',  ( -0.000000000000000000, -1.000000000000000000, 0.000000000000000000 ) ) ;
#3199 = CARTESIAN_POINT ( 'NONE',  ( -45.00000000000002132, 0.000000000000000000, -69.47096309265401715 ) ) ;
#3200 = LINE ( 'NONE', #2706, #3558 ) ;
#3201 = DIRECTION ( 'NONE',  ( -0.000000000000000000, 1.000000000000000000, -0.000000000000000000 ) ) ;
#3202 = CYLINDRICAL_SURFACE ( 'NONE', #2464, 5.000000000000018652 ) ;
#3203 = ORIENTED_EDGE ( 'NONE', *, *, #1875, .F. ) ;
#3204 = ORIENTED_EDGE ( 'NONE', *, *, #2317, .T. ) ;
#3205 = CIRCLE ( 'NONE', #4456, 21.99999999999999289 ) ;
#3206 = LINE ( 'NONE', #2498, #932 ) ;
#3207 = ORIENTED_EDGE ( 'NONE', *, *, #3016, .T. ) ;
#3208 = LINE ( 'NONE', #4648, #4657 ) ;
#3209 = VERTEX_POINT ( 'NONE', #540 ) ;
#3210 = VECTOR ( 'NONE', #4758, 999.9999999999998863 ) ;
#3211 = CARTESIAN_POINT ( 'NONE',  ( 1.602911526882484189E-16, -2.229077290394566858E-17, -39.80420070011669509 ) ) ;
#3212 = DIRECTION ( 'NONE',  ( 0.000000000000000000, -1.000000000000000000, 0.000000000000000000 ) ) ;
#3213 = DIRECTION ( 'NONE',  ( 0.000000000000000000, 1.000000000000000000, 0.000000000000000000 ) ) ;
#3214 = EDGE_CURVE ( 'NONE', #1611, #4179, #1647, .T. ) ;
#3215 = AXIS2_PLACEMENT_3D ( 'NONE', #494, #142, #3171 ) ;
#3216 = ORIENTED_EDGE ( 'NONE', *, *, #1200, .T. ) ;
#3217 = ORIENTED_EDGE ( 'NONE', *, *, #2045, .F. ) ;
#3218 = EDGE_CURVE ( 'NONE', #3246, #559, #1699, .T. ) ;
#3219 = CARTESIAN_POINT ( 'NONE',  ( 0.000000000000000000, -3.800000000000001155, 0.000000000000000000 ) ) ;
#3220 = LINE ( 'NONE', #570, #1709 ) ;
#3221 = FACE_OUTER_BOUND ( 'NONE', #832, .T. ) ;
#3222 = DIRECTION ( 'NONE',  ( -0.000000000000000000, 1.000000000000000000, -0.000000000000000000 ) ) ;
#3223 = VECTOR ( 'NONE', #1619, 1000.000000000000114 ) ;
#3224 = PRODUCT_DEFINITION ( 'æœ', '', #3585, #2643 ) ;
#3225 = EDGE_CURVE ( 'NONE', #2736, #825, #4709, .T. ) ;
#3226 = EDGE_CURVE ( 'NONE', #3862, #1545, #264, .T. ) ;
#3227 = AXIS2_PLACEMENT_3D ( 'NONE', #2024, #3522, #151 ) ;
#3228 = CARTESIAN_POINT ( 'NONE',  ( -40.00000000000002132, 0.000000000000000000, -55.98568171841543517 ) ) ;
#3229 = CARTESIAN_POINT ( 'NONE',  ( -33.33273811042190715, 5.000000000000000000, -56.25370120307593425 ) ) ;
#3230 = CARTESIAN_POINT ( 'NONE',  ( -48.53553390593283723, 5.000000000000000000, -81.49177837282535108 ) ) ;
#3231 = FACE_OUTER_BOUND ( 'NONE', #1729, .T. ) ;
#3232 = VERTEX_POINT ( 'NONE', #4247 ) ;
#3233 = ORIENTED_EDGE ( 'NONE', *, *, #1305, .F. ) ;
#3234 = AXIS2_PLACEMENT_3D ( 'NONE', #3495, #3882, #921 ) ;
#3235 = DIRECTION ( 'NONE',  ( -0.000000000000000000, -1.000000000000000000, -0.000000000000000000 ) ) ;
#3236 = FACE_BOUND ( 'NONE', #2566, .T. ) ;
#3237 = ORIENTED_EDGE ( 'NONE', *, *, #1084, .F. ) ;
#3238 = DIRECTION ( 'NONE',  ( 0.000000000000000000, 0.000000000000000000, 1.000000000000000000 ) ) ;
#3239 = AXIS2_PLACEMENT_3D ( 'NONE', #3903, #2698, #1958 ) ;
#3240 = VECTOR ( 'NONE', #1760, 1000.000000000000000 ) ;
#3241 = CARTESIAN_POINT ( 'NONE',  ( -12.34622232975471867, 3.067221540086911169, 0.000000000000000000 ) ) ;
#3242 = ORIENTED_EDGE ( 'NONE', *, *, #3312, .T. ) ;
#3243 = EDGE_CURVE ( 'NONE', #879, #3703, #2406, .T. ) ;
#3244 = AXIS2_PLACEMENT_3D ( 'NONE', #4047, #4094, #1431 ) ;
#3245 = VERTEX_POINT ( 'NONE', #3352 ) ;
#3246 = VERTEX_POINT ( 'NONE', #3513 ) ;
#3247 = DIRECTION ( 'NONE',  ( 0.000000000000000000, -1.000000000000000000, 0.000000000000000000 ) ) ;
#3248 = LINE ( 'NONE', #2582, #365 ) ;
#3249 = FACE_OUTER_BOUND ( 'NONE', #4015, .T. ) ;
#3250 = DIRECTION ( 'NONE',  ( 0.000000000000000000, -1.000000000000000000, 0.000000000000000000 ) ) ;
#3251 = AXIS2_PLACEMENT_3D ( 'NONE', #1009, #4369, #2877 ) ;
#3252 = EDGE_CURVE ( 'NONE', #1819, #3104, #1125, .T. ) ;
#3253 = CARTESIAN_POINT ( 'NONE',  ( -22.89182284326413352, 9.407438995575475360, -3.661354081643304925E-16 ) ) ;
#3254 = CARTESIAN_POINT ( 'NONE',  ( -56.66726188957804311, 0.000000000000000000, -59.35370120307597119 ) ) ;
#3255 = CARTESIAN_POINT ( 'NONE',  ( -10.55000000000000071, -10.80000000000000071, 1.500000000000000000 ) ) ;
#3256 = CARTESIAN_POINT ( 'NONE',  ( -19.90210035005835110, 24.63667557965986532, 0.000000000000000000 ) ) ;
#3257 = ORIENTED_EDGE ( 'NONE', *, *, #1664, .F. ) ;
#3258 = VERTEX_POINT ( 'NONE', #3142 ) ;
#3259 = DIRECTION ( 'NONE',  ( -0.000000000000000000, -1.000000000000000000, -0.000000000000000000 ) ) ;
#3260 = LINE ( 'NONE', #3353, #1241 ) ;
#3261 = ORIENTED_EDGE ( 'NONE', *, *, #1607, .T. ) ;
#3262 = CYLINDRICAL_SURFACE ( 'NONE', #2777, 13.00000000000000178 ) ;
#3263 = CARTESIAN_POINT ( 'NONE',  ( -17.35341922837772444, 11.57534542638514274, 0.000000000000000000 ) ) ;
#3264 = ORIENTED_EDGE ( 'NONE', *, *, #304, .T. ) ;
#3265 = ORIENTED_EDGE ( 'NONE', *, *, #3587, .T. ) ;
#3266 = VERTEX_POINT ( 'NONE', #3801 ) ;
#3267 = FACE_BOUND ( 'NONE', #3300, .T. ) ;
#3268 = DIRECTION ( 'NONE',  ( -0.000000000000000000, -1.000000000000000000, -0.000000000000000000 ) ) ;
#3269 = SURFACE_STYLE_USAGE ( .BOTH. , #1386 ) ;
#3270 = CARTESIAN_POINT ( 'NONE',  ( -57.02081528017137657, 0.000000000000000000, -65.93542918672127939 ) ) ;
#3271 = CIRCLE ( 'NONE', #1154, 4.999999999999997335 ) ;
#3272 = VECTOR ( 'NONE', #2812, 1000.000000000000000 ) ;
#3273 = CARTESIAN_POINT ( 'NONE',  ( -29.05121421725457509, 2.033202709351189519, -1.120443301249651439E-15 ) ) ;
#3274 = STYLED_ITEM ( 'NONE', ( #2515 ), #1013 ) ;
#3275 = CARTESIAN_POINT ( 'NONE',  ( -19.90210035005835110, 14.50106184802028153, 0.000000000000000000 ) ) ;
#3276 = CARTESIAN_POINT ( 'NONE',  ( -16.00000000000000000, -7.025961875374001409, 1.500000000000000000 ) ) ;
#3277 = FACE_BOUND ( 'NONE', #111, .T. ) ;
#3278 = ORIENTED_EDGE ( 'NONE', *, *, #2926, .T. ) ;
#3279 = ORIENTED_EDGE ( 'NONE', *, *, #2047, .T. ) ;
#3280 = ADVANCED_FACE ( 'NONE', ( #4557 ), #4847, .T. ) ;
#3281 = CARTESIAN_POINT ( 'NONE',  ( -33.33273811042200663, 5.000000000000000000, -82.68822498223207162 ) ) ;
#3282 = EDGE_LOOP ( 'NONE', ( #2868, #4114, #2607, #3313 ) ) ;
#3283 = CARTESIAN_POINT ( 'NONE',  ( -0.4058158082745339512, 0.05478672904803285476, 0.000000000000000000 ) ) ;
#3284 = ADVANCED_FACE ( 'NONE', ( #4106 ), #1255, .F. ) ;
#3285 = DIRECTION ( 'NONE',  ( -0.000000000000000000, -1.000000000000000000, -0.000000000000000000 ) ) ;
#3286 = ORIENTED_EDGE ( 'NONE', *, *, #4143, .F. ) ;
#3287 = VERTEX_POINT ( 'NONE', #2382 ) ;
#3288 = CIRCLE ( 'NONE', #1883, 3.524999999999999911 ) ;
#3289 = EDGE_LOOP ( 'NONE', ( #1500, #1515 ) ) ;
#3290 = EDGE_LOOP ( 'NONE', ( #3776, #1455, #4631, #4458 ) ) ;
#3291 = CARTESIAN_POINT ( 'NONE',  ( -5.424052470754605615, 0.000000000000000000, -47.88044681929025614 ) ) ;
#3292 = CARTESIAN_POINT ( 'NONE',  ( -52.42462120245872370, 0.000000000000000000, -53.56106051595667594 ) ) ;
#3293 = SURFACE_STYLE_FILL_AREA ( #4740 ) ;
#3294 =( BOUNDED_SURFACE ( )  B_SPLINE_SURFACE ( 3, 3, ( 
 ( #2350, #882, #4551, #4163 ),
 ( #415, #3797, #2672, #809 ),
 ( #3434, #2305, #1933, #3819 ),
 ( #66, #1572, #3062, #1197 ),
 ( #3456, #86, #2718, #4211 ),
 ( #3483, #113, #563, #266 ),
 ( #3921, #3560, #4290, #4705 ),
 ( #189, #3211, #4734, #2136 ) ),
 .UNSPECIFIED., .F., .F., .F. ) 
 B_SPLINE_SURFACE_WITH_KNOTS ( ( 4, 1, 1, 1, 1, 4 ),
 ( 4, 4 ),
 ( 0.000000000000000000, 0.2590864190816864476, 0.3949345011034242625, 0.5592166308916470818, 0.7114141871853519872, 1.000000000000000000 ),
 ( 0.000000000000000000, 1.000000000000000000 ),
 .UNSPECIFIED. ) 
 GEOMETRIC_REPRESENTATION_ITEM ( )  RATIONAL_B_SPLINE_SURFACE ( (
 ( 1.000000000000000000, 0.3333333333333334259, 0.3333333333333334259, 1.000000000000000000),
 ( 1.000000000000000000, 0.3333333333333334259, 0.3333333333333334259, 1.000000000000000000),
 ( 1.000000000000000000, 0.3333333333333334259, 0.3333333333333334259, 1.000000000000000000),
 ( 1.000000000000000000, 0.3333333333333334259, 0.3333333333333334259, 1.000000000000000000),
 ( 1.000000000000000000, 0.3333333333333334259, 0.3333333333333334259, 1.000000000000000000),
 ( 1.000000000000000000, 0.3333333333333334259, 0.3333333333333334259, 1.000000000000000000),
 ( 1.000000000000000000, 0.3333333333333334259, 0.3333333333333334259, 1.000000000000000000),
 ( 1.000000000000000000, 0.3333333333333334259, 0.3333333333333334259, 1.000000000000000000) ) ) 
 REPRESENTATION_ITEM ( '' )  SURFACE ( )  );
#3295 = LINE ( 'NONE', #3344, #479 ) ;
#3296 = VECTOR ( 'NONE', #2485, 1000.000000000000000 ) ;
#3297 = CARTESIAN_POINT ( 'NONE',  ( -45.00000000000002132, 5.000000000000000000, -43.20370120307598683 ) ) ;
#3298 = DIRECTION ( 'NONE',  ( -0.000000000000000000, 1.000000000000000000, -0.000000000000000000 ) ) ;
#3299 = DIRECTION ( 'NONE',  ( -0.000000000000000000, 1.000000000000000000, -0.000000000000000000 ) ) ;
#3300 = EDGE_LOOP ( 'NONE', ( #1196, #1996 ) ) ;
#3301 = EDGE_CURVE ( 'NONE', #4043, #2349, #1985, .T. ) ;
#3302 = ORIENTED_EDGE ( 'NONE', *, *, #148, .T. ) ;
#3303 = PLANE ( 'NONE',  #4548 ) ;
#3304 = CARTESIAN_POINT ( 'NONE',  ( 16.00000000000000000, -7.025961875374001409, 1.500000000000000000 ) ) ;
#3305 = CARTESIAN_POINT ( 'NONE',  ( 0.000000000000000000, 26.14942490415070253, 0.000000000000000000 ) ) ;
#3306 = VECTOR ( 'NONE', #322, 1000.000000000000000 ) ;
#3307 = ORIENTED_EDGE ( 'NONE', *, *, #3032, .T. ) ;
#3308 = EDGE_CURVE ( 'NONE', #3631, #302, #4486, .T. ) ;
#3309 = VECTOR ( 'NONE', #354, 1000.000000000000000 ) ;
#3310 = FACE_OUTER_BOUND ( 'NONE', #3017, .T. ) ;
#3311 = ORIENTED_EDGE ( 'NONE', *, *, #275, .F. ) ;
#3312 = EDGE_CURVE ( 'NONE', #4474, #3889, #2371, .T. ) ;
#3313 = ORIENTED_EDGE ( 'NONE', *, *, #573, .F. ) ;
#3314 = EDGE_CURVE ( 'NONE', #458, #4161, #3557, .T. ) ;
#3315 = ORIENTED_EDGE ( 'NONE', *, *, #3455, .T. ) ;
#3316 = ORIENTED_EDGE ( 'NONE', *, *, #4444, .T. ) ;
#3317 = DIRECTION ( 'NONE',  ( 0.000000000000000000, -1.000000000000000000, 0.000000000000000000 ) ) ;
#3318 = CARTESIAN_POINT ( 'NONE',  ( -16.00000000000000000, -4.525961875374001409, 1.500000000000000000 ) ) ;
#3319 = DIRECTION ( 'NONE',  ( -0.000000000000000000, 1.000000000000000000, -0.000000000000000000 ) ) ;
#3320 = CIRCLE ( 'NONE', #1195, 8.000000000000000000 ) ;
#3321 = CYLINDRICAL_SURFACE ( 'NONE', #2360, 1.550000000000065103 ) ;
#3322 = DIRECTION ( 'NONE',  ( 0.000000000000000000, 0.000000000000000000, -1.000000000000000000 ) ) ;
#3323 = DIRECTION ( 'NONE',  ( -0.000000000000000000, 0.000000000000000000, -1.000000000000000000 ) ) ;
#3324 = DIRECTION ( 'NONE',  ( 0.000000000000000000, 0.000000000000000000, -1.000000000000000000 ) ) ;
#3325 = ORIENTED_EDGE ( 'NONE', *, *, #2872, .T. ) ;
#3326 = ORIENTED_EDGE ( 'NONE', *, *, #2058, .F. ) ;
#3327 = AXIS2_PLACEMENT_3D ( 'NONE', #3542, #3173, #918 ) ;
#3328 = LINE ( 'NONE', #702, #3545 ) ;
#3329 = CARTESIAN_POINT ( 'NONE',  ( -16.00000000000000000, -7.025961875374001409, 1.500000000000000000 ) ) ;
#3330 = CARTESIAN_POINT ( 'NONE',  ( -50.00000000000001421, 0.000000000000000000, -44.80370120307598114 ) ) ;
#3331 = EDGE_LOOP ( 'NONE', ( #477, #2897, #455, #4125, #536 ) ) ;
#3332 = ADVANCED_BREP_SHAPE_REPRESENTATION ( '', ( #4230, #4677 ), #1156 ) ;
#3333 = EDGE_CURVE ( 'NONE', #1002, #3707, #2749, .T. ) ;
#3334 = AXIS2_PLACEMENT_3D ( 'NONE', #1615, #3941, #880 ) ;
#3335 = CARTESIAN_POINT ( 'NONE',  ( 0.000000000000000000, 26.14942490415070253, 0.000000000000000000 ) ) ;
#3336 = ORIENTED_EDGE ( 'NONE', *, *, #2888, .T. ) ;
#3337 = ORIENTED_EDGE ( 'NONE', *, *, #2621, .F. ) ;
#3338 = EDGE_CURVE ( 'NONE', #593, #103, #1494, .T. ) ;
#3339 = ORIENTED_EDGE ( 'NONE', *, *, #2529, .T. ) ;
#3340 = ORIENTED_EDGE ( 'NONE', *, *, #2830, .F. ) ;
#3341 = DIRECTION ( 'NONE',  ( 0.7071067811865489050, 0.000000000000000000, -0.7071067811865462405 ) ) ;
#3342 = CARTESIAN_POINT ( 'NONE',  ( -57.02081528017137657, 5.000000000000000000, -65.93542918672127939 ) ) ;
#3343 = DIRECTION ( 'NONE',  ( 0.000000000000000000, 0.000000000000000000, 1.000000000000000000 ) ) ;
#3344 = CARTESIAN_POINT ( 'NONE',  ( 16.00000000000000000, -4.525961875374001409, 1.500000000000000000 ) ) ;
#3345 = CARTESIAN_POINT ( 'NONE',  ( 9.997899649941652811, -0.1774874432095524257, 59.80000000000003979 ) ) ;
#3346 = CARTESIAN_POINT ( 'NONE',  ( -9.500000000000005329, -13.84999999999999964, -6.633814543801955899E-14 ) ) ;
#3347 = CARTESIAN_POINT ( 'NONE',  ( 13.54999999999999893, -15.80000000000000071, 1.500000000000000000 ) ) ;
#3348 = CIRCLE ( 'NONE', #2325, 2.450000000000000622 ) ;
#3349 = ORIENTED_EDGE ( 'NONE', *, *, #1416, .T. ) ;
#3350 = VERTEX_POINT ( 'NONE', #1600 ) ;
#3351 = STYLED_ITEM ( 'NONE', ( #373 ), #2595 ) ;
#3352 = CARTESIAN_POINT ( 'NONE',  ( -39.80420070011670219, 0.000000000000000000, -2.437304349000840600E-15 ) ) ;
#3353 = CARTESIAN_POINT ( 'NONE',  ( -19.90210035005835110, 24.63667557965986532, 10.99660225194722152 ) ) ;
#3354 = LINE ( 'NONE', #3769, #4414 ) ;
#3355 = ORIENTED_EDGE ( 'NONE', *, *, #1068, .F. ) ;
#3356 = DIRECTION ( 'NONE',  ( 0.000000000000000000, -1.000000000000000000, 0.000000000000000000 ) ) ;
#3357 = EDGE_LOOP ( 'NONE', ( #2001, #1768, #2209, #3038, #1882, #4644 ) ) ;
#3358 = VECTOR ( 'NONE', #2173, 999.9999999999998863 ) ;
#3359 =( GEOMETRIC_REPRESENTATION_CONTEXT ( 3 ) GLOBAL_UNCERTAINTY_ASSIGNED_CONTEXT ( ( #1564 ) ) GLOBAL_UNIT_ASSIGNED_CONTEXT ( ( #1122, #283, #633 ) ) REPRESENTATION_CONTEXT ( 'NONE', 'WORKASPACE' ) );
#3360 = VERTEX_POINT ( 'NONE', #1227 ) ;
#3361 = ORIENTED_EDGE ( 'NONE', *, *, #3301, .F. ) ;
#3362 = CLOSED_SHELL ( 'NONE', ( #3943, #3760, #1225, #188, #3026, #425, #740, #250, #1635, #2721, #4373, #767, #1369, #3678, #3968, #243, #3779, #2803, #1979, #4477, #3437, #876, #1426, #2104, #1852, #3083, #728, #4139 ) ) ;
#3363 = EDGE_LOOP ( 'NONE', ( #294, #2345 ) ) ;
#3364 = DIRECTION ( 'NONE',  ( -0.000000000000000000, -1.000000000000000000, -0.000000000000000000 ) ) ;
#3365 = EDGE_CURVE ( 'NONE', #1327, #3729, #4801, .T. ) ;
#3366 = CARTESIAN_POINT ( 'NONE',  ( -16.29064151234193858, 8.074421660968079451, 7.222917675432837470 ) ) ;
#3367 = CARTESIAN_POINT ( 'NONE',  ( -19.90210035005835110, 1.740681043584102472, 0.000000000000000000 ) ) ;
#3368 = ADVANCED_FACE ( 'NONE', ( #140 ), #1650, .F. ) ;
#3369 = DIRECTION ( 'NONE',  ( 0.000000000000000000, 0.000000000000000000, -1.000000000000000000 ) ) ;
#3370 = DIRECTION ( 'NONE',  ( 0.000000000000000000, -0.000000000000000000, -1.000000000000000000 ) ) ;
#3371 = CARTESIAN_POINT ( 'NONE',  ( -19.90210035005835110, 20.88667557965986177, 0.000000000000000000 ) ) ;
#3372 = CARTESIAN_POINT ( 'NONE',  ( -35.90210035005834754, 1.740681043584102472, -1.959434878635764737E-15 ) ) ;
#3373 = ORIENTED_EDGE ( 'NONE', *, *, #4770, .T. ) ;
#3374 = ORIENTED_EDGE ( 'NONE', *, *, #4591, .T. ) ;
#3375 = EDGE_CURVE ( 'NONE', #3582, #2992, #3115, .T. ) ;
#3376 = ADVANCED_FACE ( 'NONE', ( #2722, #2779, #4478 ), #1121, .T. ) ;
#3377 = CIRCLE ( 'NONE', #393, 4.999999999999997335 ) ;
#3378 = EDGE_CURVE ( 'NONE', #103, #1568, #1406, .T. ) ;
#3379 = DIRECTION ( 'NONE',  ( 0.000000000000000000, 0.000000000000000000, -1.000000000000000000 ) ) ;
#3380 = CARTESIAN_POINT ( 'NONE',  ( -10.55000000000000071, -10.80000000000000071, 0.000000000000000000 ) ) ;
#3381 = ORIENTED_EDGE ( 'NONE', *, *, #1690, .F. ) ;
#3382 =( NAMED_UNIT ( * ) SI_UNIT ( $, .STERADIAN. ) SOLID_ANGLE_UNIT ( ) );
#3383 = AXIS2_PLACEMENT_3D ( 'NONE', #4152, #2639, #1884 ) ;
#3384 = DIRECTION ( 'NONE',  ( -0.000000000000000000, 1.000000000000000000, -0.000000000000000000 ) ) ;
#3385 = AXIS2_PLACEMENT_3D ( 'NONE', #178, #500, #2390 ) ;
#3386 = ORIENTED_EDGE ( 'NONE', *, *, #4394, .F. ) ;
#3387 = ORIENTED_EDGE ( 'NONE', *, *, #1479, .F. ) ;
#3388 = AXIS2_PLACEMENT_3D ( 'NONE', #4534, #3823, #1181 ) ;
#3389 = VERTEX_POINT ( 'NONE', #4660 ) ;
#3390 = EDGE_LOOP ( 'NONE', ( #4818, #4387, #2765, #4723 ) ) ;
#3391 = LINE ( 'NONE', #3019, #263 ) ;
#3392 = DIRECTION ( 'NONE',  ( -1.000000000000000000, 0.000000000000000000, 0.000000000000000000 ) ) ;
#3393 = CYLINDRICAL_SURFACE ( 'NONE', #4348, 1.599999999999997202 ) ;
#3394 = ADVANCED_FACE ( 'NONE', ( #4326 ), #244, .F. ) ;
#3395 = VECTOR ( 'NONE', #2141, 1000.000000000000000 ) ;
#3396 = VECTOR ( 'NONE', #2640, 1000.000000000000000 ) ;
#3397 = CARTESIAN_POINT ( 'NONE',  ( -45.00000000000002132, -23.42384038863437468, -44.80370120307598114 ) ) ;
#3398 = DIRECTION ( 'NONE',  ( -1.000000000000000000, 0.000000000000000000, 0.000000000000000000 ) ) ;
#3399 = DIRECTION ( 'NONE',  ( -0.000000000000000000, 1.000000000000000000, -0.000000000000000000 ) ) ;
#3400 = DIRECTION ( 'NONE',  ( 0.000000000000000000, 0.000000000000000000, 1.000000000000000000 ) ) ;
#3401 = ORIENTED_EDGE ( 'NONE', *, *, #4451, .F. ) ;
#3402 = CLOSED_SHELL ( 'NONE', ( #1730, #3523, #4104, #4191, #997, #13, #1596, #831 ) ) ;
#3403 = EDGE_CURVE ( 'NONE', #1457, #1808, #1192, .T. ) ;
#3404 = FACE_OUTER_BOUND ( 'NONE', #603, .T. ) ;
#3405 = CARTESIAN_POINT ( 'NONE',  ( -20.00000000000000000, -3.799999999999999378, -1.396592535537253342E-13 ) ) ;
#3406 = ORIENTED_EDGE ( 'NONE', *, *, #4770, .F. ) ;
#3407 = AXIS2_PLACEMENT_3D ( 'NONE', #3821, #1955, #3459 ) ;
#3408 = FACE_OUTER_BOUND ( 'NONE', #2175, .T. ) ;
#3409 = ORIENTED_EDGE ( 'NONE', *, *, #3375, .F. ) ;
#3410 = CIRCLE ( 'NONE', #1214, 1.499999999999999556 ) ;
#3411 = ORIENTED_EDGE ( 'NONE', *, *, #1607, .F. ) ;
#3412 = EDGE_LOOP ( 'NONE', ( #3039, #4058, #40, #4065 ) ) ;
#3413 = DIRECTION ( 'NONE',  ( 1.000000000000000000, 0.000000000000000000, 0.000000000000000000 ) ) ;
#3414 = CARTESIAN_POINT ( 'NONE',  ( -16.00000000000000000, -7.025961875374001409, 1.500000000000000000 ) ) ;
#3415 = DIRECTION ( 'NONE',  ( -0.000000000000000000, 1.000000000000000000, -0.000000000000000000 ) ) ;
#3416 = CARTESIAN_POINT ( 'NONE',  ( -50.00000000000001421, -23.42384038863437468, -44.80370120307598114 ) ) ;
#3417 = CARTESIAN_POINT ( 'NONE',  ( -46.91990187819502012, 0.001519591069921833338, -3.308726416143103116E-15 ) ) ;
#3418 = SURFACE_STYLE_FILL_AREA ( #4218 ) ;
#3419 = CYLINDRICAL_SURFACE ( 'NONE', #2304, 1.550000000000065103 ) ;
#3420 = CARTESIAN_POINT ( 'NONE',  ( 7.714285714285712636, 5.000000000000000000, -39.88108614654409223 ) ) ;
#3421 = CARTESIAN_POINT ( 'NONE',  ( 7.500000000000000000, -3.799999999999999822, 0.000000000000000000 ) ) ;
#3422 = CARTESIAN_POINT ( 'NONE',  ( 0.000000000000000000, 0.000000000000000000, 0.000000000000000000 ) ) ;
#3423 = EDGE_CURVE ( 'NONE', #4284, #2259, #334, .T. ) ;
#3424 = EDGE_LOOP ( 'NONE', ( #3257, #938 ) ) ;
#3425 = MECHANICAL_DESIGN_GEOMETRIC_PRESENTATION_REPRESENTATION (  '', ( #2957 ), #3589 ) ;
#3426 = ADVANCED_FACE ( 'NONE', ( #3565, #2094, #3267, #3952, #645, #1041, #595, #2513, #1311 ), #4379, .F. ) ;
#3427 = UNCERTAINTY_MEASURE_WITH_UNIT (LENGTH_MEASURE( 1.000000000000000082E-05 ), #772, 'distance_accuracy_value', 'NONE');
#3428 = CARTESIAN_POINT ( 'NONE',  ( -13.54999999999999893, -13.30000000000000071, 1.500000000000000000 ) ) ;
#3429 = EDGE_LOOP ( 'NONE', ( #3131, #1017, #4800, #2709, #4669, #1239, #2965, #2686, #4808, #3082, #4505, #4598, #2128, #364, #758, #1277, #187, #2392, #4626, #4497, #1537, #1216, #1254, #873, #2381, #281, #4674, #194, #2522, #3279 ) ) ;
#3430 = CIRCLE ( 'NONE', #928, 5.000000000000004441 ) ;
#3431 = ORIENTED_EDGE ( 'NONE', *, *, #3005, .T. ) ;
#3432 = EDGE_CURVE ( 'NONE', #1003, #4475, #731, .T. ) ;
#3433 = ORIENTED_EDGE ( 'NONE', *, *, #426, .T. ) ;
#3434 = CARTESIAN_POINT ( 'NONE',  ( -3.077405220891714865, 1.290109711048460062, 0.000000000000000000 ) ) ;
#3435 = CARTESIAN_POINT ( 'NONE',  ( -10.50000000000000533, -8.849999999999992539, -7.332110811570583833E-14 ) ) ;
#3436 = DIRECTION ( 'NONE',  ( 0.000000000000000000, -1.000000000000000000, 0.000000000000000000 ) ) ;
#3437 = ADVANCED_FACE ( 'NONE', ( #2536 ), #492, .F. ) ;
#3438 = DIRECTION ( 'NONE',  ( -0.000000000000000000, 1.000000000000000000, -0.000000000000000000 ) ) ;
#3439 = DIRECTION ( 'NONE',  ( 0.000000000000000000, 0.000000000000000000, 1.000000000000000000 ) ) ;
#3440 = CARTESIAN_POINT ( 'NONE',  ( -3.077405220891721083, 1.290109711048460062, 33.64939025833328401 ) ) ;
#3441 = CYLINDRICAL_SURFACE ( 'NONE', #1245, 20.00000000000000000 ) ;
#3442 = CIRCLE ( 'NONE', #2662, 29.90000000000001634 ) ;
#3443 = DIRECTION ( 'NONE',  ( -0.000000000000000000, -1.000000000000000000, -0.000000000000000000 ) ) ;
#3444 = EDGE_CURVE ( 'NONE', #3809, #3963, #2619, .T. ) ;
#3445 = CARTESIAN_POINT ( 'NONE',  ( -37.57537879754134735, 5.000000000000000000, -85.38086566935140809 ) ) ;
#3446 = ORIENTED_EDGE ( 'NONE', *, *, #2669, .T. ) ;
#3447 = AXIS2_PLACEMENT_3D ( 'NONE', #1229, #2040, #865 ) ;
#3448 =( LENGTH_UNIT ( ) NAMED_UNIT ( * ) SI_UNIT ( .MILLI., .METRE. ) );
#3449 = DIRECTION ( 'NONE',  ( 0.000000000000000000, -1.000000000000000000, 0.000000000000000000 ) ) ;
#3450 = EDGE_CURVE ( 'NONE', #849, #3060, #2687, .T. ) ;
#3451 = EDGE_LOOP ( 'NONE', ( #2941, #2404 ) ) ;
#3452 = AXIS2_PLACEMENT_3D ( 'NONE', #2263, #2286, #1066 ) ;
#3453 = VECTOR ( 'NONE', #538, 1000.000000000000000 ) ;
#3454 = VERTEX_POINT ( 'NONE', #3538 ) ;
#3455 = EDGE_CURVE ( 'NONE', #284, #1405, #3170, .T. ) ;
#3456 = CARTESIAN_POINT ( 'NONE',  ( -1.813707415476477847, 0.5732407636741823076, 0.000000000000000000 ) ) ;
#3457 = AXIS2_PLACEMENT_3D ( 'NONE', #2249, #2273, #3379 ) ;
#3458 = CARTESIAN_POINT ( 'NONE',  ( -22.35210035005835394, 14.50106184802028153, -3.000384657911015863E-16 ) ) ;
#3459 = DIRECTION ( 'NONE',  ( 0.000000000000000000, 0.000000000000000000, -1.000000000000000000 ) ) ;
#3460 = EDGE_CURVE ( 'NONE', #1910, #218, #1368, .T. ) ;
#3461 =( REPRESENTATION_RELATIONSHIP ('NONE','NONE', #1810, #451 ) REPRESENTATION_RELATIONSHIP_WITH_TRANSFORMATION ( #4594 )SHAPE_REPRESENTATION_RELATIONSHIP( ) );
#3462 = DIRECTION ( 'NONE',  ( -0.000000000000000000, -1.000000000000000000, -0.000000000000000000 ) ) ;
#3463 = FACE_BOUND ( 'NONE', #1215, .T. ) ;
#3464 = PLANE ( 'NONE',  #824 ) ;
#3465 = LINE ( 'NONE', #1940, #2714 ) ;
#3466 = CARTESIAN_POINT ( 'NONE',  ( -1.813707415476486506, 0.5732407636741823076, 36.17678586916375139 ) ) ;
#3467 = CARTESIAN_POINT ( 'NONE',  ( -19.90210035005835110, 1.740681043584102472, 0.000000000000000000 ) ) ;
#3468 = VECTOR ( 'NONE', #566, 1000.000000000000000 ) ;
#3469 = CIRCLE ( 'NONE', #807, 1.500000000000001332 ) ;
#3470 = FACE_OUTER_BOUND ( 'NONE', #759, .T. ) ;
#3471 = DIRECTION ( 'NONE',  ( 1.000000000000000000, 0.000000000000000000, -4.030001418264960639E-16 ) ) ;
#3472 = DIRECTION ( 'NONE',  ( -1.000000000000000000, -0.000000000000000000, -0.000000000000000000 ) ) ;
#3473 = VERTEX_POINT ( 'NONE', #3640 ) ;
#3474 = VERTEX_POINT ( 'NONE', #2430 ) ;
#3475 = VECTOR ( 'NONE', #3841, 1000.000000000000000 ) ;
#3476 = DIRECTION ( 'NONE',  ( 0.000000000000000000, 0.000000000000000000, -1.000000000000000000 ) ) ;
#3477 = ORIENTED_EDGE ( 'NONE', *, *, #3160, .T. ) ;
#3478 = CARTESIAN_POINT ( 'NONE',  ( -19.90210035005835110, 8.312075473978843831, 0.000000000000000000 ) ) ;
#3479 = CIRCLE ( 'NONE', #4180, 0.7000000000000009548 ) ;
#3480 = EDGE_CURVE ( 'NONE', #3650, #4158, #1129, .T. ) ;
#3481 = ORIENTED_EDGE ( 'NONE', *, *, #1815, .T. ) ;
#3482 = ORIENTED_EDGE ( 'NONE', *, *, #4757, .F. ) ;
#3483 = CARTESIAN_POINT ( 'NONE',  ( -1.051612519740641849, 0.1449029338955367396, 0.000000000000000000 ) ) ;
#3484 = EDGE_CURVE ( 'NONE', #2494, #3473, #3006, .T. ) ;
#3485 = CARTESIAN_POINT ( 'NONE',  ( -27.45797837036198530, 3.067221540086911169, -9.253281832312684604E-16 ) ) ;
#3486 = PRODUCT_DEFINITION_SHAPE ( 'NONE', 'NONE',  #520 ) ;
#3487 = CARTESIAN_POINT ( 'NONE',  ( 13.00000000000000178, -4.525961875374001409, 1.500000000000000000 ) ) ;
#3488 = AXIS2_PLACEMENT_3D ( 'NONE', #3478, #108, #1761 ) ;
#3489 = DIRECTION ( 'NONE',  ( 0.000000000000000000, 1.000000000000000000, 0.000000000000000000 ) ) ;
#3490 = FACE_BOUND ( 'NONE', #3502, .T. ) ;
#3491 = DIRECTION ( 'NONE',  ( -0.000000000000000000, 1.000000000000000000, -0.000000000000000000 ) ) ;
#3492 = FACE_OUTER_BOUND ( 'NONE', #3681, .T. ) ;
#3493 = FACE_OUTER_BOUND ( 'NONE', #2667, .T. ) ;
#3494 = EDGE_CURVE ( 'NONE', #1468, #311, #2829, .T. ) ;
#3495 = CARTESIAN_POINT ( 'NONE',  ( 27.00000000000000355, 5.000000000000000000, -7.416198487095657654 ) ) ;
#3496 = CYLINDRICAL_SURFACE ( 'NONE', #887, 1.500000000000001332 ) ;
#3497 = EDGE_CURVE ( 'NONE', #4179, #3917, #2225, .T. ) ;
#3498 = CARTESIAN_POINT ( 'NONE',  ( 10.55000000000000071, -16.35000000000000497, 0.000000000000000000 ) ) ;
#3499 = EDGE_LOOP ( 'NONE', ( #978, #2637, #888, #2181 ) ) ;
#3500 = ORIENTED_EDGE ( 'NONE', *, *, #4745, .F. ) ;
#3501 = CARTESIAN_POINT ( 'NONE',  ( 0.000000000000000000, -3.799999999999998046, 0.000000000000000000 ) ) ;
#3502 = EDGE_LOOP ( 'NONE', ( #1424, #433 ) ) ;
#3503 = DIRECTION ( 'NONE',  ( -0.000000000000000000, -1.000000000000000000, -0.000000000000000000 ) ) ;
#3504 = VECTOR ( 'NONE', #1733, 1000.000000000000000 ) ;
#3505 = ORIENTED_EDGE ( 'NONE', *, *, #4052, .T. ) ;
#3506 = AXIS2_PLACEMENT_3D ( 'NONE', #496, #1314, #4277 ) ;
#3507 = CARTESIAN_POINT ( 'NONE',  ( 6.999999999999998224, 0.000000000000000000, -7.416198487095654990 ) ) ;
#3508 = VECTOR ( 'NONE', #274, 1000.000000000000000 ) ;
#3509 = CARTESIAN_POINT ( 'NONE',  ( 0.000000000000000000, 0.000000000000000000, -38.47500000000000142 ) ) ;
#3510 = LINE ( 'NONE', #2063, #2767 ) ;
#3511 = DIRECTION ( 'NONE',  ( -0.000000000000000000, 1.000000000000000000, -0.000000000000000000 ) ) ;
#3512 = ORIENTED_EDGE ( 'NONE', *, *, #1542, .T. ) ;
#3513 = CARTESIAN_POINT ( 'NONE',  ( 10.55000000000000071, -10.30000000000000071, 0.000000000000000000 ) ) ;
#3514 = FACE_OUTER_BOUND ( 'NONE', #3499, .T. ) ;
#3515 = CARTESIAN_POINT ( 'NONE',  ( 7.714285714285711748, 5.000000000000000000, -2.118913853455899776 ) ) ;
#3516 = DIRECTION ( 'NONE',  ( 0.000000000000000000, -1.000000000000000000, 0.000000000000000000 ) ) ;
#3517 = COLOUR_RGB ( '',0.7921568627450980005, 0.8196078431372548767, 0.9333333333333333481 ) ;
#3518 = DIRECTION ( 'NONE',  ( 0.000000000000000000, 0.000000000000000000, -1.000000000000000000 ) ) ;
#3519 = DIRECTION ( 'NONE',  ( 0.000000000000000000, -0.000000000000000000, 1.000000000000000000 ) ) ;
#3520 = DIRECTION ( 'NONE',  ( 0.000000000000000000, 0.000000000000000000, 1.000000000000000000 ) ) ;
#3521 = FACE_OUTER_BOUND ( 'NONE', #4042, .T. ) ;
#3522 = DIRECTION ( 'NONE',  ( -0.000000000000000000, 1.000000000000000000, -0.000000000000000000 ) ) ;
#3523 = ADVANCED_FACE ( 'NONE', ( #3616 ), #1823, .T. ) ;
#3524 = VERTEX_POINT ( 'NONE', #2261 ) ;
#3525 = VERTEX_POINT ( 'NONE', #3291 ) ;
#3526 = EDGE_CURVE ( 'NONE', #1247, #959, #1871, .T. ) ;
#3527 = AXIS2_PLACEMENT_3D ( 'NONE', #14, #4157, #4545 ) ;
#3528 = PLANE ( 'NONE',  #1948 ) ;
#3529 = EDGE_LOOP ( 'NONE', ( #2511, #542 ) ) ;
#3530 = CARTESIAN_POINT ( 'NONE',  ( -45.00000000000002132, 5.000000000000000000, -69.47096309265401715 ) ) ;
#3531 = AXIS2_PLACEMENT_3D ( 'NONE', #2491, #675, #4746 ) ;
#3532 = ORIENTED_EDGE ( 'NONE', *, *, #1493, .F. ) ;
#3533 = DIRECTION ( 'NONE',  ( 0.000000000000000000, 0.000000000000000000, -1.000000000000000000 ) ) ;
#3534 = DIRECTION ( 'NONE',  ( -0.000000000000000000, 1.000000000000000000, -0.000000000000000000 ) ) ;
#3535 = CARTESIAN_POINT ( 'NONE',  ( -10.75298648286213599, 2.033202709351189519, 18.29822773439244088 ) ) ;
#3536 = CARTESIAN_POINT ( 'NONE',  ( -6.560365685056498641, 5.452319956944943868, -26.68346933000369603 ) ) ;
#3537 = VERTEX_POINT ( 'NONE', #1136 ) ;
#3538 = CARTESIAN_POINT ( 'NONE',  ( -19.90210035005835110, 20.88667557965986177, -7.450000000000003730 ) ) ;
#3539 = AXIS2_PLACEMENT_3D ( 'NONE', #3199, #869, #2361 ) ;
#3540 = DIRECTION ( 'NONE',  ( 0.000000000000000000, 0.000000000000000000, -1.000000000000000000 ) ) ;
#3541 = CARTESIAN_POINT ( 'NONE',  ( -28.81402596760599266, 7.640285087069870862, 17.82385123509526892 ) ) ;
#3542 = CARTESIAN_POINT ( 'NONE',  ( -11.66726188957807331, 7.700000000000000178, 11.66726188957802890 ) ) ;
#3543 = CARTESIAN_POINT ( 'NONE',  ( -10.99017473251071486, 7.640285087069870862, -17.82385123509527247 ) ) ;
#3544 = EDGE_CURVE ( 'NONE', #311, #2494, #716, .T. ) ;
#3545 = VECTOR ( 'NONE', #1811, 999.9999999999998863 ) ;
#3546 = CYLINDRICAL_SURFACE ( 'NONE', #797, 10.45000000000000462 ) ;
#3547 = DIRECTION ( 'NONE',  ( 0.000000000000000000, 0.000000000000000000, -1.000000000000000000 ) ) ;
#3548 = CARTESIAN_POINT ( 'NONE',  ( -7.000000000000000888, 0.000000000000000000, -13.87298334620741436 ) ) ;
#3549 = LINE ( 'NONE', #3125, #4005 ) ;
#3550 = ORIENTED_EDGE ( 'NONE', *, *, #1100, .F. ) ;
#3551 = EDGE_CURVE ( 'NONE', #4475, #1429, #4809, .T. ) ;
#3552 = ORIENTED_EDGE ( 'NONE', *, *, #3214, .T. ) ;
#3553 = EDGE_CURVE ( 'NONE', #2202, #3657, #762, .T. ) ;
#3554 = LINE ( 'NONE', #981, #3673 ) ;
#3555 = VERTEX_POINT ( 'NONE', #689 ) ;
#3556 = CYLINDRICAL_SURFACE ( 'NONE', #3957, 6.000000000000019540 ) ;
#3557 = CIRCLE ( 'NONE', #4341, 1.599999999999997202 ) ;
#3558 = VECTOR ( 'NONE', #4280, 1000.000000000000000 ) ;
#3559 = ORIENTED_EDGE ( 'NONE', *, *, #3059, .F. ) ;
#3560 = CARTESIAN_POINT ( 'NONE',  ( -0.4058158082745339512, 0.05478672904803285476, -38.99256908356762352 ) ) ;
#3561 = CARTESIAN_POINT ( 'NONE',  ( -19.90210035005835110, 24.63667557965986532, 0.000000000000000000 ) ) ;
#3562 = CARTESIAN_POINT ( 'NONE',  ( 17.50000000000000000, -7.025961875374001409, 1.500000000000000000 ) ) ;
#3563 = VECTOR ( 'NONE', #3319, 1000.000000000000000 ) ;
#3564 = EDGE_LOOP ( 'NONE', ( #4735, #2222, #2625, #3991, #449 ) ) ;
#3565 = FACE_OUTER_BOUND ( 'NONE', #3429, .T. ) ;
#3566 = DIRECTION ( 'NONE',  ( 4.030001418264960639E-16, 0.000000000000000000, 1.000000000000000000 ) ) ;
#3567 = CARTESIAN_POINT ( 'NONE',  ( -29.72530282808941138, 7.229776570311008399, 19.64640495606211346 ) ) ;
#3568 = CARTESIAN_POINT ( 'NONE',  ( -7.500000000000000000, -3.799999999999999822, -5.237222008264700033E-14 ) ) ;
#3569 = CARTESIAN_POINT ( 'NONE',  ( -28.35210035005835749, 8.312075473978843831, -16.90000000000001634 ) ) ;
#3570 = CIRCLE ( 'NONE', #3488, 8.450000000000008171 ) ;
#3571 = CARTESIAN_POINT ( 'NONE',  ( -13.54999999999999893, -13.30000000000000071, 0.000000000000000000 ) ) ;
#3572 = CARTESIAN_POINT ( 'NONE',  ( -28.99999999999999645, 5.000000000000000000, -13.87298334620741969 ) ) ;
#3573 = CARTESIAN_POINT ( 'NONE',  ( -56.66726188957796495, 0.000000000000000000, -82.68822498223190109 ) ) ;
#3574 = CARTESIAN_POINT ( 'NONE',  ( -56.66726188957804311, 5.000000000000000000, -56.25370120307598398 ) ) ;
#3575 = ORIENTED_EDGE ( 'NONE', *, *, #2413, .F. ) ;
#3576 = ORIENTED_EDGE ( 'NONE', *, *, #1631, .F. ) ;
#3577 = EDGE_CURVE ( 'NONE', #4103, #382, #1458, .T. ) ;
#3578 = PLANE ( 'NONE',  #3901 ) ;
#3579 = EDGE_LOOP ( 'NONE', ( #2481, #3940, #1610, #303 ) ) ;
#3580 = PLANE ( 'NONE',  #2309 ) ;
#3581 = EDGE_CURVE ( 'NONE', #2183, #1844, #972, .T. ) ;
#3582 = VERTEX_POINT ( 'NONE', #3757 ) ;
#3583 = DIRECTION ( 'NONE',  ( 0.000000000000000000, 0.000000000000000000, 1.000000000000000000 ) ) ;
#3584 = CARTESIAN_POINT ( 'NONE',  ( 0.000000000000000000, 0.000000000000000000, 0.000000000000000000 ) ) ;
#3585 = PRODUCT_DEFINITION_FORMATION_WITH_SPECIFIED_SOURCE ( 'ä»', '', #461, .NOT_KNOWN. ) ;
#3586 = CARTESIAN_POINT ( 'NONE',  ( -26.09965688416941632, 4.391801250357438846, 12.39511306822211800 ) ) ;
#3587 = EDGE_CURVE ( 'NONE', #2955, #220, #390, .T. ) ;
#3588 = ORIENTED_EDGE ( 'NONE', *, *, #485, .T. ) ;
#3589 =( GEOMETRIC_REPRESENTATION_CONTEXT ( 3 ) GLOBAL_UNCERTAINTY_ASSIGNED_CONTEXT ( ( #3427 ) ) GLOBAL_UNIT_ASSIGNED_CONTEXT ( ( #772, #422, #3849 ) ) REPRESENTATION_CONTEXT ( 'NONE', 'WORKASPACE' ) );
#3590 = VERTEX_POINT ( 'NONE', #2167 ) ;
#3591 = DIRECTION ( 'NONE',  ( 0.000000000000000000, 0.000000000000000000, 1.000000000000000000 ) ) ;
#3592 = CARTESIAN_POINT ( 'NONE',  ( -11.34606636875347441, 8.060162897851448349, 17.11206796260976404 ) ) ;
#3593 = LINE ( 'NONE', #248, #1554 ) ;
#3594 = CIRCLE ( 'NONE', #2501, 29.90000000000000924 ) ;
#3595 = AXIS2_PLACEMENT_3D ( 'NONE', #3329, #2200, #4014 ) ;
#3596 = DIRECTION ( 'NONE',  ( 0.000000000000000000, 0.000000000000000000, 1.000000000000000000 ) ) ;
#3597 = CARTESIAN_POINT ( 'NONE',  ( 16.00000000000000000, -7.025961875374001409, 0.000000000000000000 ) ) ;
#3598 = FACE_OUTER_BOUND ( 'NONE', #2009, .T. ) ;
#3599 = DIRECTION ( 'NONE',  ( 0.000000000000000000, 0.000000000000000000, -1.000000000000000000 ) ) ;
#3600 = B_SPLINE_CURVE_WITH_KNOTS ( 'NONE', 3,
 ( #3741, #278, #1855, #4055, #4841, #1048, #1438 ),
 .UNSPECIFIED., .F., .F.,
 ( 4, 1, 1, 1, 4 ),
 ( 0.000000000000000000, 0.3976085936376361207, 0.6246750225943311641, 0.8359075554083627013, 1.000000000000000000 ),
 .UNSPECIFIED. ) ;
#3601 = EDGE_LOOP ( 'NONE', ( #1441, #4162, #3697, #686 ) ) ;
#3602 = VERTEX_POINT ( 'NONE', #2921 ) ;
#3603 = AXIS2_PLACEMENT_3D ( 'NONE', #519, #1630, #2683 ) ;
#3604 = EDGE_CURVE ( 'NONE', #3651, #4455, #3079, .T. ) ;
#3605 = SURFACE_SIDE_STYLE ('',( #2105 ) ) ;
#3606 = ORIENTED_EDGE ( 'NONE', *, *, #4751, .T. ) ;
#3607 = CARTESIAN_POINT ( 'NONE',  ( 0.000000000000000000, 0.000000000000000000, 0.000000000000000000 ) ) ;
#3608 = ORIENTED_EDGE ( 'NONE', *, *, #3800, .F. ) ;
#3609 = ADVANCED_FACE ( 'NONE', ( #2556 ), #21, .T. ) ;
#3610 = CYLINDRICAL_SURFACE ( 'NONE', #2510, 8.450000000000006395 ) ;
#3611 = ORIENTED_EDGE ( 'NONE', *, *, #327, .T. ) ;
#3612 = CIRCLE ( 'NONE', #464, 29.90000000000001634 ) ;
#3613 = VERTEX_POINT ( 'NONE', #3685 ) ;
#3614 = EDGE_CURVE ( 'NONE', #1844, #4455, #3391, .T. ) ;
#3615 = VERTEX_POINT ( 'NONE', #1155 ) ;
#3616 = FACE_OUTER_BOUND ( 'NONE', #1415, .T. ) ;
#3617 = DIRECTION ( 'NONE',  ( 0.000000000000000000, 0.000000000000000000, 1.000000000000000000 ) ) ;
#3618 = CARTESIAN_POINT ( 'NONE',  ( 10.50000000000000533, -8.849999999999992539, 0.000000000000000000 ) ) ;
#3619 = CARTESIAN_POINT ( 'NONE',  ( 0.000000000000000000, 0.000000000000000000, -38.47500000000000142 ) ) ;
#3620 = AXIS2_PLACEMENT_3D ( 'NONE', #1202, #1533, #2699 ) ;
#3621 = AXIS2_PLACEMENT_3D ( 'NONE', #949, #1237, #1994 ) ;
#3622 = CARTESIAN_POINT ( 'NONE',  ( 10.25000000000000000, -2.315795280694864733, 0.000000000000000000 ) ) ;
#3623 = CYLINDRICAL_SURFACE ( 'NONE', #2904, 20.00000000000000355 ) ;
#3624 = CARTESIAN_POINT ( 'NONE',  ( -32.97918471982871580, 5.000000000000000000, -73.00649699858676911 ) ) ;
#3625 = DIRECTION ( 'NONE',  ( -0.000000000000000000, 1.000000000000000000, -0.000000000000000000 ) ) ;
#3626 = EDGE_LOOP ( 'NONE', ( #1430, #2565, #2211, #214 ) ) ;
#3627 = ORIENTED_EDGE ( 'NONE', *, *, #1120, .F. ) ;
#3628 = VECTOR ( 'NONE', #45, 1000.000000000000000 ) ;
#3629 = CARTESIAN_POINT ( 'NONE',  ( -30.83811767610334442, 6.620376742835878403, -1.339275861376099512E-15 ) ) ;
#3630 = CARTESIAN_POINT ( 'NONE',  ( -45.00000000000002132, 5.000000000000000000, -69.47096309265401715 ) ) ;
#3631 = VERTEX_POINT ( 'NONE', #4070 ) ;
#3632 = CARTESIAN_POINT ( 'NONE',  ( 9.500000000000005329, -13.85000000000000320, 0.000000000000000000 ) ) ;
#3633 = PRODUCT_DEFINITION_CONTEXT ( 'detailed design', #2122, 'design' ) ;
#3634 = VECTOR ( 'NONE', #4606, 1000.000000000000000 ) ;
#3635 = DIRECTION ( 'NONE',  ( 0.000000000000000000, 1.000000000000000000, 0.000000000000000000 ) ) ;
#3636 = ORIENTED_EDGE ( 'NONE', *, *, #1100, .T. ) ;
#3637 = AXIS2_PLACEMENT_3D ( 'NONE', #343, #3341, #1108 ) ;
#3638 = EDGE_LOOP ( 'NONE', ( #1472, #2456, #2553, #2691 ) ) ;
#3639 = EDGE_LOOP ( 'NONE', ( #1696, #3951, #2059, #2153 ) ) ;
#3640 = CARTESIAN_POINT ( 'NONE',  ( 0.000000000000000000, -10.30000000000000426, 13.00000000000000178 ) ) ;
#3641 = ADVANCED_FACE ( 'NONE', ( #2946 ), #668, .F. ) ;
#3642 = CARTESIAN_POINT ( 'NONE',  ( 0.000000000000000000, -10.30000000000000426, 0.000000000000000000 ) ) ;
#3643 = DIRECTION ( 'NONE',  ( 0.000000000000000000, -0.000000000000000000, 1.000000000000000000 ) ) ;
#3644 = CARTESIAN_POINT ( 'NONE',  ( -10.07889787202729259, 7.229776570311006623, 0.000000000000000000 ) ) ;
#3645 = CIRCLE ( 'NONE', #663, 3.524999999999999911 ) ;
#3646 = CARTESIAN_POINT ( 'NONE',  ( -60.90990257669725594, 5.000000000000000000, -76.89558429511261295 ) ) ;
#3647 = CARTESIAN_POINT ( 'NONE',  ( -19.90210035005835110, -0.1774874432095528698, 0.000000000000000000 ) ) ;
#3648 = CARTESIAN_POINT ( 'NONE',  ( -56.66726188957804311, 5.000000000000000000, -57.80370120307598114 ) ) ;
#3649 = CARTESIAN_POINT ( 'NONE',  ( -19.90210035005835110, 24.63667557965986532, 0.000000000000000000 ) ) ;
#3650 = VERTEX_POINT ( 'NONE', #4439 ) ;
#3651 = VERTEX_POINT ( 'NONE', #2580 ) ;
#3652 = ADVANCED_FACE ( 'NONE', ( #2629 ), #3710, .F. ) ;
#3653 = DIRECTION ( 'NONE',  ( 0.000000000000000000, 0.000000000000000000, 1.000000000000000000 ) ) ;
#3654 = EDGE_LOOP ( 'NONE', ( #1325, #3203, #107, #907 ) ) ;
#3655 = DIRECTION ( 'NONE',  ( 0.000000000000000000, 1.000000000000000000, 0.000000000000000000 ) ) ;
#3656 = CARTESIAN_POINT ( 'NONE',  ( -37.57537879754134735, 0.000000000000000000, -85.38086566935140809 ) ) ;
#3657 = VERTEX_POINT ( 'NONE', #739 ) ;
#3658 = ORIENTED_EDGE ( 'NONE', *, *, #4679, .T. ) ;
#3659 = ORIENTED_EDGE ( 'NONE', *, *, #3738, .T. ) ;
#3660 = CARTESIAN_POINT ( 'NONE',  ( 0.000000000000000000, 0.000000000000000000, 0.000000000000000000 ) ) ;
#3661 = EDGE_CURVE ( 'NONE', #152, #3602, #3320, .T. ) ;
#3662 = DIRECTION ( 'NONE',  ( 0.000000000000000000, 1.000000000000000000, 0.000000000000000000 ) ) ;
#3663 = CARTESIAN_POINT ( 'NONE',  ( 0.000000000000000000, 0.000000000000000000, 0.000000000000000000 ) ) ;
#3664 = CIRCLE ( 'NONE', #2717, 7.450000000000003730 ) ;
#3665 = AXIS2_PLACEMENT_3D ( 'NONE', #36, #3813, #1128 ) ;
#3666 = MECHANICAL_DESIGN_GEOMETRIC_PRESENTATION_REPRESENTATION (  '', ( #3351 ), #1232 ) ;
#3667 = DIRECTION ( 'NONE',  ( 0.000000000000000000, 0.000000000000000000, -1.000000000000000000 ) ) ;
#3668 = CARTESIAN_POINT ( 'NONE',  ( 0.000000000000000000, 26.14942490415070253, 0.000000000000000000 ) ) ;
#3669 =( LENGTH_UNIT ( ) NAMED_UNIT ( * ) SI_UNIT ( .MILLI., .METRE. ) );
#3670 = DIRECTION ( 'NONE',  ( 0.000000000000000000, 0.000000000000000000, 1.000000000000000000 ) ) ;
#3671 = ORIENTED_EDGE ( 'NONE', *, *, #2234, .T. ) ;
#3672 = VERTEX_POINT ( 'NONE', #4117 ) ;
#3673 = VECTOR ( 'NONE', #2447, 1000.000000000000000 ) ;
#3674 = CARTESIAN_POINT ( 'NONE',  ( -33.33273811042200663, 0.000000000000000000, -81.13822498223208868 ) ) ;
#3675 = EDGE_CURVE ( 'NONE', #1808, #2442, #1618, .T. ) ;
#3676 =( LENGTH_UNIT ( ) NAMED_UNIT ( * ) SI_UNIT ( .MILLI., .METRE. ) );
#3677 = CARTESIAN_POINT ( 'NONE',  ( -1.813707415476477847, 0.5732407636741823076, 0.000000000000000000 ) ) ;
#3678 = ADVANCED_FACE ( 'NONE', ( #1645, #509 ), #2376, .F. ) ;
#3679 = DIRECTION ( 'NONE',  ( 0.000000000000000000, 0.000000000000000000, 1.000000000000000000 ) ) ;
#3680 = ORIENTED_EDGE ( 'NONE', *, *, #2776, .T. ) ;
#3681 = EDGE_LOOP ( 'NONE', ( #2443, #414, #2037, #1862 ) ) ;
#3682 = AXIS2_PLACEMENT_3D ( 'NONE', #3428, #3476, #1613 ) ;
#3683 = ORIENTED_EDGE ( 'NONE', *, *, #2147, .T. ) ;
#3684 = EDGE_LOOP ( 'NONE', ( #1587, #3187 ) ) ;
#3685 = CARTESIAN_POINT ( 'NONE',  ( -15.11984585097072120, 0.000000000000000000, -48.07609031786337539 ) ) ;
#3686 = CARTESIAN_POINT ( 'NONE',  ( -13.44365081389598338, 5.000000000000000000, -29.42933253231148782 ) ) ;
#3687 = DIRECTION ( 'NONE',  ( -0.000000000000000000, 1.000000000000000000, -0.000000000000000000 ) ) ;
#3688 = CIRCLE ( 'NONE', #1498, 0.7000000000000009548 ) ;
#3689 = CARTESIAN_POINT ( 'NONE',  ( -8.799999999999998934, -2.315795280694863845, -6.145007156363914705E-14 ) ) ;
#3690 = AXIS2_PLACEMENT_3D ( 'NONE', #1138, #44, #1826 ) ;
#3691 = AXIS2_PLACEMENT_3D ( 'NONE', #1356, #1251, #2426 ) ;
#3692 = ADVANCED_FACE ( 'NONE', ( #459 ), #42, .F. ) ;
#3693 = CARTESIAN_POINT ( 'NONE',  ( -19.90210035005835110, 3.340681043584106558, -10.99660225194722152 ) ) ;
#3694 =( NAMED_UNIT ( * ) SI_UNIT ( $, .STERADIAN. ) SOLID_ANGLE_UNIT ( ) );
#3695 = DIRECTION ( 'NONE',  ( 0.000000000000000000, 0.000000000000000000, 1.000000000000000000 ) ) ;
#3696 = EDGE_LOOP ( 'NONE', ( #3788, #1502 ) ) ;
#3697 = ORIENTED_EDGE ( 'NONE', *, *, #3097, .T. ) ;
#3698 = DIRECTION ( 'NONE',  ( -0.000000000000000000, 1.000000000000000000, -0.000000000000000000 ) ) ;
#3699 = FILL_AREA_STYLE_COLOUR ( '', #4382 ) ;
#3700 = ADVANCED_FACE ( 'NONE', ( #3111 ), #4188, .F. ) ;
#3701 = DIRECTION ( 'NONE',  ( 0.000000000000000000, 0.000000000000000000, -1.000000000000000000 ) ) ;
#3702 = AXIS2_PLACEMENT_3D ( 'NONE', #973, #2414, #3596 ) ;
#3703 = VERTEX_POINT ( 'NONE', #3507 ) ;
#3704 = LINE ( 'NONE', #1131, #1024 ) ;
#3705 = EDGE_LOOP ( 'NONE', ( #352, #1888 ) ) ;
#3706 = ORIENTED_EDGE ( 'NONE', *, *, #1875, .T. ) ;
#3707 = VERTEX_POINT ( 'NONE', #1551 ) ;
#3708 = AXIS2_PLACEMENT_3D ( 'NONE', #4355, #167, #3195 ) ;
#3709 = ORIENTED_EDGE ( 'NONE', *, *, #1561, .T. ) ;
#3710 = PLANE ( 'NONE',  #3637 ) ;
#3711 = CARTESIAN_POINT ( 'NONE',  ( -18.50000000000000000, -7.025961875374001409, 0.000000000000000000 ) ) ;
#3712 = DIRECTION ( 'NONE',  ( 0.000000000000000000, 0.000000000000000000, 1.000000000000000000 ) ) ;
#3713 = VECTOR ( 'NONE', #3734, 1000.000000000000000 ) ;
#3714 = DIRECTION ( 'NONE',  ( 0.000000000000000000, 0.000000000000000000, -1.000000000000000000 ) ) ;
#3715 = AXIS2_PLACEMENT_3D ( 'NONE', #885, #438, #3114 ) ;
#3716 = DIRECTION ( 'NONE',  ( -0.000000000000000000, 1.000000000000000000, -0.000000000000000000 ) ) ;
#3717 = FACE_OUTER_BOUND ( 'NONE', #902, .T. ) ;
#3718 = CARTESIAN_POINT ( 'NONE',  ( -10.55000000000000071, -12.80203001403985930, -7.367025624959010749E-14 ) ) ;
#3719 = ORIENTED_EDGE ( 'NONE', *, *, #721, .F. ) ;
#3720 = ORIENTED_EDGE ( 'NONE', *, *, #2652, .F. ) ;
#3721 = VECTOR ( 'NONE', #1183, 1000.000000000000000 ) ;
#3722 = DIRECTION ( 'NONE',  ( 0.7071067811865482389, -0.000000000000000000, 0.7071067811865469066 ) ) ;
#3723 = CARTESIAN_POINT ( 'NONE',  ( 17.50000000000000000, -7.025961875374001409, 1.500000000000000000 ) ) ;
#3724 = DIRECTION ( 'NONE',  ( 1.000000000000000000, 0.000000000000000000, 0.000000000000000000 ) ) ;
#3725 = ORIENTED_EDGE ( 'NONE', *, *, #1151, .F. ) ;
#3726 = ADVANCED_FACE ( 'NONE', ( #833 ), #3041, .F. ) ;
#3727 = VECTOR ( 'NONE', #1667, 1000.000000000000000 ) ;
#3728 = CARTESIAN_POINT ( 'NONE',  ( -24.14583515557771776, 6.996578877477782399, -8.487469611038722661 ) ) ;
#3729 = VERTEX_POINT ( 'NONE', #2651 ) ;
#3730 = EDGE_CURVE ( 'NONE', #3454, #3350, #1222, .T. ) ;
#3731 = ORIENTED_EDGE ( 'NONE', *, *, #2864, .F. ) ;
#3732 = EDGE_LOOP ( 'NONE', ( #4438, #160 ) ) ;
#3733 = EDGE_LOOP ( 'NONE', ( #2741, #4522, #3446, #1350, #1527, #4023 ) ) ;
#3734 = DIRECTION ( 'NONE',  ( 4.030001418264960639E-16, 0.000000000000000000, 1.000000000000000000 ) ) ;
#3735 = EDGE_CURVE ( 'NONE', #1529, #3858, #3288, .T. ) ;
#3736 = CARTESIAN_POINT ( 'NONE',  ( -22.45078147173898131, 11.57534542638514274, 5.097362243361254208 ) ) ;
#3737 = DIRECTION ( 'NONE',  ( 0.000000000000000000, 0.000000000000000000, -1.000000000000000000 ) ) ;
#3738 = EDGE_CURVE ( 'NONE', #1191, #2397, #4138, .T. ) ;
#3739 = LINE ( 'NONE', #1139, #3774 ) ;
#3740 = CARTESIAN_POINT ( 'NONE',  ( -42.87552284096518918, 1.971306632855776453, 45.94684498181365484 ) ) ;
#3741 = CARTESIAN_POINT ( 'NONE',  ( 9.997899649941663469, -0.1774874432095528698, 0.000000000000000000 ) ) ;
#3742 = DIRECTION ( 'NONE',  ( -1.000000000000000000, 0.000000000000000000, 0.000000000000000000 ) ) ;
#3743 = CIRCLE ( 'NONE', #4760, 20.00000000000000355 ) ;
#3744 = ORIENTED_EDGE ( 'NONE', *, *, #4420, .T. ) ;
#3745 = VERTEX_POINT ( 'NONE', #4242 ) ;
#3746 = CIRCLE ( 'NONE', #1792, 2.500000000000000444 ) ;
#3747 = PRESENTATION_LAYER_ASSIGNMENT (  '', '', ( #4593 ) ) ;
#3748 = DIRECTION ( 'NONE',  ( 0.000000000000000000, 0.000000000000000000, -1.000000000000000000 ) ) ;
#3749 = DIRECTION ( 'NONE',  ( -0.000000000000000000, 0.000000000000000000, -1.000000000000000000 ) ) ;
#3750 = ORIENTED_EDGE ( 'NONE', *, *, #59, .F. ) ;
#3751 = DIRECTION ( 'NONE',  ( -0.8371691043312223801, 0.000000000000000000, 0.5469441386039887165 ) ) ;
#3752 = ORIENTED_EDGE ( 'NONE', *, *, #251, .F. ) ;
#3753 = AXIS2_PLACEMENT_3D ( 'NONE', #1344, #2890, #2467 ) ;
#3754 = VERTEX_POINT ( 'NONE', #1978 ) ;
#3755 = VERTEX_POINT ( 'NONE', #436 ) ;
#3756 = ORIENTED_EDGE ( 'NONE', *, *, #3526, .F. ) ;
#3757 = CARTESIAN_POINT ( 'NONE',  ( -17.50000000000000000, -7.025961875374001409, 1.500000000000000000 ) ) ;
#3758 = DIRECTION ( 'NONE',  ( -0.000000000000000000, -1.000000000000000000, 0.000000000000000000 ) ) ;
#3759 = DIRECTION ( 'NONE',  ( -0.000000000000000000, 1.000000000000000000, -0.000000000000000000 ) ) ;
#3760 = ADVANCED_FACE ( 'NONE', ( #788 ), #3294, .F. ) ;
#3761 = DIRECTION ( 'NONE',  ( 1.000000000000000000, 0.000000000000000000, 0.000000000000000000 ) ) ;
#3762 = DIRECTION ( 'NONE',  ( 0.000000000000000000, 0.000000000000000000, 1.000000000000000000 ) ) ;
#3763 = CARTESIAN_POINT ( 'NONE',  ( -19.90210035005835110, 1.740681043584102472, 0.000000000000000000 ) ) ;
#3764 = FACE_OUTER_BOUND ( 'NONE', #1391, .T. ) ;
#3765 = ORIENTED_EDGE ( 'NONE', *, *, #852, .T. ) ;
#3766 = VERTEX_POINT ( 'NONE', #1697 ) ;
#3767 = CIRCLE ( 'NONE', #1339, 0.7500000000000006661 ) ;
#3768 = DIRECTION ( 'NONE',  ( -0.000000000000000000, 1.000000000000000000, -0.000000000000000000 ) ) ;
#3769 = CARTESIAN_POINT ( 'NONE',  ( -32.97918471982871580, 0.000000000000000000, -73.00649699858676911 ) ) ;
#3770 = ORIENTED_EDGE ( 'NONE', *, *, #148, .F. ) ;
#3771 = AXIS2_PLACEMENT_3D ( 'NONE', #4200, #1538, #3051 ) ;
#3772 = DIRECTION ( 'NONE',  ( 0.000000000000000000, 0.000000000000000000, 1.000000000000000000 ) ) ;
#3773 = EDGE_LOOP ( 'NONE', ( #3886, #3207, #1866, #2139, #1731 ) ) ;
#3774 = VECTOR ( 'NONE', #3022, 1000.000000000000000 ) ;
#3775 = ORIENTED_EDGE ( 'NONE', *, *, #2258, .T. ) ;
#3776 = ORIENTED_EDGE ( 'NONE', *, *, #2508, .T. ) ;
#3777 = CARTESIAN_POINT ( 'NONE',  ( -25.02401048452300358, 5.777545601188450952, -6.272530851692527924E-16 ) ) ;
#3778 = CARTESIAN_POINT ( 'NONE',  ( -16.00000000000000000, -7.025961875374001409, 1.500000000000000000 ) ) ;
#3779 = ADVANCED_FACE ( 'NONE', ( #1355 ), #3610, .T. ) ;
#3780 = VECTOR ( 'NONE', #1177, 1000.000000000000000 ) ;
#3781 = DIRECTION ( 'NONE',  ( 0.000000000000000000, 0.000000000000000000, -1.000000000000000000 ) ) ;
#3782 = CARTESIAN_POINT ( 'NONE',  ( -42.87552284096518918, 1.971306632855776453, -2.813432831894886816E-15 ) ) ;
#3783 = FACE_OUTER_BOUND ( 'NONE', #2761, .T. ) ;
#3784 = FACE_OUTER_BOUND ( 'NONE', #634, .T. ) ;
#3785 = ADVANCED_FACE ( 'NONE', ( #3970 ), #2061, .T. ) ;
#3786 = LINE ( 'NONE', #1965, #1893 ) ;
#3787 = CARTESIAN_POINT ( 'NONE',  ( -41.46446609406726225, 5.000000000000000000, -57.45014781248266900 ) ) ;
#3788 = ORIENTED_EDGE ( 'NONE', *, *, #511, .T. ) ;
#3789 = EDGE_CURVE ( 'NONE', #1380, #4588, #384, .T. ) ;
#3790 = FACE_OUTER_BOUND ( 'NONE', #2301, .T. ) ;
#3791 = ORIENTED_EDGE ( 'NONE', *, *, #4358, .T. ) ;
#3792 =( BOUNDED_SURFACE ( )  B_SPLINE_SURFACE ( 3, 3, ( 
 ( #541, #1224, #911, #138 ),
 ( #2402, #2036, #1648, #3799 ),
 ( #1621, #2007, #1674, #3872 ),
 ( #3844, #2379, #4630, #488 ),
 ( #2328, #3536, #3900, #69 ),
 ( #513, #861, #2747, #1281 ),
 ( #4531, #2774, #116, #4271 ) ),
 .UNSPECIFIED., .F., .F., .F. ) 
 B_SPLINE_SURFACE_WITH_KNOTS ( ( 4, 1, 1, 1, 4 ),
 ( 4, 4 ),
 ( 0.000000000000000000, 0.3976085936376361207, 0.6246750225943311641, 0.8359075554083627013, 1.000000000000000000 ),
 ( 0.000000000000000000, 1.000000000000000000 ),
 .UNSPECIFIED. ) 
 GEOMETRIC_REPRESENTATION_ITEM ( )  RATIONAL_B_SPLINE_SURFACE ( (
 ( 1.000000000000000000, 0.3333333333333334259, 0.3333333333333334259, 1.000000000000000000),
 ( 1.000000000000000000, 0.3333333333333334259, 0.3333333333333334259, 1.000000000000000000),
 ( 1.000000000000000000, 0.3333333333333334259, 0.3333333333333334259, 1.000000000000000000),
 ( 1.000000000000000000, 0.3333333333333334259, 0.3333333333333334259, 1.000000000000000000),
 ( 1.000000000000000000, 0.3333333333333334259, 0.3333333333333334259, 1.000000000000000000),
 ( 1.000000000000000000, 0.3333333333333334259, 0.3333333333333334259, 1.000000000000000000),
 ( 1.000000000000000000, 0.3333333333333334259, 0.3333333333333334259, 1.000000000000000000) ) ) 
 REPRESENTATION_ITEM ( '' )  SURFACE ( )  );
#3793 = B_SPLINE_CURVE_WITH_KNOTS ( 'NONE', 3,
 ( #1469, #1835, #2570, #2958, #2935, #3629, #2199 ),
 .UNSPECIFIED., .F., .F.,
 ( 4, 1, 1, 1, 4 ),
 ( 0.000000000000000000, 0.3976085936376361207, 0.6246750225943311641, 0.8359075554083627013, 1.000000000000000000 ),
 .UNSPECIFIED. ) ;
#3794 = VECTOR ( 'NONE', #3093, 1000.000000000000114 ) ;
#3795 = ORIENTED_EDGE ( 'NONE', *, *, #2968, .F. ) ;
#3796 = ORIENTED_EDGE ( 'NONE', *, *, #2985, .F. ) ;
#3797 = CARTESIAN_POINT ( 'NONE',  ( -3.588477383490470185, 1.538759491240389909, -32.62724593313575383 ) ) ;
#3798 = CARTESIAN_POINT ( 'NONE',  ( 7.500000000000000000, 0.000000000000000000, 0.000000000000000000 ) ) ;
#3799 = CARTESIAN_POINT ( 'NONE',  ( -46.91990187819502012, 0.001519591069921833338, -3.308726416143103116E-15 ) ) ;
#3800 = EDGE_CURVE ( 'NONE', #1833, #4089, #980, .T. ) ;
#3801 = CARTESIAN_POINT ( 'NONE',  ( -33.33273811042190715, 0.000000000000000000, -56.25370120307593425 ) ) ;
#3802 = DIRECTION ( 'NONE',  ( -0.000000000000000000, -1.000000000000000000, 0.000000000000000000 ) ) ;
#3803 = CARTESIAN_POINT ( 'NONE',  ( 17.50000000000000000, -7.025961875374001409, 0.000000000000000000 ) ) ;
#3804 = DIRECTION ( 'NONE',  ( -0.000000000000000000, -1.000000000000000000, -0.000000000000000000 ) ) ;
#3805 = DIRECTION ( 'NONE',  ( 0.000000000000000000, 0.000000000000000000, -1.000000000000000000 ) ) ;
#3806 = EDGE_CURVE ( 'NONE', #3141, #2880, #1410, .T. ) ;
#3807 = SURFACE_STYLE_USAGE ( .BOTH. , #778 ) ;
#3808 = LINE ( 'NONE', #1861, #1126 ) ;
#3809 = VERTEX_POINT ( 'NONE', #3945 ) ;
#3810 = CIRCLE ( 'NONE', #211, 3.525000000000000355 ) ;
#3811 = EDGE_CURVE ( 'NONE', #1077, #2349, #2425, .T. ) ;
#3812 = PRODUCT_DEFINITION_CONTEXT ( 'detailed design', #3865, 'design' ) ;
#3813 = DIRECTION ( 'NONE',  ( 0.000000000000000000, 0.000000000000000000, -1.000000000000000000 ) ) ;
#3814 = EDGE_CURVE ( 'NONE', #4136, #559, #1726, .T. ) ;
#3815 = CARTESIAN_POINT ( 'NONE',  ( -8.905498098111131355, 1.740681043584102472, 0.000000000000000000 ) ) ;
#3816 = ORIENTED_EDGE ( 'NONE', *, *, #2462, .T. ) ;
#3817 = EDGE_LOOP ( 'NONE', ( #342, #2468, #3873, #2770 ) ) ;
#3818 = ORIENTED_EDGE ( 'NONE', *, *, #94, .T. ) ;
#3819 = CARTESIAN_POINT ( 'NONE',  ( -36.72679547922498955, 1.290109711048460062, -2.060430903656398765E-15 ) ) ;
#3820 = DIRECTION ( 'NONE',  ( 0.000000000000000000, 0.000000000000000000, -1.000000000000000000 ) ) ;
#3821 = CARTESIAN_POINT ( 'NONE',  ( 13.54999999999999893, -15.80000000000000071, 1.500000000000000000 ) ) ;
#3822 = CARTESIAN_POINT ( 'NONE',  ( -45.00000000000002132, 0.000000000000000000, -44.80370120307598114 ) ) ;
#3823 = DIRECTION ( 'NONE',  ( -0.000000000000000000, 1.000000000000000000, -0.000000000000000000 ) ) ;
#3824 = DIRECTION ( 'NONE',  ( 0.000000000000000000, 0.000000000000000000, -1.000000000000000000 ) ) ;
#3825 = DIRECTION ( 'NONE',  ( -0.000000000000000000, -1.000000000000000000, -0.000000000000000000 ) ) ;
#3826 = CARTESIAN_POINT ( 'NONE',  ( -1.051612519740639851, 0.1449029338955367396, 4.617037916752942964E-15 ) ) ;
#3827 = PLANE ( 'NONE',  #1485 ) ;
#3828 = EDGE_CURVE ( 'NONE', #3389, #4506, #2424, .T. ) ;
#3829 = DIRECTION ( 'NONE',  ( 0.000000000000000000, 0.000000000000000000, 1.000000000000000000 ) ) ;
#3830 = CYLINDRICAL_SURFACE ( 'NONE', #2135, 2.499999999999998668 ) ;
#3831 = ORIENTED_EDGE ( 'NONE', *, *, #4028, .F. ) ;
#3832 = VERTEX_POINT ( 'NONE', #537 ) ;
#3833 = CIRCLE ( 'NONE', #636, 1.500000000000001332 ) ;
#3834 = EDGE_CURVE ( 'NONE', #4161, #458, #3128, .T. ) ;
#3835 =( NAMED_UNIT ( * ) PLANE_ANGLE_UNIT ( ) SI_UNIT ( $, .RADIAN. ) );
#3836 = CYLINDRICAL_SURFACE ( 'NONE', #3682, 1.500000000000001332 ) ;
#3837 = VERTEX_POINT ( 'NONE', #1748 ) ;
#3838 = VECTOR ( 'NONE', #3190, 1000.000000000000000 ) ;
#3839 = CIRCLE ( 'NONE', #1896, 15.99999999999999645 ) ;
#3840 = ORIENTED_EDGE ( 'NONE', *, *, #4260, .F. ) ;
#3841 = DIRECTION ( 'NONE',  ( -0.000000000000000000, -1.000000000000000000, -0.000000000000000000 ) ) ;
#3842 = AXIS2_PLACEMENT_3D ( 'NONE', #4130, #3768, #2684 ) ;
#3843 = CARTESIAN_POINT ( 'NONE',  ( -30.28407840404760520, 1.747546292539036150, -1.271425619263600547E-15 ) ) ;
#3844 = CARTESIAN_POINT ( 'NONE',  ( -2.559059817791440317, 3.888912010840047007, 0.000000000000000000 ) ) ;
#3845 = EDGE_CURVE ( 'NONE', #1468, #3837, #4698, .T. ) ;
#3846 = CARTESIAN_POINT ( 'NONE',  ( 0.000000000000000000, -16.35000000000000497, 0.000000000000000000 ) ) ;
#3847 = CARTESIAN_POINT ( 'NONE',  ( 13.54999999999999893, -13.30000000000000071, 1.500000000000000000 ) ) ;
#3848 = DIRECTION ( 'NONE',  ( 0.000000000000000000, 0.000000000000000000, 1.000000000000000000 ) ) ;
#3849 =( NAMED_UNIT ( * ) SI_UNIT ( $, .STERADIAN. ) SOLID_ANGLE_UNIT ( ) );
#3850 = PLANE ( 'NONE',  #530 ) ;
#3851 = CARTESIAN_POINT ( 'NONE',  ( -56.66726188957804311, 0.000000000000000000, -57.80370120307598114 ) ) ;
#3852 = CIRCLE ( 'NONE', #2064, 3.524999999999999911 ) ;
#3853 = AXIS2_PLACEMENT_3D ( 'NONE', #1885, #2622, #4565 ) ;
#3854 = DIRECTION ( 'NONE',  ( -0.000000000000000000, 1.000000000000000000, -0.000000000000000000 ) ) ;
#3855 = CARTESIAN_POINT ( 'NONE',  ( -45.00000000000002132, -23.42384038863437468, -46.40370120307597546 ) ) ;
#3856 = DIRECTION ( 'NONE',  ( 0.000000000000000000, 0.000000000000000000, 1.000000000000000000 ) ) ;
#3857 = ORIENTED_EDGE ( 'NONE', *, *, #2593, .F. ) ;
#3858 = VERTEX_POINT ( 'NONE', #638 ) ;
#3859 = AXIS2_PLACEMENT_3D ( 'NONE', #3219, #4712, #3977 ) ;
#3860 = SHAPE_DEFINITION_REPRESENTATION ( #1991, #451 ) ;
#3861 = CARTESIAN_POINT ( 'NONE',  ( -40.00000000000002132, 0.000000000000000000, -44.80370120307598114 ) ) ;
#3862 = VERTEX_POINT ( 'NONE', #1770 ) ;
#3863 = CARTESIAN_POINT ( 'NONE',  ( -57.02081528017139789, 5.000000000000000000, -73.00649699858674069 ) ) ;
#3864 = AXIS2_PLACEMENT_3D ( 'NONE', #462, #1178, #2676 ) ;
#3865 = APPLICATION_CONTEXT ( 'automotive_design' ) ;
#3866 = EDGE_CURVE ( 'NONE', #1478, #4136, #1278, .T. ) ;
#3867 = ORIENTED_EDGE ( 'NONE', *, *, #1925, .T. ) ;
#3868 = ORIENTED_EDGE ( 'NONE', *, *, #3068, .F. ) ;
#3869 = CARTESIAN_POINT ( 'NONE',  ( 9.500000000000000000, -2.315795280694864733, 0.000000000000000000 ) ) ;
#3870 = DIRECTION ( 'NONE',  ( -0.7071067811865469066, 0.000000000000000000, 0.7071067811865482389 ) ) ;
#3871 = DIRECTION ( 'NONE',  ( 1.000000000000000000, 0.000000000000000000, 0.000000000000000000 ) ) ;
#3872 = CARTESIAN_POINT ( 'NONE',  ( -42.87552284096518918, 1.971306632855776453, -2.813432831894886816E-15 ) ) ;
#3873 = ORIENTED_EDGE ( 'NONE', *, *, #4315, .T. ) ;
#3874 = EDGE_CURVE ( 'NONE', #65, #3657, #908, .T. ) ;
#3875 = EDGE_CURVE ( 'NONE', #2739, #963, #1473, .T. ) ;
#3876 = CARTESIAN_POINT ( 'NONE',  ( -28.45813433136323667, 8.060162897851448349, -1.047811962860100806E-15 ) ) ;
#3877 = EDGE_CURVE ( 'NONE', #2450, #4043, #1057, .T. ) ;
#3878 = CARTESIAN_POINT ( 'NONE',  ( -6.999999999999999112, 5.000000000000000000, -7.416198487095654102 ) ) ;
#3879 = DIRECTION ( 'NONE',  ( 0.000000000000000000, 0.000000000000000000, -1.000000000000000000 ) ) ;
#3880 = CARTESIAN_POINT ( 'NONE',  ( -12.04999999999999893, -13.30000000000000071, 1.500000000000000000 ) ) ;
#3881 = DIRECTION ( 'NONE',  ( 3.192632552693102876E-17, -0.000000000000000000, -1.000000000000000000 ) ) ;
#3882 = DIRECTION ( 'NONE',  ( -0.000000000000000000, -1.000000000000000000, -0.000000000000000000 ) ) ;
#3883 = DIRECTION ( 'NONE',  ( 0.000000000000000000, 0.000000000000000000, 1.000000000000000000 ) ) ;
#3884 = CARTESIAN_POINT ( 'NONE',  ( -19.90210035005835110, 24.63667557965986532, 0.000000000000000000 ) ) ;
#3885 = CARTESIAN_POINT ( 'NONE',  ( -16.00000000000000000, -7.025961875374001409, 0.000000000000000000 ) ) ;
#3886 = ORIENTED_EDGE ( 'NONE', *, *, #2121, .T. ) ;
#3887 = ORIENTED_EDGE ( 'NONE', *, *, #3301, .T. ) ;
#3888 = FACE_BOUND ( 'NONE', #1038, .T. ) ;
#3889 = VERTEX_POINT ( 'NONE', #2915 ) ;
#3890 = CARTESIAN_POINT ( 'NONE',  ( -13.00000000000000178, -9.525961875374001409, 0.000000000000000000 ) ) ;
#3891 = AXIS2_PLACEMENT_3D ( 'NONE', #2408, #169, #2041 ) ;
#3892 = ORIENTED_EDGE ( 'NONE', *, *, #225, .F. ) ;
#3893 = ORIENTED_EDGE ( 'NONE', *, *, #4303, .T. ) ;
#3894 = AXIS2_PLACEMENT_3D ( 'NONE', #4641, #1293, #551 ) ;
#3895 =( GEOMETRIC_REPRESENTATION_CONTEXT ( 3 ) GLOBAL_UNCERTAINTY_ASSIGNED_CONTEXT ( ( #4155 ) ) GLOBAL_UNIT_ASSIGNED_CONTEXT ( ( #2460, #4767, #1408 ) ) REPRESENTATION_CONTEXT ( 'NONE', 'WORKASPACE' ) );
#3896 = DIRECTION ( 'NONE',  ( 0.000000000000000000, 0.000000000000000000, 1.000000000000000000 ) ) ;
#3897 = EDGE_CURVE ( 'NONE', #1032, #2967, #3442, .T. ) ;
#3898 = DIRECTION ( 'NONE',  ( 0.000000000000000000, 0.000000000000000000, 1.000000000000000000 ) ) ;
#3899 = DIRECTION ( 'NONE',  ( 0.000000000000000000, 0.000000000000000000, -1.000000000000000000 ) ) ;
#3900 = CARTESIAN_POINT ( 'NONE',  ( -33.24383501506020622, 5.452319956944943868, -26.68346933000369248 ) ) ;
#3901 = AXIS2_PLACEMENT_3D ( 'NONE', #2873, #4343, #1324 ) ;
#3902 = ORIENTED_EDGE ( 'NONE', *, *, #4757, .T. ) ;
#3903 = CARTESIAN_POINT ( 'NONE',  ( -56.66726188957804311, 0.000000000000000000, -57.80370120307598114 ) ) ;
#3904 = CARTESIAN_POINT ( 'NONE',  ( -56.66726188957804311, 5.000000000000000000, -59.35370120307597119 ) ) ;
#3905 = CARTESIAN_POINT ( 'NONE',  ( -19.90210035005835110, 24.63667557965986532, 2.450000000000000622 ) ) ;
#3906 = CARTESIAN_POINT ( 'NONE',  ( -45.00000000000002132, 5.000000000000000000, -64.47096309265401715 ) ) ;
#3907 = CARTESIAN_POINT ( 'NONE',  ( -10.43112513322500412, 7.323837609385373426, 0.000000000000000000 ) ) ;
#3908 = ADVANCED_FACE ( 'NONE', ( #3310 ), #4415, .F. ) ;
#3909 = PLANE ( 'NONE',  #2284 ) ;
#3910 = FACE_OUTER_BOUND ( 'NONE', #2429, .T. ) ;
#3911 = DIRECTION ( 'NONE',  ( -0.000000000000000000, -1.000000000000000000, -0.000000000000000000 ) ) ;
#3912 = LINE ( 'NONE', #3076, #2602 ) ;
#3913 = VERTEX_POINT ( 'NONE', #1887 ) ;
#3914 = ORIENTED_EDGE ( 'NONE', *, *, #3661, .F. ) ;
#3915 = VECTOR ( 'NONE', #1175, 1000.000000000000000 ) ;
#3916 = CARTESIAN_POINT ( 'NONE',  ( 11.66726188957801291, 0.000000000000000000, 10.16726188957805910 ) ) ;
#3917 = VERTEX_POINT ( 'NONE', #2530 ) ;
#3918 = DIRECTION ( 'NONE',  ( -0.000000000000000000, -1.000000000000000000, 0.000000000000000000 ) ) ;
#3919 = ORIENTED_EDGE ( 'NONE', *, *, #4166, .T. ) ;
#3920 = AXIS2_PLACEMENT_3D ( 'NONE', #3367, #2948, #1851 ) ;
#3921 = CARTESIAN_POINT ( 'NONE',  ( -0.4058158082745339512, 0.05478672904803285476, 0.000000000000000000 ) ) ;
#3922 = DIRECTION ( 'NONE',  ( -0.000000000000000000, 1.000000000000000000, -0.000000000000000000 ) ) ;
#3923 = CARTESIAN_POINT ( 'NONE',  ( 4.316879966994419987E-16, 0.000000000000000000, -45.52500000000000568 ) ) ;
#3924 = ORIENTED_EDGE ( 'NONE', *, *, #1172, .F. ) ;
#3925 = CARTESIAN_POINT ( 'NONE',  ( -19.90210035005835110, 14.50106184802028153, 0.000000000000000000 ) ) ;
#3926 = CARTESIAN_POINT ( 'NONE',  ( -45.00000000000002132, 0.000000000000000000, -44.80370120307598114 ) ) ;
#3927 = DIRECTION ( 'NONE',  ( -0.000000000000000000, 1.000000000000000000, -0.000000000000000000 ) ) ;
#3928 = DIRECTION ( 'NONE',  ( -0.000000000000000000, -1.000000000000000000, -0.000000000000000000 ) ) ;
#3929 = AXIS2_PLACEMENT_3D ( 'NONE', #4512, #465, #3761 ) ;
#3930 = EDGE_CURVE ( 'NONE', #3060, #1219, #3704, .T. ) ;
#3931 = CARTESIAN_POINT ( 'NONE',  ( 0.000000000000000000, -16.35000000000000497, 0.000000000000000000 ) ) ;
#3932 = EDGE_CURVE ( 'NONE', #1886, #4795, #4390, .T. ) ;
#3933 = CARTESIAN_POINT ( 'NONE',  ( -10.55000000000000071, -10.80000000000000071, 1.500000000000000000 ) ) ;
#3934 = LINE ( 'NONE', #254, #1064 ) ;
#3935 = DIRECTION ( 'NONE',  ( 0.000000000000000000, 0.000000000000000000, 1.000000000000000000 ) ) ;
#3936 = EDGE_LOOP ( 'NONE', ( #2052, #3339, #2470, #677 ) ) ;
#3937 = ORIENTED_EDGE ( 'NONE', *, *, #2581, .F. ) ;
#3938 = ITEM_DEFINED_TRANSFORMATION ( 'NONE', 'NONE', #2715,  #4677 ) ;
#3939 = FACE_OUTER_BOUND ( 'NONE', #527, .T. ) ;
#3940 = ORIENTED_EDGE ( 'NONE', *, *, #3614, .T. ) ;
#3941 = DIRECTION ( 'NONE',  ( -0.000000000000000000, -1.000000000000000000, 0.000000000000000000 ) ) ;
#3942 = VECTOR ( 'NONE', #1732, 1000.000000000000000 ) ;
#3943 = ADVANCED_FACE ( 'NONE', ( #4782 ), #3973, .F. ) ;
#3944 = ORIENTED_EDGE ( 'NONE', *, *, #213, .T. ) ;
#3945 = CARTESIAN_POINT ( 'NONE',  ( -11.66726188957807331, 0.000000000000000000, 13.16726188957803068 ) ) ;
#3946 = CARTESIAN_POINT ( 'NONE',  ( 0.000000000000000000, 26.14942490415070253, 13.00000000000000178 ) ) ;
#3947 = CARTESIAN_POINT ( 'NONE',  ( -30.28407840404760876, 1.747546292539035928, 20.76395610797850466 ) ) ;
#3948 = ADVANCED_FACE ( 'NONE', ( #2644, #2278, #828 ), #3055, .F. ) ;
#3949 = ORIENTED_EDGE ( 'NONE', *, *, #3444, .F. ) ;
#3950 = VECTOR ( 'NONE', #4635, 1000.000000000000000 ) ;
#3951 = ORIENTED_EDGE ( 'NONE', *, *, #3455, .F. ) ;
#3952 = FACE_BOUND ( 'NONE', #617, .T. ) ;
#3953 = CARTESIAN_POINT ( 'NONE',  ( -9.992656843561592339, 7.182549245871483024, 0.000000000000000000 ) ) ;
#3954 = FILL_AREA_STYLE ('',( #1434 ) ) ;
#3955 = DIRECTION ( 'NONE',  ( 0.000000000000000000, 0.000000000000000000, 1.000000000000000000 ) ) ;
#3956 = EDGE_CURVE ( 'NONE', #1844, #593, #4780, .T. ) ;
#3957 = AXIS2_PLACEMENT_3D ( 'NONE', #483, #3503, #931 ) ;
#3958 = DIRECTION ( 'NONE',  ( 0.000000000000000000, 0.000000000000000000, 1.000000000000000000 ) ) ;
#3959 = CARTESIAN_POINT ( 'NONE',  ( -27.00000000000000355, 5.000000000000000000, -7.416198487095657654 ) ) ;
#3960 = DIRECTION ( 'NONE',  ( 0.000000000000000000, 0.000000000000000000, 1.000000000000000000 ) ) ;
#3961 = DIRECTION ( 'NONE',  ( 0.000000000000000000, 0.000000000000000000, 1.000000000000000000 ) ) ;
#3962 = ORIENTED_EDGE ( 'NONE', *, *, #1172, .T. ) ;
#3963 = VERTEX_POINT ( 'NONE', #3081 ) ;
#3964 = ADVANCED_FACE ( 'NONE', ( #82 ), #2666, .T. ) ;
#3965 = FILL_AREA_STYLE ('',( #955 ) ) ;
#3966 = ORIENTED_EDGE ( 'NONE', *, *, #1331, .T. ) ;
#3967 = CYLINDRICAL_SURFACE ( 'NONE', #1528, 7.450000000000003730 ) ;
#3968 = ADVANCED_FACE ( 'NONE', ( #4205 ), #1170, .T. ) ;
#3969 = ORIENTED_EDGE ( 'NONE', *, *, #4751, .F. ) ;
#3970 = FACE_OUTER_BOUND ( 'NONE', #376, .T. ) ;
#3971 = AXIS2_PLACEMENT_3D ( 'NONE', #2433, #3927, #4401 ) ;
#3972 = CARTESIAN_POINT ( 'NONE',  ( 13.00000000000000178, -10.30000000000000071, 0.000000000000000000 ) ) ;
#3973 =( BOUNDED_SURFACE ( )  B_SPLINE_SURFACE ( 3, 3, ( 
 ( #4041, #2207, #1840, #4020 ),
 ( #1450, #336, #2162, #683 ),
 ( #1402, #2180, #4803, #733 ),
 ( #310, #1818, #286, #4111 ),
 ( #2961, #2987, #4852, #4087 ),
 ( #4457, #1795, #3728, #1423 ),
 ( #4064, #1035, #2896, #4434 ),
 ( #4391, #1078, #2574, #4827 ),
 ( #385, #2601, #2624, #359 ),
 ( #755, #2253, #4504, #4183 ),
 ( #2321, #4134, #4524, #1566 ),
 ( #3815, #783, #504, #4595 ) ),
 .UNSPECIFIED., .F., .F., .F. ) 
 B_SPLINE_SURFACE_WITH_KNOTS ( ( 4, 1, 1, 1, 1, 1, 1, 1, 1, 4 ),
 ( 4, 4 ),
 ( 0.000000000000000000, 0.1997370386782031382, 0.3261119748736344137, 0.3939157550268472807, 0.4628473456101401817, 0.5502918942374745992, 0.6635105524481801353, 0.7774312957374458488, 0.8897888678394247908, 1.000000000000000000 ),
 ( 0.000000000000000000, 1.000000000000000000 ),
 .UNSPECIFIED. ) 
 GEOMETRIC_REPRESENTATION_ITEM ( )  RATIONAL_B_SPLINE_SURFACE ( (
 ( 1.000000000000000000, 0.3333333333333334259, 0.3333333333333334259, 1.000000000000000000),
 ( 1.000000000000000000, 0.3333333333333334259, 0.3333333333333334259, 1.000000000000000000),
 ( 1.000000000000000000, 0.3333333333333334259, 0.3333333333333334259, 1.000000000000000000),
 ( 1.000000000000000000, 0.3333333333333334259, 0.3333333333333334259, 1.000000000000000000),
 ( 1.000000000000000000, 0.3333333333333334259, 0.3333333333333334259, 1.000000000000000000),
 ( 1.000000000000000000, 0.3333333333333334259, 0.3333333333333334259, 1.000000000000000000),
 ( 1.000000000000000000, 0.3333333333333334259, 0.3333333333333334259, 1.000000000000000000),
 ( 1.000000000000000000, 0.3333333333333334259, 0.3333333333333334259, 1.000000000000000000),
 ( 1.000000000000000000, 0.3333333333333334259, 0.3333333333333334259, 1.000000000000000000),
 ( 1.000000000000000000, 0.3333333333333334259, 0.3333333333333334259, 1.000000000000000000),
 ( 1.000000000000000000, 0.3333333333333334259, 0.3333333333333334259, 1.000000000000000000),
 ( 1.000000000000000000, 0.3333333333333334259, 0.3333333333333334259, 1.000000000000000000) ) ) 
 REPRESENTATION_ITEM ( '' )  SURFACE ( )  );
#3974 = VERTEX_POINT ( 'NONE', #3103 ) ;
#3975 = AXIS2_PLACEMENT_3D ( 'NONE', #396, #4496, #4171 ) ;
#3976 = ORIENTED_EDGE ( 'NONE', *, *, #1067, .T. ) ;
#3977 = DIRECTION ( 'NONE',  ( 0.000000000000000000, 0.000000000000000000, 1.000000000000000000 ) ) ;
#3978 = DIRECTION ( 'NONE',  ( -0.7071067811865475727, 0.000000000000000000, -0.7071067811865475727 ) ) ;
#3979 = CARTESIAN_POINT ( 'NONE',  ( -28.45813433136323667, 8.060162897851448349, -1.047811962860100806E-15 ) ) ;
#3980 = CIRCLE ( 'NONE', #4599, 1.499999999999999556 ) ;
#3981 = STYLED_ITEM ( 'NONE', ( #1902 ), #4230 ) ;
#3982 = CARTESIAN_POINT ( 'NONE',  ( 27.00000000000000355, 5.000000000000000000, -7.416198487095657654 ) ) ;
#3983 = DIRECTION ( 'NONE',  ( 0.000000000000000000, 0.000000000000000000, -1.000000000000000000 ) ) ;
#3984 = CARTESIAN_POINT ( 'NONE',  ( -56.66726188957804311, 5.000000000000000000, -57.80370120307598114 ) ) ;
#3985 = LINE ( 'NONE', #1807, #3358 ) ;
#3986 = ORIENTED_EDGE ( 'NONE', *, *, #2791, .F. ) ;
#3987 = ORIENTED_EDGE ( 'NONE', *, *, #2223, .F. ) ;
#3988 = VECTOR ( 'NONE', #3881, 1000.000000000000000 ) ;
#3989 = DIRECTION ( 'NONE',  ( 1.000000000000000000, 0.000000000000000000, 0.000000000000000000 ) ) ;
#3990 = FACE_OUTER_BOUND ( 'NONE', #2818, .T. ) ;
#3991 = ORIENTED_EDGE ( 'NONE', *, *, #3956, .F. ) ;
#3992 = DIRECTION ( 'NONE',  ( -0.000000000000000000, -1.000000000000000000, -0.000000000000000000 ) ) ;
#3993 = CIRCLE ( 'NONE', #693, 8.450000000000004619 ) ;
#3994 = ADVANCED_FACE ( 'NONE', ( #3790 ), #1525, .F. ) ;
#3995 = DIRECTION ( 'NONE',  ( -0.000000000000000000, 1.000000000000000000, -0.000000000000000000 ) ) ;
#3996 = ORIENTED_EDGE ( 'NONE', *, *, #2110, .T. ) ;
#3997 = CIRCLE ( 'NONE', #863, 2.450000000000000622 ) ;
#3998 = ORIENTED_EDGE ( 'NONE', *, *, #1448, .T. ) ;
#3999 = VERTEX_POINT ( 'NONE', #454 ) ;
#4000 = DIRECTION ( 'NONE',  ( 0.000000000000000000, 0.000000000000000000, -1.000000000000000000 ) ) ;
#4001 = DIRECTION ( 'NONE',  ( -0.000000000000000000, -1.000000000000000000, 0.000000000000000000 ) ) ;
#4002 = CARTESIAN_POINT ( 'NONE',  ( -28.81402596760598911, 7.640285087069871750, -1.091396118176901283E-15 ) ) ;
#4003 = EDGE_CURVE ( 'NONE', #4206, #4784, #3993, .T. ) ;
#4004 = CIRCLE ( 'NONE', #3702, 15.99999999999999645 ) ;
#4005 = VECTOR ( 'NONE', #3472, 1000.000000000000000 ) ;
#4006 = CARTESIAN_POINT ( 'NONE',  ( -33.33273811042190715, 5.000000000000000000, -57.80370120307600246 ) ) ;
#4007 = CARTESIAN_POINT ( 'NONE',  ( -15.05000000000000071, -13.30000000000000071, 1.500000000000000000 ) ) ;
#4008 = CARTESIAN_POINT ( 'NONE',  ( -19.90210035005835110, 24.63667557965986532, 7.450000000000003730 ) ) ;
#4009 = FACE_OUTER_BOUND ( 'NONE', #4830, .T. ) ;
#4010 = ORIENTED_EDGE ( 'NONE', *, *, #4831, .F. ) ;
#4011 = EDGE_LOOP ( 'NONE', ( #2945, #2820, #3831, #881 ) ) ;
#4012 = AXIS2_PLACEMENT_3D ( 'NONE', #4120, #1113, #770 ) ;
#4013 = CARTESIAN_POINT ( 'NONE',  ( -33.33273811042190715, 5.000000000000000000, -56.25370120307593425 ) ) ;
#4014 = DIRECTION ( 'NONE',  ( 1.000000000000000000, 0.000000000000000000, -0.000000000000000000 ) ) ;
#4015 = EDGE_LOOP ( 'NONE', ( #2457, #3101, #1019, #1050 ) ) ;
#4016 = CARTESIAN_POINT ( 'NONE',  ( -19.90210035005834754, -1.332016574660525920, -29.90000000000000924 ) ) ;
#4017 = EDGE_CURVE ( 'NONE', #2078, #1616, #1949, .T. ) ;
#4018 = VECTOR ( 'NONE', #4530, 1000.000000000000000 ) ;
#4019 = CIRCLE ( 'NONE', #4725, 20.00000000000000000 ) ;
#4020 = CARTESIAN_POINT ( 'NONE',  ( -22.35210035005835394, 14.50106184802028153, -3.000384657911015863E-16 ) ) ;
#4021 = EDGE_LOOP ( 'NONE', ( #1741, #594, #3893, #1644 ) ) ;
#4022 = VERTEX_POINT ( 'NONE', #1928 ) ;
#4023 = ORIENTED_EDGE ( 'NONE', *, *, #2086, .F. ) ;
#4024 = CARTESIAN_POINT ( 'NONE',  ( 13.00000000000000178, -4.525961875374001409, 1.500000000000000000 ) ) ;
#4025 = CARTESIAN_POINT ( 'NONE',  ( -60.55634918610412143, 0.000000000000000000, -69.47096309265400293 ) ) ;
#4026 = SURFACE_STYLE_USAGE ( .BOTH. , #1022 ) ;
#4027 = VECTOR ( 'NONE', #381, 1000.000000000000000 ) ;
#4028 = EDGE_CURVE ( 'NONE', #3754, #139, #480, .T. ) ;
#4029 = ADVANCED_FACE ( 'NONE', ( #3408 ), #2344, .T. ) ;
#4030 = ADVANCED_BREP_SHAPE_REPRESENTATION ( '', ( #1013, #1040, #2595, #4198, #2656, #4677 ), #837 ) ;
#4031 = LINE ( 'NONE', #299, #2674 ) ;
#4032 = CARTESIAN_POINT ( 'NONE',  ( -17.45210035005835181, 14.50106184802028153, 0.000000000000000000 ) ) ;
#4033 = DIRECTION ( 'NONE',  ( 0.000000000000000000, -1.000000000000000000, 0.000000000000000000 ) ) ;
#4034 = CARTESIAN_POINT ( 'NONE',  ( 7.500000000000000000, 0.000000000000000000, 0.000000000000000000 ) ) ;
#4035 = ORIENTED_EDGE ( 'NONE', *, *, #2895, .T. ) ;
#4036 = ORIENTED_EDGE ( 'NONE', *, *, #3956, .T. ) ;
#4037 = AXIS2_PLACEMENT_3D ( 'NONE', #3530, #1351, #2740 ) ;
#4038 = LINE ( 'NONE', #1444, #4244 ) ;
#4039 = DIRECTION ( 'NONE',  ( -0.000000000000000000, 1.000000000000000000, -0.000000000000000000 ) ) ;
#4040 = CARTESIAN_POINT ( 'NONE',  ( 16.00000000000000000, -7.025961875374001409, 1.500000000000000000 ) ) ;
#4041 = CARTESIAN_POINT ( 'NONE',  ( -17.45210035005835181, 14.50106184802028153, 0.000000000000000000 ) ) ;
#4042 = EDGE_LOOP ( 'NONE', ( #3381, #3316, #398, #291 ) ) ;
#4043 = VERTEX_POINT ( 'NONE', #1544 ) ;
#4044 = ORIENTED_EDGE ( 'NONE', *, *, #2950, .T. ) ;
#4045 = ORIENTED_EDGE ( 'NONE', *, *, #3097, .F. ) ;
#4046 = ADVANCED_FACE ( 'NONE', ( #3033 ), #3836, .F. ) ;
#4047 = CARTESIAN_POINT ( 'NONE',  ( -13.54999999999999893, -13.30000000000000071, 1.500000000000000000 ) ) ;
#4048 = LINE ( 'NONE', #691, #2252 ) ;
#4049 = DIRECTION ( 'NONE',  ( 0.000000000000000000, 0.000000000000000000, -1.000000000000000000 ) ) ;
#4050 = CIRCLE ( 'NONE', #2885, 4.999999999999997335 ) ;
#4051 = EDGE_CURVE ( 'NONE', #4115, #3524, #61, .T. ) ;
#4052 = EDGE_CURVE ( 'NONE', #6, #4407, #878, .T. ) ;
#4053 = CARTESIAN_POINT ( 'NONE',  ( -5.424052470754605615, 5.000000000000000000, -47.88044681929025614 ) ) ;
#4054 = DIRECTION ( 'NONE',  ( 0.000000000000000000, 0.000000000000000000, 1.000000000000000000 ) ) ;
#4055 = CARTESIAN_POINT ( 'NONE',  ( -2.559059817791440317, 3.888912010840047007, 0.000000000000000000 ) ) ;
#4056 = CARTESIAN_POINT ( 'NONE',  ( 26.99999999999999645, 5.000000000000000000, -34.58380151290432281 ) ) ;
#4057 = ORIENTED_EDGE ( 'NONE', *, *, #4802, .T. ) ;
#4058 = ORIENTED_EDGE ( 'NONE', *, *, #3730, .T. ) ;
#4059 = AXIS2_PLACEMENT_3D ( 'NONE', #3869, #3086, #3413 ) ;
#4060 = DIRECTION ( 'NONE',  ( 0.7071067811865469066, 0.000000000000000000, -0.7071067811865482389 ) ) ;
#4061 = DIRECTION ( 'NONE',  ( 0.000000000000000000, 0.000000000000000000, -1.000000000000000000 ) ) ;
#4062 = FACE_OUTER_BOUND ( 'NONE', #3169, .T. ) ;
#4063 = EDGE_LOOP ( 'NONE', ( #3242, #2229 ) ) ;
#4064 = CARTESIAN_POINT ( 'NONE',  ( -14.78019021559369861, 5.777545601188450952, 0.000000000000000000 ) ) ;
#4065 = ORIENTED_EDGE ( 'NONE', *, *, #2507, .F. ) ;
#4066 = EDGE_LOOP ( 'NONE', ( #3887, #337, #2606, #1931 ) ) ;
#4067 = AXIS2_PLACEMENT_3D ( 'NONE', #1692, #4729, #1718 ) ;
#4068 = ORIENTED_EDGE ( 'NONE', *, *, #1944, .F. ) ;
#4069 = ORIENTED_EDGE ( 'NONE', *, *, #1957, .F. ) ;
#4070 = CARTESIAN_POINT ( 'NONE',  ( -45.00000000000002132, 5.000000000000000000, -39.80370120307598114 ) ) ;
#4071 = CARTESIAN_POINT ( 'NONE',  ( -56.66726188957796495, 5.000000000000000000, -81.13822498223190394 ) ) ;
#4072 = LINE ( 'NONE', #4511, #99 ) ;
#4073 = CYLINDRICAL_SURFACE ( 'NONE', #402, 29.90000000000001279 ) ;
#4074 = AXIS2_PLACEMENT_3D ( 'NONE', #2633, #3687, #417 ) ;
#4075 = CIRCLE ( 'NONE', #1956, 7.450000000000003730 ) ;
#4076 = CARTESIAN_POINT ( 'NONE',  ( -30.83811767610334442, 6.620376742835878403, -1.339275861376099512E-15 ) ) ;
#4077 = DIRECTION ( 'NONE',  ( 0.000000000000000000, 0.000000000000000000, -1.000000000000000000 ) ) ;
#4078 = CARTESIAN_POINT ( 'NONE',  ( -56.66726188957804311, 5.000000000000000000, -59.35370120307597119 ) ) ;
#4079 = EDGE_LOOP ( 'NONE', ( #231, #4257, #1586, #4308 ) ) ;
#4080 = VERTEX_POINT ( 'NONE', #2792 ) ;
#4081 = EDGE_CURVE ( 'NONE', #3766, #1784, #4310, .T. ) ;
#4082 = ADVANCED_FACE ( 'NONE', ( #532 ), #2027, .F. ) ;
#4083 = CARTESIAN_POINT ( 'NONE',  ( 12.04999999999999893, -13.30000000000000071, 1.500000000000000000 ) ) ;
#4084 = VECTOR ( 'NONE', #3748, 1000.000000000000000 ) ;
#4085 = ORIENTED_EDGE ( 'NONE', *, *, #3866, .T. ) ;
#4086 = EDGE_CURVE ( 'NONE', #4429, #2899, #1336, .T. ) ;
#4087 = CARTESIAN_POINT ( 'NONE',  ( -23.51355918777477072, 8.074421660968079451, -4.422761505861833232E-16 ) ) ;
#4088 = EDGE_LOOP ( 'NONE', ( #1900, #4678, #4590, #2598 ) ) ;
#4089 = VERTEX_POINT ( 'NONE', #3154 ) ;
#4090 = VERTEX_POINT ( 'NONE', #1006 ) ;
#4091 = AXIS2_PLACEMENT_3D ( 'NONE', #1335, #221, #2857 ) ;
#4092 = VECTOR ( 'NONE', #101, 1000.000000000000000 ) ;
#4093 = VERTEX_POINT ( 'NONE', #1640 ) ;
#4094 = DIRECTION ( 'NONE',  ( -0.000000000000000000, 0.000000000000000000, -1.000000000000000000 ) ) ;
#4095 = CARTESIAN_POINT ( 'NONE',  ( -16.91237785685256867, 9.407438995575475360, 5.979444986411563079 ) ) ;
#4096 = DIRECTION ( 'NONE',  ( -0.000000000000000000, 1.000000000000000000, -0.000000000000000000 ) ) ;
#4097 = AXIS2_PLACEMENT_3D ( 'NONE', #2003, #3137, #1913 ) ;
#4098 = CARTESIAN_POINT ( 'NONE',  ( -28.99999999999999645, 5.000000000000000000, -13.87298334620741969 ) ) ;
#4099 = VECTOR ( 'NONE', #2936, 1000.000000000000000 ) ;
#4100 = CARTESIAN_POINT ( 'NONE',  ( -8.966083024013364877, 6.620376742835877515, 21.87203465208998665 ) ) ;
#4101 = CARTESIAN_POINT ( 'NONE',  ( -56.66726188957796495, 5.000000000000000000, -87.13822498223191815 ) ) ;
#4102 = LINE ( 'NONE', #746, #1208 ) ;
#4103 = VERTEX_POINT ( 'NONE', #929 ) ;
#4104 = ADVANCED_FACE ( 'NONE', ( #3939 ), #3528, .T. ) ;
#4105 = ORIENTED_EDGE ( 'NONE', *, *, #452, .F. ) ;
#4106 = FACE_OUTER_BOUND ( 'NONE', #2827, .T. ) ;
#4107 = LINE ( 'NONE', #1560, #4084 ) ;
#4108 = CARTESIAN_POINT ( 'NONE',  ( -56.66726188957804311, 5.000000000000000000, -57.80370120307598114 ) ) ;
#4109 = EDGE_LOOP ( 'NONE', ( #1265, #2475 ) ) ;
#4110 = AXIS2_PLACEMENT_3D ( 'NONE', #2440, #2076, #4694 ) ;
#4111 = CARTESIAN_POINT ( 'NONE',  ( -22.89182284326413352, 9.407438995575475360, -3.661354081643304925E-16 ) ) ;
#4112 = ORIENTED_EDGE ( 'NONE', *, *, #3544, .T. ) ;
#4113 = ADVANCED_FACE ( 'NONE', ( #3990, #607, #3236, #2472, #3130, #584, #4286, #904, #3888 ), #3578, .T. ) ;
#4114 = ORIENTED_EDGE ( 'NONE', *, *, #2265, .F. ) ;
#4115 = VERTEX_POINT ( 'NONE', #2764 ) ;
#4116 = VERTEX_POINT ( 'NONE', #2083 ) ;
#4117 = CARTESIAN_POINT ( 'NONE',  ( -45.00000000000002132, 0.000000000000000000, -74.47096309265403136 ) ) ;
#4118 = CARTESIAN_POINT ( 'NONE',  ( -17.35341922837772444, 11.57534542638514274, 6.242468355426934230E-16 ) ) ;
#4119 = CYLINDRICAL_SURFACE ( 'NONE', #1290, 10.55000000000000071 ) ;
#4120 = CARTESIAN_POINT ( 'NONE',  ( 0.000000000000000000, 0.000000000000000000, -42.00000000000000000 ) ) ;
#4121 = CARTESIAN_POINT ( 'NONE',  ( -37.24514088232526632, 3.888912010840047007, -2.123909907532348277E-15 ) ) ;
#4122 = PRESENTATION_STYLE_ASSIGNMENT (( #2357 ) ) ;
#4123 = CYLINDRICAL_SURFACE ( 'NONE', #4181, 13.00000000000000178 ) ;
#4124 = VECTOR ( 'NONE', #1775, 1000.000000000000000 ) ;
#4125 = ORIENTED_EDGE ( 'NONE', *, *, #2585, .T. ) ;
#4126 = EDGE_LOOP ( 'NONE', ( #3924, #3683, #3194, #1821 ) ) ;
#4127 = AXIS2_PLACEMENT_3D ( 'NONE', #4306, #948, #1092 ) ;
#4128 = MECHANICAL_DESIGN_GEOMETRIC_PRESENTATION_REPRESENTATION (  '', ( #4593 ), #713 ) ;
#4129 = AXIS2_PLACEMENT_3D ( 'NONE', #2453, #2114, #2772 ) ;
#4130 = CARTESIAN_POINT ( 'NONE',  ( 0.000000000000000000, 26.14942490415070253, 0.000000000000000000 ) ) ;
#4131 = PLANE ( 'NONE',  #4638 ) ;
#4132 = ORIENTED_EDGE ( 'NONE', *, *, #2146, .F. ) ;
#4133 =( NAMED_UNIT ( * ) PLANE_ANGLE_UNIT ( ) SI_UNIT ( $, .RADIAN. ) );
#4134 = CARTESIAN_POINT ( 'NONE',  ( -9.520122296069100543, 1.747546292539035928, -20.76395610797850111 ) ) ;
#4135 = ORIENTED_EDGE ( 'NONE', *, *, #1540, .T. ) ;
#4136 = VERTEX_POINT ( 'NONE', #2420 ) ;
#4137 = VERTEX_POINT ( 'NONE', #3916 ) ;
#4138 = LINE ( 'NONE', #2326, #3915 ) ;
#4139 = ADVANCED_FACE ( 'NONE', ( #1665, #1300 ), #1349, .F. ) ;
#4140 = DIRECTION ( 'NONE',  ( 0.000000000000000000, 0.000000000000000000, -1.000000000000000000 ) ) ;
#4141 = CARTESIAN_POINT ( 'NONE',  ( -19.90210035005835110, 15.88667557965986177, 0.000000000000000000 ) ) ;
#4142 = AXIS2_PLACEMENT_3D ( 'NONE', #1218, #1589, #3772 ) ;
#4143 = EDGE_CURVE ( 'NONE', #3837, #829, #4523, .T. ) ;
#4144 = DIRECTION ( 'NONE',  ( 0.000000000000000000, 0.000000000000000000, 1.000000000000000000 ) ) ;
#4145 = CARTESIAN_POINT ( 'NONE',  ( -46.91990187819502722, 0.001519591069921833555, 54.03560305627331672 ) ) ;
#4146 = CARTESIAN_POINT ( 'NONE',  ( 11.66726188957801291, 7.700000000000000178, 10.16726188957805910 ) ) ;
#4147 = CARTESIAN_POINT ( 'NONE',  ( 13.54999999999999893, -13.30000000000000071, 1.500000000000000000 ) ) ;
#4148 = DIRECTION ( 'NONE',  ( -0.000000000000000000, 1.000000000000000000, -0.000000000000000000 ) ) ;
#4149 = SHAPE_REPRESENTATION ( 'Sucker', ( #4677 ), #1156 ) ;
#4150 = CIRCLE ( 'NONE', #4228, 1.500000000000001332 ) ;
#4151 = AXIS2_PLACEMENT_3D ( 'NONE', #4141, #1481, #790 ) ;
#4152 = CARTESIAN_POINT ( 'NONE',  ( -19.90210035005835110, 15.88667557965986177, 0.000000000000000000 ) ) ;
#4153 = CARTESIAN_POINT ( 'NONE',  ( 0.000000000000000000, 5.000000000000000000, 3.524999999999999911 ) ) ;
#4154 = ORIENTED_EDGE ( 'NONE', *, *, #2431, .T. ) ;
#4155 = UNCERTAINTY_MEASURE_WITH_UNIT (LENGTH_MEASURE( 1.000000000000000082E-05 ), #2460, 'distance_accuracy_value', 'NONE');
#4156 = CARTESIAN_POINT ( 'NONE',  ( 0.000000000000000000, 0.000000000000000000, 0.000000000000000000 ) ) ;
#4157 = DIRECTION ( 'NONE',  ( -6.982962677686266711E-15, 0.000000000000000000, 1.000000000000000000 ) ) ;
#4158 = VERTEX_POINT ( 'NONE', #1271 ) ;
#4159 = EDGE_CURVE ( 'NONE', #1457, #4778, #3206, .T. ) ;
#4160 = AXIS2_PLACEMENT_3D ( 'NONE', #4839, #3781, #2 ) ;
#4161 = VERTEX_POINT ( 'NONE', #4673 ) ;
#4162 = ORIENTED_EDGE ( 'NONE', *, *, #701, .T. ) ;
#4163 = CARTESIAN_POINT ( 'NONE',  ( -35.90210035005834754, 1.740681043584102472, -1.959434878635764737E-15 ) ) ;
#4164 = DIRECTION ( 'NONE',  ( 0.000000000000000000, 0.000000000000000000, 1.000000000000000000 ) ) ;
#4165 = CYLINDRICAL_SURFACE ( 'NONE', #3715, 1.500000000000001332 ) ;
#4166 = EDGE_CURVE ( 'NONE', #1547, #2423, #3554, .T. ) ;
#4167 = AXIS2_PLACEMENT_3D ( 'NONE', #1552, #4140, #43 ) ;
#4168 = AXIS2_PLACEMENT_3D ( 'NONE', #2388, #4201, #3829 ) ;
#4169 = FACE_OUTER_BOUND ( 'NONE', #4498, .T. ) ;
#4170 = CARTESIAN_POINT ( 'NONE',  ( 9.997899649941667022, -0.1774874432095524257, 7.323387858901176375E-15 ) ) ;
#4171 = DIRECTION ( 'NONE',  ( 0.000000000000000000, 0.000000000000000000, -1.000000000000000000 ) ) ;
#4172 = DIRECTION ( 'NONE',  ( 0.000000000000000000, 0.000000000000000000, -1.000000000000000000 ) ) ;
#4173 = DIRECTION ( 'NONE',  ( -0.000000000000000000, 1.000000000000000000, -0.000000000000000000 ) ) ;
#4174 = EDGE_CURVE ( 'NONE', #1590, #3590, #1722, .T. ) ;
#4175 = MANIFOLD_SOLID_BREP ( 'Í¹Ì¨-À­Éì2', #2504 ) ;
#4176 = EDGE_CURVE ( 'NONE', #856, #1478, #2728, .T. ) ;
#4177 = FACE_BOUND ( 'NONE', #3684, .T. ) ;
#4178 = CARTESIAN_POINT ( 'NONE',  ( -19.90210035005835110, 0.000000000000000000, 0.000000000000000000 ) ) ;
#4179 = VERTEX_POINT ( 'NONE', #1495 ) ;
#4180 = AXIS2_PLACEMENT_3D ( 'NONE', #3632, #4368, #1790 ) ;
#4181 = AXIS2_PLACEMENT_3D ( 'NONE', #5, #1093, #1513 ) ;
#4182 = CARTESIAN_POINT ( 'NONE',  ( 0.000000000000000000, 0.000000000000000000, 0.000000000000000000 ) ) ;
#4183 = CARTESIAN_POINT ( 'NONE',  ( -29.05121421725457509, 2.033202709351189519, -1.120443301249651439E-15 ) ) ;
#4184 = VERTEX_POINT ( 'NONE', #3723 ) ;
#4185 = CIRCLE ( 'NONE', #1995, 8.450000000000008171 ) ;
#4186 = ORIENTED_EDGE ( 'NONE', *, *, #826, .F. ) ;
#4187 = VERTEX_POINT ( 'NONE', #1097 ) ;
#4188 = SPHERICAL_SURFACE ( 'NONE', #4059, 0.7500000000000000000 ) ;
#4189 = LINE ( 'NONE', #3435, #4018 ) ;
#4190 = CARTESIAN_POINT ( 'NONE',  ( 13.00000000000000178, -4.525961875374001409, 0.000000000000000000 ) ) ;
#4191 = ADVANCED_FACE ( 'NONE', ( #2157 ), #1860, .T. ) ;
#4192 = CARTESIAN_POINT ( 'NONE',  ( 9.500000000000005329, -13.85000000000000320, 0.000000000000000000 ) ) ;
#4193 = CARTESIAN_POINT ( 'NONE',  ( 6.999999999999995559, 5.000000000000000000, -34.58380151290431570 ) ) ;
#4194 = DIRECTION ( 'NONE',  ( 1.000000000000000000, 0.000000000000000000, -0.000000000000000000 ) ) ;
#4195 = DIRECTION ( 'NONE',  ( 0.000000000000000000, 0.000000000000000000, 1.000000000000000000 ) ) ;
#4196 = CARTESIAN_POINT ( 'NONE',  ( -1.813707415476477403, 0.5732407636741823076, 4.430378501811058478E-15 ) ) ;
#4197 = DIRECTION ( 'NONE',  ( -1.000000000000000000, 0.000000000000000000, -0.000000000000000000 ) ) ;
#4198 = MANIFOLD_SOLID_BREP ( 'Í¹Ì¨-À­Éì2[1]', #2966 ) ;
#4199 = ADVANCED_FACE ( 'NONE', ( #2131 ), #2571, .F. ) ;
#4200 = CARTESIAN_POINT ( 'NONE',  ( -13.00000000000000178, -4.525961875374001409, 1.500000000000000000 ) ) ;
#4201 = DIRECTION ( 'NONE',  ( -0.000000000000000000, 1.000000000000000000, -0.000000000000000000 ) ) ;
#4202 = FACE_OUTER_BOUND ( 'NONE', #507, .T. ) ;
#4203 = ORIENTED_EDGE ( 'NONE', *, *, #4315, .F. ) ;
#4204 = ORIENTED_EDGE ( 'NONE', *, *, #2437, .F. ) ;
#4205 = FACE_OUTER_BOUND ( 'NONE', #4126, .T. ) ;
#4206 = VERTEX_POINT ( 'NONE', #1836 ) ;
#4207 = EDGE_CURVE ( 'NONE', #4022, #4804, #3260, .T. ) ;
#4208 = ORIENTED_EDGE ( 'NONE', *, *, #3218, .T. ) ;
#4209 = ORIENTED_EDGE ( 'NONE', *, *, #2170, .T. ) ;
#4210 = VECTOR ( 'NONE', #3625, 1000.000000000000000 ) ;
#4211 = CARTESIAN_POINT ( 'NONE',  ( -37.99049328464023034, 0.5732407636741823076, -2.215189250905529239E-15 ) ) ;
#4212 = LINE ( 'NONE', #2378, #806 ) ;
#4213 = CARTESIAN_POINT ( 'NONE',  ( 0.000000000000000000, 0.000000000000000000, 3.524999999999999911 ) ) ;
#4214 = AXIS2_PLACEMENT_3D ( 'NONE', #1490, #2617, #2016 ) ;
#4215 = CARTESIAN_POINT ( 'NONE',  ( -20.00000000000000000, -3.799999999999999822, -1.396592535537253342E-13 ) ) ;
#4216 = PLANE ( 'NONE',  #407 ) ;
#4217 = LINE ( 'NONE', #3878, #1848 ) ;
#4218 = FILL_AREA_STYLE ('',( #1557 ) ) ;
#4219 = CARTESIAN_POINT ( 'NONE',  ( -36.72679547922498955, 1.290109711048460062, -2.060430903656398765E-15 ) ) ;
#4220 = CYLINDRICAL_SURFACE ( 'NONE', #53, 8.000000000000000000 ) ;
#4221 = PRODUCT ( 'Hind Leg', 'Hind Leg', '', ( #1926 ) ) ;
#4222 = DIRECTION ( 'NONE',  ( 0.000000000000000000, 0.000000000000000000, 1.000000000000000000 ) ) ;
#4223 = CARTESIAN_POINT ( 'NONE',  ( -10.55000000000000071, -16.35000000000000497, -7.367025624959010749E-14 ) ) ;
#4224 = ADVANCED_FACE ( 'NONE', ( #4753, #1395 ), #2524, .T. ) ;
#4225 = CARTESIAN_POINT ( 'NONE',  ( -36.72679547922498955, 1.290109711048460062, -2.060430903656398765E-15 ) ) ;
#4226 = ORIENTED_EDGE ( 'NONE', *, *, #3604, .T. ) ;
#4227 = ORIENTED_EDGE ( 'NONE', *, *, #2943, .F. ) ;
#4228 = AXIS2_PLACEMENT_3D ( 'NONE', #2172, #1437, #300 ) ;
#4229 = EDGE_CURVE ( 'NONE', #4455, #103, #4846, .T. ) ;
#4230 = MANIFOLD_SOLID_BREP ( 'Ðý×ª1', #3362 ) ;
#4231 = SHAPE_DEFINITION_REPRESENTATION ( #860, #4149 ) ;
#4232 = DIRECTION ( 'NONE',  ( -0.000000000000000000, 1.000000000000000000, -0.000000000000000000 ) ) ;
#4233 = VERTEX_POINT ( 'NONE', #31 ) ;
#4234 = CARTESIAN_POINT ( 'NONE',  ( 0.000000000000000000, 0.000000000000000000, 0.000000000000000000 ) ) ;
#4235 = EDGE_CURVE ( 'NONE', #4484, #1284, #680, .T. ) ;
#4236 = ADVANCED_FACE ( 'NONE', ( #3404 ), #4564, .T. ) ;
#4237 = VECTOR ( 'NONE', #371, 1000.000000000000000 ) ;
#4238 = EDGE_LOOP ( 'NONE', ( #2670, #3775, #1714, #166, #2932 ) ) ;
#4239 = EDGE_CURVE ( 'NONE', #2552, #4832, #3786, .T. ) ;
#4240 = CIRCLE ( 'NONE', #1111, 10.55000000000000071 ) ;
#4241 = VERTEX_POINT ( 'NONE', #3421 ) ;
#4242 = CARTESIAN_POINT ( 'NONE',  ( -8.500000000000003553, -8.849999999999992539, -5.935518276033329228E-14 ) ) ;
#4243 = LINE ( 'NONE', #3946, #1742 ) ;
#4244 = VECTOR ( 'NONE', #3259, 1000.000000000000000 ) ;
#4245 = DIRECTION ( 'NONE',  ( 0.000000000000000000, 0.000000000000000000, -1.000000000000000000 ) ) ;
#4246 = EDGE_LOOP ( 'NONE', ( #4481, #3725 ) ) ;
#4247 = CARTESIAN_POINT ( 'NONE',  ( 14.49999999999999822, -7.025961875374001409, 1.500000000000000000 ) ) ;
#4248 = CARTESIAN_POINT ( 'NONE',  ( 15.05000000000000071, -13.30000000000000071, 1.500000000000000000 ) ) ;
#4249 = CARTESIAN_POINT ( 'NONE',  ( -29.81154385655511874, 7.182549245871482135, 19.81888701299351752 ) ) ;
#4250 = DIRECTION ( 'NONE',  ( -0.000000000000000000, 0.000000000000000000, -1.000000000000000000 ) ) ;
#4251 = CYLINDRICAL_SURFACE ( 'NONE', #1876, 8.000000000000000000 ) ;
#4252 = AXIS2_PLACEMENT_3D ( 'NONE', #3846, #3067, #1286 ) ;
#4253 = CARTESIAN_POINT ( 'NONE',  ( -19.90210035005835110, 24.63667557965986532, 0.000000000000000000 ) ) ;
#4254 = DIRECTION ( 'NONE',  ( -0.000000000000000000, 1.000000000000000000, -0.000000000000000000 ) ) ;
#4255 = DIRECTION ( 'NONE',  ( -0.000000000000000000, -1.000000000000000000, -0.000000000000000000 ) ) ;
#4256 = FACE_OUTER_BOUND ( 'NONE', #2641, .T. ) ;
#4257 = ORIENTED_EDGE ( 'NONE', *, *, #2462, .F. ) ;
#4258 = ORIENTED_EDGE ( 'NONE', *, *, #2630, .F. ) ;
#4259 = VECTOR ( 'NONE', #1678, 1000.000000000000000 ) ;
#4260 = EDGE_CURVE ( 'NONE', #4784, #4206, #1506, .T. ) ;
#4261 = APPLICATION_PROTOCOL_DEFINITION ( 'draft international standard', 'automotive_design', 1998, #1435 ) ;
#4262 = DIRECTION ( 'NONE',  ( 0.000000000000000000, 0.000000000000000000, 1.000000000000000000 ) ) ;
#4263 = ORIENTED_EDGE ( 'NONE', *, *, #3675, .T. ) ;
#4264 = DIRECTION ( 'NONE',  ( -1.000000000000000000, 0.000000000000000000, -6.982962677686266711E-15 ) ) ;
#4265 = AXIS2_PLACEMENT_3D ( 'NONE', #80, #3749, #3724 ) ;
#4266 = VERTEX_POINT ( 'NONE', #4499 ) ;
#4267 = ADVANCED_FACE ( 'NONE', ( #3470 ), #1186, .F. ) ;
#4268 = DIRECTION ( 'NONE',  ( 0.000000000000000000, -1.000000000000000000, 0.000000000000000000 ) ) ;
#4269 = CARTESIAN_POINT ( 'NONE',  ( -57.02081528017137657, 5.000000000000000000, -65.93542918672127939 ) ) ;
#4270 = CARTESIAN_POINT ( 'NONE',  ( 0.000000000000000000, 5.000000000000000000, 0.000000000000000000 ) ) ;
#4271 = CARTESIAN_POINT ( 'NONE',  ( -29.81154385655511518, 7.182549245871483024, -1.213556827156278238E-15 ) ) ;
#4272 = VECTOR ( 'NONE', #1203, 1000.000000000000000 ) ;
#4273 = ORIENTED_EDGE ( 'NONE', *, *, #1067, .F. ) ;
#4274 = CARTESIAN_POINT ( 'NONE',  ( -48.53553390593283723, 0.000000000000000000, -81.49177837282535108 ) ) ;
#4275 = CARTESIAN_POINT ( 'NONE',  ( -19.90210035005835110, 15.88667557965986177, 0.000000000000000000 ) ) ;
#4276 = LINE ( 'NONE', #1627, #1394 ) ;
#4277 = DIRECTION ( 'NONE',  ( -1.000000000000000000, 0.000000000000000000, 0.000000000000000000 ) ) ;
#4278 = CARTESIAN_POINT ( 'NONE',  ( -11.45210035005834470, 8.312075473978843831, -16.90000000000001279 ) ) ;
#4279 = CARTESIAN_POINT ( 'NONE',  ( 0.000000000000000000, 5.000000000000000000, 0.000000000000000000 ) ) ;
#4280 = DIRECTION ( 'NONE',  ( 0.000000000000000000, -1.000000000000000000, 0.000000000000000000 ) ) ;
#4281 = CARTESIAN_POINT ( 'NONE',  ( -52.42462120245868107, 0.000000000000000000, -85.38086566935119492 ) ) ;
#4282 = CYLINDRICAL_SURFACE ( 'NONE', #240, 20.00000000000000000 ) ;
#4283 = EDGE_LOOP ( 'NONE', ( #1354, #1950, #2956, #2238 ) ) ;
#4284 = VERTEX_POINT ( 'NONE', #79 ) ;
#4285 = ITEM_DEFINED_TRANSFORMATION ( 'NONE', 'NONE', #212,  #4677 ) ;
#4286 = FACE_BOUND ( 'NONE', #2881, .T. ) ;
#4287 = ORIENTED_EDGE ( 'NONE', *, *, #4781, .F. ) ;
#4288 = DIRECTION ( 'NONE',  ( -1.000000000000000000, -1.239088197126291063E-16, 0.000000000000000000 ) ) ;
#4289 = VECTOR ( 'NONE', #3662, 1000.000000000000000 ) ;
#4290 = CARTESIAN_POINT ( 'NONE',  ( -39.39838489184216286, 0.05478672904803285476, -38.99256908356762352 ) ) ;
#4291 = VECTOR ( 'NONE', #4627, 1000.000000000000000 ) ;
#4292 = DIRECTION ( 'NONE',  ( 0.000000000000000000, 0.000000000000000000, -1.000000000000000000 ) ) ;
#4293 = CARTESIAN_POINT ( 'NONE',  ( -9.520122296069098766, 1.747546292539036150, 2.542851238527201489E-15 ) ) ;
#4294 = EDGE_CURVE ( 'NONE', #1677, #3555, #1267, .T. ) ;
#4295 = VECTOR ( 'NONE', #2232, 999.9999999999998863 ) ;
#4296 = ORIENTED_EDGE ( 'NONE', *, *, #2230, .T. ) ;
#4297 = EDGE_CURVE ( 'NONE', #4266, #3287, #4544, .T. ) ;
#4298 = CARTESIAN_POINT ( 'NONE',  ( 0.000000000000000000, 26.14942490415070253, 0.000000000000000000 ) ) ;
#4299 = CARTESIAN_POINT ( 'NONE',  ( 0.000000000000000000, 0.000000000000000000, 0.000000000000000000 ) ) ;
#4300 = LINE ( 'NONE', #4609, #3193 ) ;
#4301 = CARTESIAN_POINT ( 'NONE',  ( -6.999999999999999112, 0.000000000000000000, -7.416198487095654102 ) ) ;
#4302 = FACE_OUTER_BOUND ( 'NONE', #1968, .T. ) ;
#4303 = EDGE_CURVE ( 'NONE', #1220, #1529, #3098, .T. ) ;
#4304 = CARTESIAN_POINT ( 'NONE',  ( -11.45210035005834470, 8.312075473978843831, 0.000000000000000000 ) ) ;
#4305 = CARTESIAN_POINT ( 'NONE',  ( 16.00000000000000000, -7.025961875374001409, 0.000000000000000000 ) ) ;
#4306 = CARTESIAN_POINT ( 'NONE',  ( -19.90210035005835110, 1.740681043584102472, 0.000000000000000000 ) ) ;
#4307 = DIRECTION ( 'NONE',  ( 0.000000000000000000, 0.000000000000000000, 1.000000000000000000 ) ) ;
#4308 = ORIENTED_EDGE ( 'NONE', *, *, #2198, .T. ) ;
#4309 = ORIENTED_EDGE ( 'NONE', *, *, #2560, .F. ) ;
#4310 = CIRCLE ( 'NONE', #1164, 1.599999999999997202 ) ;
#4311 = APPLICATION_PROTOCOL_DEFINITION ( 'draft international standard', 'automotive_design', 1998, #447 ) ;
#4312 = CARTESIAN_POINT ( 'NONE',  ( 0.000000000000000000, -8.849999999999996092, 0.000000000000000000 ) ) ;
#4313 = EDGE_LOOP ( 'NONE', ( #1440, #1798, #4344, #1029 ) ) ;
#4314 = CARTESIAN_POINT ( 'NONE',  ( -10.99017473251071486, 7.640285087069871750, 0.000000000000000000 ) ) ;
#4315 = EDGE_CURVE ( 'NONE', #458, #1784, #846, .T. ) ;
#4316 = CIRCLE ( 'NONE', #3215, 6.000000000000032863 ) ;
#4317 = ORIENTED_EDGE ( 'NONE', *, *, #3432, .T. ) ;
#4318 = AXIS2_PLACEMENT_3D ( 'NONE', #3568, #4716, #622 ) ;
#4319 = CARTESIAN_POINT ( 'NONE',  ( -8.905498098111131355, 1.740681043584102472, 0.000000000000000000 ) ) ;
#4320 = AXIS2_PLACEMENT_3D ( 'NONE', #1698, #3534, #2852 ) ;
#4321 = DIRECTION ( 'NONE',  ( -0.000000000000000000, 1.000000000000000000, -0.000000000000000000 ) ) ;
#4322 = EDGE_CURVE ( 'NONE', #2591, #1749, #4107, .T. ) ;
#4323 = CARTESIAN_POINT ( 'NONE',  ( -12.34622232975472045, 3.067221540086911169, 1.850656366462536526E-15 ) ) ;
#4324 = ORIENTED_EDGE ( 'NONE', *, *, #3544, .F. ) ;
#4325 = ORIENTED_EDGE ( 'NONE', *, *, #2317, .F. ) ;
#4326 = FACE_OUTER_BOUND ( 'NONE', #3390, .T. ) ;
#4327 = CIRCLE ( 'NONE', #958, 29.90000000000000924 ) ;
#4328 = ADVANCED_FACE ( 'NONE', ( #822 ), #751, .F. ) ;
#4329 = DIRECTION ( 'NONE',  ( -0.000000000000000000, 0.000000000000000000, -1.000000000000000000 ) ) ;
#4330 = PLANE ( 'NONE',  #1012 ) ;
#4331 = CARTESIAN_POINT ( 'NONE',  ( -29.81154385655511518, 7.182549245871482135, -1.213556827156278435E-15 ) ) ;
#4332 =( BOUNDED_SURFACE ( )  B_SPLINE_SURFACE ( 3, 3, ( 
 ( #596, #4249, #143, #2781 ),
 ( #197, #3567, #1705, #517 ),
 ( #2484, #893, #3197, #2805 ),
 ( #3144, #3541, #2858, #4689 ),
 ( #1337, #966, #3592, #546 ),
 ( #2459, #1680, #2384, #1653 ) ),
 .UNSPECIFIED., .F., .F., .F. ) 
 B_SPLINE_SURFACE_WITH_KNOTS ( ( 4, 1, 1, 4 ),
 ( 4, 4 ),
 ( 0.000000000000000000, 0.1565210492490426430, 0.5689366928055971107, 1.000000000000000000 ),
 ( 0.000000000000000000, 1.000000000000000000 ),
 .UNSPECIFIED. ) 
 GEOMETRIC_REPRESENTATION_ITEM ( )  RATIONAL_B_SPLINE_SURFACE ( (
 ( 1.000000000000000000, 0.3333333333333334259, 0.3333333333333334259, 1.000000000000000000),
 ( 1.000000000000000000, 0.3333333333333334259, 0.3333333333333334259, 1.000000000000000000),
 ( 1.000000000000000000, 0.3333333333333334259, 0.3333333333333334259, 1.000000000000000000),
 ( 1.000000000000000000, 0.3333333333333334259, 0.3333333333333334259, 1.000000000000000000),
 ( 1.000000000000000000, 0.3333333333333334259, 0.3333333333333334259, 1.000000000000000000),
 ( 1.000000000000000000, 0.3333333333333334259, 0.3333333333333334259, 1.000000000000000000) ) ) 
 REPRESENTATION_ITEM ( '' )  SURFACE ( )  );
#4333 = ADVANCED_FACE ( 'NONE', ( #1146 ), #1517, .F. ) ;
#4334 = CARTESIAN_POINT ( 'NONE',  ( 10.55000000000000071, -10.80000000000000071, 1.500000000000000000 ) ) ;
#4335 = DIRECTION ( 'NONE',  ( -0.000000000000000000, 1.000000000000000000, -0.000000000000000000 ) ) ;
#4336 = DIRECTION ( 'NONE',  ( -0.000000000000000000, -1.000000000000000000, -0.000000000000000000 ) ) ;
#4337 = CARTESIAN_POINT ( 'NONE',  ( -5.424052470754605615, 5.000000000000000000, -47.88044681929025614 ) ) ;
#4338 = EDGE_LOOP ( 'NONE', ( #1809, #3349 ) ) ;
#4339 = ORIENTED_EDGE ( 'NONE', *, *, #4418, .F. ) ;
#4340 = ADVANCED_FACE ( 'NONE', ( #4177, #2318 ), #3909, .T. ) ;
#4341 = AXIS2_PLACEMENT_3D ( 'NONE', #3822, #515, #750 ) ;
#4342 = CIRCLE ( 'NONE', #4487, 2.500000000000000444 ) ;
#4343 = DIRECTION ( 'NONE',  ( 0.000000000000000000, -1.000000000000000000, 0.000000000000000000 ) ) ;
#4344 = ORIENTED_EDGE ( 'NONE', *, *, #690, .F. ) ;
#4345 = CARTESIAN_POINT ( 'NONE',  ( -50.00000000000001421, -23.42384038863437468, -44.80370120307598114 ) ) ;
#4346 = AXIS2_PLACEMENT_3D ( 'NONE', #543, #3247, #4000 ) ;
#4347 = ORIENTED_EDGE ( 'NONE', *, *, #2065, .T. ) ;
#4348 = AXIS2_PLACEMENT_3D ( 'NONE', #2188, #1895, #23 ) ;
#4349 = CARTESIAN_POINT ( 'NONE',  ( -15.65836554453899154, 6.996578877477782399, 0.000000000000000000 ) ) ;
#4350 = LINE ( 'NONE', #3509, #3453 ) ;
#4351 = CARTESIAN_POINT ( 'NONE',  ( 10.55000000000000071, -15.80000000000000071, 1.500000000000000000 ) ) ;
#4352 = ORIENTED_EDGE ( 'NONE', *, *, #945, .T. ) ;
#4353 = AXIS2_PLACEMENT_3D ( 'NONE', #2616, #1899, #3742 ) ;
#4354 = ORIENTED_EDGE ( 'NONE', *, *, #2696, .F. ) ;
#4355 = CARTESIAN_POINT ( 'NONE',  ( -11.66726188957807331, -3.799999999999999822, 11.66726188957802890 ) ) ;
#4356 = FACE_OUTER_BOUND ( 'NONE', #2628, .T. ) ;
#4357 = DIRECTION ( 'NONE',  ( 0.000000000000000000, 1.000000000000000000, 0.000000000000000000 ) ) ;
#4358 = EDGE_CURVE ( 'NONE', #4774, #3126, #1663, .T. ) ;
#4359 = DIRECTION ( 'NONE',  ( -0.000000000000000000, -1.000000000000000000, -0.000000000000000000 ) ) ;
#4360 = FACE_OUTER_BOUND ( 'NONE', #1073, .T. ) ;
#4361 = CARTESIAN_POINT ( 'NONE',  ( -56.66726188957796495, 0.000000000000000000, -81.13822498223190394 ) ) ;
#4362 = CARTESIAN_POINT ( 'NONE',  ( -8.750000000000003553, -13.84999999999999964, -6.110092342975485265E-14 ) ) ;
#4363 = VERTEX_POINT ( 'NONE', #4665 ) ;
#4364 = ADVANCED_FACE ( 'NONE', ( #1341 ), #1684, .F. ) ;
#4365 = ORIENTED_EDGE ( 'NONE', *, *, #4566, .T. ) ;
#4366 = DIRECTION ( 'NONE',  ( 0.7071067811865493491, 0.000000000000000000, 0.7071067811865456854 ) ) ;
#4367 = ORIENTED_EDGE ( 'NONE', *, *, #1815, .F. ) ;
#4368 = DIRECTION ( 'NONE',  ( 0.000000000000000000, 0.000000000000000000, 1.000000000000000000 ) ) ;
#4369 = DIRECTION ( 'NONE',  ( 0.000000000000000000, 0.000000000000000000, -1.000000000000000000 ) ) ;
#4370 = CARTESIAN_POINT ( 'NONE',  ( -45.00000000000002132, 0.000000000000000000, -44.80370120307598114 ) ) ;
#4371 = ORIENTED_EDGE ( 'NONE', *, *, #122, .F. ) ;
#4372 = AXIS2_PLACEMENT_3D ( 'NONE', #4071, #717, #2214 ) ;
#4373 = ADVANCED_FACE ( 'NONE', ( #1291 ), #3546, .T. ) ;
#4374 =( GEOMETRIC_REPRESENTATION_CONTEXT ( 3 ) GLOBAL_UNCERTAINTY_ASSIGNED_CONTEXT ( ( #827 ) ) GLOBAL_UNIT_ASSIGNED_CONTEXT ( ( #2226, #4750, #2870 ) ) REPRESENTATION_CONTEXT ( 'NONE', 'WORKASPACE' ) );
#4375 = EDGE_LOOP ( 'NONE', ( #1051, #1238, #287, #4850 ) ) ;
#4376 = AXIS2_PLACEMENT_3D ( 'NONE', #697, #4033, #2929 ) ;
#4377 = MECHANICAL_DESIGN_GEOMETRIC_PRESENTATION_REPRESENTATION (  '', ( #3274 ), #3895 ) ;
#4378 = ORIENTED_EDGE ( 'NONE', *, *, #3480, .T. ) ;
#4379 = PLANE ( 'NONE',  #2217 ) ;
#4380 = CARTESIAN_POINT ( 'NONE',  ( -45.00000000000002132, 5.000000000000000000, -44.80370120307598114 ) ) ;
#4381 = CARTESIAN_POINT ( 'NONE',  ( -11.34606636875347085, 8.060162897851448349, -17.11206796260976049 ) ) ;
#4382 = COLOUR_RGB ( '',0.7921568627450980005, 0.8196078431372548767, 0.9333333333333333481 ) ;
#4383 = CARTESIAN_POINT ( 'NONE',  ( -25.02401048452300358, 5.777545601188450952, -6.272530851692527924E-16 ) ) ;
#4384 = FACE_OUTER_BOUND ( 'NONE', #1868, .T. ) ;
#4385 = DIRECTION ( 'NONE',  ( -0.000000000000000000, -1.000000000000000000, -0.000000000000000000 ) ) ;
#4386 = ORIENTED_EDGE ( 'NONE', *, *, #2696, .T. ) ;
#4387 = ORIENTED_EDGE ( 'NONE', *, *, #611, .F. ) ;
#4388 = ORIENTED_EDGE ( 'NONE', *, *, #1700, .T. ) ;
#4389 = CARTESIAN_POINT ( 'NONE',  ( -1.051612519740641849, 0.1449029338955367396, 0.000000000000000000 ) ) ;
#4390 = CIRCLE ( 'NONE', #1169, 1.499999999999999556 ) ;
#4391 = CARTESIAN_POINT ( 'NONE',  ( -13.70454381594729121, 4.391801250357438846, 0.000000000000000000 ) ) ;
#4392 = EDGE_LOOP ( 'NONE', ( #4652, #4796, #2506, #184 ) ) ;
#4393 = ADVANCED_FACE ( 'NONE', ( #523 ), #599, .F. ) ;
#4394 = EDGE_CURVE ( 'NONE', #4722, #1429, #4327, .T. ) ;
#4395 = CIRCLE ( 'NONE', #2197, 8.500000000000003553 ) ;
#4396 = EDGE_CURVE ( 'NONE', #3060, #3474, #4004, .T. ) ;
#4397 = EDGE_LOOP ( 'NONE', ( #3966, #1796 ) ) ;
#4398 = ORIENTED_EDGE ( 'NONE', *, *, #4239, .T. ) ;
#4399 = DIRECTION ( 'NONE',  ( -0.000000000000000000, 1.000000000000000000, -0.000000000000000000 ) ) ;
#4400 = ADVANCED_FACE ( 'NONE', ( #2785 ), #1736, .T. ) ;
#4401 = DIRECTION ( 'NONE',  ( 0.000000000000000000, 0.000000000000000000, 1.000000000000000000 ) ) ;
#4402 = AXIS2_PLACEMENT_3D ( 'NONE', #1657, #1317, #4718 ) ;
#4403 = FACE_OUTER_BOUND ( 'NONE', #2815, .T. ) ;
#4404 = DIRECTION ( 'NONE',  ( 0.000000000000000000, 0.000000000000000000, 1.000000000000000000 ) ) ;
#4405 = SURFACE_SIDE_STYLE ('',( #745 ) ) ;
#4406 = CYLINDRICAL_SURFACE ( 'NONE', #2963, 15.99999999999999645 ) ;
#4407 = VERTEX_POINT ( 'NONE', #3228 ) ;
#4408 = EDGE_LOOP ( 'NONE', ( #4296, #83, #4419, #17 ) ) ;
#4409 = VECTOR ( 'NONE', #3235, 1000.000000000000000 ) ;
#4410 = DIRECTION ( 'NONE',  ( -0.000000000000000000, 0.000000000000000000, -1.000000000000000000 ) ) ;
#4411 = LINE ( 'NONE', #662, #2380 ) ;
#4412 = EDGE_CURVE ( 'NONE', #2025, #16, #2842, .T. ) ;
#4413 = AXIS2_PLACEMENT_3D ( 'NONE', #3414, #3820, #391 ) ;
#4414 = VECTOR ( 'NONE', #1903, 999.9999999999998863 ) ;
#4415 = CYLINDRICAL_SURFACE ( 'NONE', #4533, 7.500000000000000000 ) ;
#4416 = EDGE_LOOP ( 'NONE', ( #2369, #2793, #2396, #4550 ) ) ;
#4417 = ORIENTED_EDGE ( 'NONE', *, *, #615, .T. ) ;
#4418 = EDGE_CURVE ( 'NONE', #825, #991, #4613, .T. ) ;
#4419 = ORIENTED_EDGE ( 'NONE', *, *, #2316, .F. ) ;
#4420 = EDGE_CURVE ( 'NONE', #3126, #4774, #2134, .T. ) ;
#4421 = ORIENTED_EDGE ( 'NONE', *, *, #1561, .F. ) ;
#4422 = CARTESIAN_POINT ( 'NONE',  ( -57.02081528017139789, 5.000000000000000000, -73.00649699858674069 ) ) ;
#4423 = DIRECTION ( 'NONE',  ( -0.000000000000000000, -1.000000000000000000, -0.000000000000000000 ) ) ;
#4424 = FACE_OUTER_BOUND ( 'NONE', #2708, .T. ) ;
#4425 = CARTESIAN_POINT ( 'NONE',  ( 9.500000000000000000, -2.315795280694864733, 0.000000000000000000 ) ) ;
#4426 =( NAMED_UNIT ( * ) PLANE_ANGLE_UNIT ( ) SI_UNIT ( $, .RADIAN. ) );
#4427 = CARTESIAN_POINT ( 'NONE',  ( -37.57537879754134735, 5.000000000000000000, -85.38086566935140809 ) ) ;
#4428 = ORIENTED_EDGE ( 'NONE', *, *, #3147, .T. ) ;
#4429 = VERTEX_POINT ( 'NONE', #4639 ) ;
#4430 = CIRCLE ( 'NONE', #3334, 6.999999999999992006 ) ;
#4431 = DIRECTION ( 'NONE',  ( 0.000000000000000000, 0.000000000000000000, 1.000000000000000000 ) ) ;
#4432 = CARTESIAN_POINT ( 'NONE',  ( -19.90210035005835110, 20.88667557965986177, -10.45000000000000462 ) ) ;
#4433 = VERTEX_POINT ( 'NONE', #4304 ) ;
#4434 = CARTESIAN_POINT ( 'NONE',  ( -25.02401048452300358, 5.777545601188450952, -6.272530851692527924E-16 ) ) ;
#4435 = ORIENTED_EDGE ( 'NONE', *, *, #4688, .F. ) ;
#4436 = VERTEX_POINT ( 'NONE', #3176 ) ;
#4437 = ORIENTED_EDGE ( 'NONE', *, *, #1690, .T. ) ;
#4438 = ORIENTED_EDGE ( 'NONE', *, *, #1843, .T. ) ;
#4439 = CARTESIAN_POINT ( 'NONE',  ( -22.35210035005835394, 14.50106184802028153, -3.000384657911015863E-16 ) ) ;
#4440 = EDGE_CURVE ( 'NONE', #3862, #2795, #4624, .T. ) ;
#4441 = CARTESIAN_POINT ( 'NONE',  ( -49.80210035005837454, -0.1774874432095528698, -3.661693929450588187E-15 ) ) ;
#4442 = CARTESIAN_POINT ( 'NONE',  ( -16.00000000000000000, -4.525961875374001409, 0.000000000000000000 ) ) ;
#4443 = PRESENTATION_LAYER_ASSIGNMENT (  '', '', ( #2957 ) ) ;
#4444 = EDGE_CURVE ( 'NONE', #3555, #559, #4714, .T. ) ;
#4445 = CARTESIAN_POINT ( 'NONE',  ( -22.45078147173898131, 11.57534542638514274, -3.121234177713465143E-16 ) ) ;
#4446 = DIRECTION ( 'NONE',  ( -6.982962677686266711E-15, 0.000000000000000000, 1.000000000000000000 ) ) ;
#4447 = DIRECTION ( 'NONE',  ( -6.982962677686266711E-15, 0.000000000000000000, 1.000000000000000000 ) ) ;
#4448 = FACE_OUTER_BOUND ( 'NONE', #3181, .T. ) ;
#4449 = ORIENTED_EDGE ( 'NONE', *, *, #3011, .F. ) ;
#4450 = VERTEX_POINT ( 'NONE', #1710 ) ;
#4451 = EDGE_CURVE ( 'NONE', #3832, #3537, #2750, .T. ) ;
#4452 = MECHANICAL_DESIGN_GEOMETRIC_PRESENTATION_REPRESENTATION (  '', ( #2264 ), #4684 ) ;
#4453 = CARTESIAN_POINT ( 'NONE',  ( -19.90210035005835110, 15.88667557965986177, -8.450000000000004619 ) ) ;
#4454 = DIRECTION ( 'NONE',  ( 0.000000000000000000, 0.000000000000000000, 1.000000000000000000 ) ) ;
#4455 = VERTEX_POINT ( 'NONE', #201 ) ;
#4456 = AXIS2_PLACEMENT_3D ( 'NONE', #3025, #1963, #4582 ) ;
#4457 = CARTESIAN_POINT ( 'NONE',  ( -15.65836554453899154, 6.996578877477782399, 0.000000000000000000 ) ) ;
#4458 = ORIENTED_EDGE ( 'NONE', *, *, #109, .F. ) ;
#4459 = ORIENTED_EDGE ( 'NONE', *, *, #935, .F. ) ;
#4460 = ORIENTED_EDGE ( 'NONE', *, *, #54, .T. ) ;
#4461 = EDGE_LOOP ( 'NONE', ( #1952, #535 ) ) ;
#4462 = DIRECTION ( 'NONE',  ( 0.000000000000000000, 0.000000000000000000, 1.000000000000000000 ) ) ;
#4463 = EDGE_CURVE ( 'NONE', #3672, #112, #874, .T. ) ;
#4464 = APPLICATION_CONTEXT ( 'automotive_design' ) ;
#4465 = PLANE ( 'NONE',  #1785 ) ;
#4466 = CARTESIAN_POINT ( 'NONE',  ( -18.50000000000000000, -7.025961875374001409, 1.500000000000000000 ) ) ;
#4467 = CIRCLE ( 'NONE', #3531, 5.000000000000018652 ) ;
#4468 = EDGE_CURVE ( 'NONE', #4622, #963, #498, .T. ) ;
#4469 = PLANE ( 'NONE',  #640 ) ;
#4470 = AXIS2_PLACEMENT_3D ( 'NONE', #614, #114, #1329 ) ;
#4471 = DIRECTION ( 'NONE',  ( 0.000000000000000000, 1.000000000000000000, 0.000000000000000000 ) ) ;
#4472 = DIRECTION ( 'NONE',  ( 1.000000000000000000, 0.000000000000000000, 0.000000000000000000 ) ) ;
#4473 = CARTESIAN_POINT ( 'NONE',  ( 0.000000000000000000, -8.849999999999996092, 8.500000000000003553 ) ) ;
#4474 = VERTEX_POINT ( 'NONE', #2586 ) ;
#4475 = VERTEX_POINT ( 'NONE', #2518 ) ;
#4476 = CIRCLE ( 'NONE', #875, 6.000000000000019540 ) ;
#4477 = ADVANCED_FACE ( 'NONE', ( #4403 ), #4073, .T. ) ;
#4478 = FACE_OUTER_BOUND ( 'NONE', #127, .T. ) ;
#4479 = LINE ( 'NONE', #4849, #2540 ) ;
#4480 = CIRCLE ( 'NONE', #1112, 20.00000000000000355 ) ;
#4481 = ORIENTED_EDGE ( 'NONE', *, *, #3806, .F. ) ;
#4482 = CARTESIAN_POINT ( 'NONE',  ( -19.90210035005835110, -0.1774874432095528698, 0.000000000000000000 ) ) ;
#4483 = ORIENTED_EDGE ( 'NONE', *, *, #2737, .T. ) ;
#4484 = VERTEX_POINT ( 'NONE', #650 ) ;
#4485 = EDGE_LOOP ( 'NONE', ( #2892, #4057, #1134, #399, #1403 ) ) ;
#4486 = CIRCLE ( 'NONE', #1827, 4.999999999999997335 ) ;
#4487 = AXIS2_PLACEMENT_3D ( 'NONE', #999, #975, #600 ) ;
#4488 = ORIENTED_EDGE ( 'NONE', *, *, #2216, .F. ) ;
#4489 = DIRECTION ( 'NONE',  ( 0.000000000000000000, 0.000000000000000000, 1.000000000000000000 ) ) ;
#4490 = CARTESIAN_POINT ( 'NONE',  ( -24.14583515557771420, 6.996578877477782399, -5.197076246009503249E-16 ) ) ;
#4491 = CARTESIAN_POINT ( 'NONE',  ( -11.66726188957807331, 7.700000000000000178, 10.16726188957802890 ) ) ;
#4492 = AXIS2_PLACEMENT_3D ( 'NONE', #2802, #195, #993 ) ;
#4493 = DIRECTION ( 'NONE',  ( 0.000000000000000000, 0.000000000000000000, -1.000000000000000000 ) ) ;
#4494 = AXIS2_PLACEMENT_3D ( 'NONE', #1098, #3992, #2526 ) ;
#4495 = CARTESIAN_POINT ( 'NONE',  ( -30.83811767610334442, 6.620376742835877515, 21.87203465208997955 ) ) ;
#4496 = DIRECTION ( 'NONE',  ( 0.000000000000000000, -1.000000000000000000, -0.000000000000000000 ) ) ;
#4497 = ORIENTED_EDGE ( 'NONE', *, *, #3403, .T. ) ;
#4498 = EDGE_LOOP ( 'NONE', ( #4775, #1870, #3671, #3053 ) ) ;
#4499 = CARTESIAN_POINT ( 'NONE',  ( -33.33273811042200663, 0.000000000000000000, -82.68822498223207162 ) ) ;
#4500 = EDGE_CURVE ( 'NONE', #1374, #685, #3295, .T. ) ;
#4501 = CARTESIAN_POINT ( 'NONE',  ( 7.714285714285711748, 5.000000000000000000, -2.118913853455899776 ) ) ;
#4502 = VERTEX_POINT ( 'NONE', #2171 ) ;
#4503 = UNCERTAINTY_MEASURE_WITH_UNIT (LENGTH_MEASURE( 1.000000000000000082E-05 ), #3448, 'distance_accuracy_value', 'NONE');
#4504 = CARTESIAN_POINT ( 'NONE',  ( -29.05121421725457509, 2.033202709351189519, -18.29822773439244088 ) ) ;
#4505 = ORIENTED_EDGE ( 'NONE', *, *, #4507, .T. ) ;
#4506 = VERTEX_POINT ( 'NONE', #2124 ) ;
#4507 = EDGE_CURVE ( 'NONE', #2841, #879, #4480, .T. ) ;
#4508 = VERTEX_POINT ( 'NONE', #347 ) ;
#4509 = DIRECTION ( 'NONE',  ( 0.000000000000000000, 0.000000000000000000, -1.000000000000000000 ) ) ;
#4510 = CARTESIAN_POINT ( 'NONE',  ( 9.500000000000000000, -2.315795280694864733, 0.000000000000000000 ) ) ;
#4511 = CARTESIAN_POINT ( 'NONE',  ( -10.55000000000000071, -15.80000000000000071, 1.500000000000000000 ) ) ;
#4512 = CARTESIAN_POINT ( 'NONE',  ( -16.00000000000000000, -7.025961875374001409, 1.500000000000000000 ) ) ;
#4513 = CARTESIAN_POINT ( 'NONE',  ( -15.11984585097072120, 0.000000000000000000, -48.07609031786337539 ) ) ;
#4514 = PLANE ( 'NONE',  #3975 ) ;
#4515 = CARTESIAN_POINT ( 'NONE',  ( 10.55000000000000071, -10.80000000000000071, 1.500000000000000000 ) ) ;
#4516 = AXIS2_PLACEMENT_3D ( 'NONE', #2290, #74, #2635 ) ;
#4517 = CARTESIAN_POINT ( 'NONE',  ( -16.00000000000000000, -9.525961875374001409, 1.500000000000000000 ) ) ;
#4518 = VECTOR ( 'NONE', #1830, 1000.000000000000000 ) ;
#4519 = AXIS2_PLACEMENT_3D ( 'NONE', #470, #3073, #1165 ) ;
#4520 = ADVANCED_FACE ( 'NONE', ( #625 ), #674, .F. ) ;
#4521 = CYLINDRICAL_SURFACE ( 'NONE', #732, 3.524999999999999911 ) ;
#4522 = ORIENTED_EDGE ( 'NONE', *, *, #2375, .T. ) ;
#4523 = CIRCLE ( 'NONE', #3040, 20.00000000000000000 ) ;
#4524 = CARTESIAN_POINT ( 'NONE',  ( -30.28407840404760520, 1.747546292539035928, -20.76395610797850466 ) ) ;
#4525 = VERTEX_POINT ( 'NONE', #3689 ) ;
#4526 = ORIENTED_EDGE ( 'NONE', *, *, #1056, .T. ) ;
#4527 = VERTEX_POINT ( 'NONE', #3622 ) ;
#4528 = DIRECTION ( 'NONE',  ( -0.000000000000000000, 1.000000000000000000, -0.000000000000000000 ) ) ;
#4529 = ADVANCED_FACE ( 'NONE', ( #4814 ), #3321, .F. ) ;
#4530 = DIRECTION ( 'NONE',  ( 1.000000000000000000, 0.000000000000000000, 6.982962677686266711E-15 ) ) ;
#4531 = CARTESIAN_POINT ( 'NONE',  ( -9.992656843561592339, 7.182549245871483024, 0.000000000000000000 ) ) ;
#4532 = EDGE_CURVE ( 'NONE', #3258, #1323, #4790, .T. ) ;
#4533 = AXIS2_PLACEMENT_3D ( 'NONE', #3335, #709, #3679 ) ;
#4534 = CARTESIAN_POINT ( 'NONE',  ( 0.000000000000000000, -3.800000000000001155, 0.000000000000000000 ) ) ;
#4535 = DIRECTION ( 'NONE',  ( -0.000000000000000000, 1.000000000000000000, -0.000000000000000000 ) ) ;
#4536 = DIRECTION ( 'NONE',  ( 0.000000000000000000, 0.000000000000000000, 1.000000000000000000 ) ) ;
#4537 = LINE ( 'NONE', #3718, #4813 ) ;
#4538 = CARTESIAN_POINT ( 'NONE',  ( -19.90210035005835110, 1.740681043584102472, 0.000000000000000000 ) ) ;
#4539 = AXIS2_PLACEMENT_3D ( 'NONE', #692, #3415, #3343 ) ;
#4540 = DIRECTION ( 'NONE',  ( 0.000000000000000000, 0.000000000000000000, -1.000000000000000000 ) ) ;
#4541 = CARTESIAN_POINT ( 'NONE',  ( 16.00000000000000000, -7.025961875374001409, 1.500000000000000000 ) ) ;
#4542 = EDGE_LOOP ( 'NONE', ( #1977, #2790, #3731, #4112 ) ) ;
#4543 = DIRECTION ( 'NONE',  ( 1.000000000000000000, 0.000000000000000000, 0.000000000000000000 ) ) ;
#4544 = CIRCLE ( 'NONE', #1964, 1.549999999999995826 ) ;
#4545 = DIRECTION ( 'NONE',  ( 1.000000000000000000, 0.000000000000000000, 6.982962677686266711E-15 ) ) ;
#4546 = ORIENTED_EDGE ( 'NONE', *, *, #3403, .F. ) ;
#4547 = EDGE_CURVE ( 'NONE', #2183, #3651, #4791, .T. ) ;
#4548 = AXIS2_PLACEMENT_3D ( 'NONE', #1075, #3722, #4060 ) ;
#4549 = ORIENTED_EDGE ( 'NONE', *, *, #2950, .F. ) ;
#4550 = ORIENTED_EDGE ( 'NONE', *, *, #1454, .T. ) ;
#4551 = CARTESIAN_POINT ( 'NONE',  ( -35.90210035005834044, 1.740681043584102250, -31.99999999999998579 ) ) ;
#4552 = EDGE_CURVE ( 'NONE', #16, #65, #276, .T. ) ;
#4553 = CARTESIAN_POINT ( 'NONE',  ( -23.51355918777477072, 8.074421660968079451, -4.422761505861833232E-16 ) ) ;
#4554 = DIRECTION ( 'NONE',  ( 0.000000000000000000, -0.000000000000000000, -1.000000000000000000 ) ) ;
#4555 = AXIS2_PLACEMENT_3D ( 'NONE', #1020, #1703, #1774 ) ;
#4556 = ADVANCED_FACE ( 'NONE', ( #1853 ), #1436, .F. ) ;
#4557 = FACE_OUTER_BOUND ( 'NONE', #905, .T. ) ;
#4558 = AXIS2_PLACEMENT_3D ( 'NONE', #2038, #620, #3591 ) ;
#4559 = DIRECTION ( 'NONE',  ( -0.000000000000000000, 1.000000000000000000, -0.000000000000000000 ) ) ;
#4560 = DIRECTION ( 'NONE',  ( -0.000000000000000000, 1.000000000000000000, 0.000000000000000000 ) ) ;
#4561 = DIRECTION ( 'NONE',  ( 0.000000000000000000, 1.000000000000000000, -0.000000000000000000 ) ) ;
#4562 = CARTESIAN_POINT ( 'NONE',  ( -39.80420070011671640, -2.229077290394566858E-17, 39.80420070011669509 ) ) ;
#4563 = DIRECTION ( 'NONE',  ( -0.000000000000000000, 1.000000000000000000, -0.000000000000000000 ) ) ;
#4564 = PLANE ( 'NONE',  #3771 ) ;
#4565 = DIRECTION ( 'NONE',  ( 0.000000000000000000, 0.000000000000000000, 1.000000000000000000 ) ) ;
#4566 = EDGE_CURVE ( 'NONE', #3650, #3615, #1462, .T. ) ;
#4567 = DIRECTION ( 'NONE',  ( 0.000000000000000000, 1.000000000000000000, 0.000000000000000000 ) ) ;
#4568 = ORIENTED_EDGE ( 'NONE', *, *, #2704, .F. ) ;
#4569 = ORIENTED_EDGE ( 'NONE', *, *, #1275, .T. ) ;
#4570 = AXIS2_PLACEMENT_3D ( 'NONE', #3024, #3324, #1489 ) ;
#4571 = DIRECTION ( 'NONE',  ( 0.000000000000000000, 0.000000000000000000, 1.000000000000000000 ) ) ;
#4572 = ORIENTED_EDGE ( 'NONE', *, *, #4174, .T. ) ;
#4573 = EDGE_LOOP ( 'NONE', ( #3706, #1074 ) ) ;
#4574 = CARTESIAN_POINT ( 'NONE',  ( 0.000000000000000000, 5.000000000000000000, 0.000000000000000000 ) ) ;
#4575 = CARTESIAN_POINT ( 'NONE',  ( -22.89182284326413352, 9.407438995575475360, -3.661354081643304925E-16 ) ) ;
#4576 = FACE_OUTER_BOUND ( 'NONE', #3579, .T. ) ;
#4577 = EDGE_CURVE ( 'NONE', #639, #3525, #2190, .T. ) ;
#4578 = CARTESIAN_POINT ( 'NONE',  ( -17.50000000000000000, -7.025961875374001409, 1.500000000000000000 ) ) ;
#4579 = DIRECTION ( 'NONE',  ( -1.000000000000000000, 0.000000000000000000, -0.000000000000000000 ) ) ;
#4580 = DIRECTION ( 'NONE',  ( 0.000000000000000000, 1.000000000000000000, -0.000000000000000000 ) ) ;
#4581 = LINE ( 'NONE', #3906, #2256 ) ;
#4582 = DIRECTION ( 'NONE',  ( 0.000000000000000000, 0.000000000000000000, -1.000000000000000000 ) ) ;
#4583 = EDGE_CURVE ( 'NONE', #2324, #2916, #4031, .T. ) ;
#4584 = CIRCLE ( 'NONE', #2642, 1.500000000000001332 ) ;
#4585 = DIRECTION ( 'NONE',  ( -0.000000000000000000, 1.000000000000000000, -0.000000000000000000 ) ) ;
#4586 = LINE ( 'NONE', #3933, #2298 ) ;
#4587 = DIRECTION ( 'NONE',  ( 0.000000000000000000, 0.000000000000000000, 1.000000000000000000 ) ) ;
#4588 = VERTEX_POINT ( 'NONE', #1828 ) ;
#4589 = ADVANCED_FACE ( 'NONE', ( #4424 ), #2243, .F. ) ;
#4590 = ORIENTED_EDGE ( 'NONE', *, *, #2876, .T. ) ;
#4591 = EDGE_CURVE ( 'NONE', #2575, #3008, #1959, .T. ) ;
#4592 = AXIS2_PLACEMENT_3D ( 'NONE', #2022, #4667, #228 ) ;
#4593 = STYLED_ITEM ( 'NONE', ( #672 ), #1040 ) ;
#4594 = ITEM_DEFINED_TRANSFORMATION ( 'NONE', 'NONE', #1623,  #4677 ) ;
#4595 = CARTESIAN_POINT ( 'NONE',  ( -30.89870260200557439, 1.740681043584102472, -1.346695374934374086E-15 ) ) ;
#4596 = ORIENTED_EDGE ( 'NONE', *, *, #4688, .T. ) ;
#4597 = DIRECTION ( 'NONE',  ( -1.000000000000000000, -0.000000000000000000, -0.000000000000000000 ) ) ;
#4598 = ORIENTED_EDGE ( 'NONE', *, *, #35, .T. ) ;
#4599 = AXIS2_PLACEMENT_3D ( 'NONE', #279, #2521, #1390 ) ;
#4600 = AXIS2_PLACEMENT_3D ( 'NONE', #4312, #1031, #3653 ) ;
#4601 = CARTESIAN_POINT ( 'NONE',  ( -8.500000000000003553, -16.35000000000000497, -5.935518276033329228E-14 ) ) ;
#4602 = CARTESIAN_POINT ( 'NONE',  ( -40.00000000000002132, 5.000000000000000000, -44.80370120307598114 ) ) ;
#4603 = CARTESIAN_POINT ( 'NONE',  ( -7.500000000000000000, -3.799999999999999822, -5.237222008264700033E-14 ) ) ;
#4604 = DIRECTION ( 'NONE',  ( 0.000000000000000000, 0.000000000000000000, -1.000000000000000000 ) ) ;
#4605 = CIRCLE ( 'NONE', #456, 1.549999999999995826 ) ;
#4606 = DIRECTION ( 'NONE',  ( -0.000000000000000000, -1.000000000000000000, -0.000000000000000000 ) ) ;
#4607 = AXIS2_PLACEMENT_3D ( 'NONE', #2452, #934, #1671 ) ;
#4608 = LINE ( 'NONE', #2804, #3135 ) ;
#4609 = CARTESIAN_POINT ( 'NONE',  ( -11.66726188957807331, 7.700000000000000178, 13.16726188957802890 ) ) ;
#4610 = CARTESIAN_POINT ( 'NONE',  ( 0.000000000000000000, -2.229077290394566550E-17, 4.874608698001676467E-15 ) ) ;
#4611 = CARTESIAN_POINT ( 'NONE',  ( 6.999999999999999112, 5.000000000000000000, -34.58380151290431570 ) ) ;
#4612 = PRODUCT_DEFINITION_SHAPE ( 'NONE', 'NONE',  #4860 ) ;
#4613 = LINE ( 'NONE', #4334, #1353 ) ;
#4614 = CARTESIAN_POINT ( 'NONE',  ( 16.00000000000000000, -9.525961875374001409, 0.000000000000000000 ) ) ;
#4615 = DIRECTION ( 'NONE',  ( 0.000000000000000000, 1.000000000000000000, 0.000000000000000000 ) ) ;
#4616 = LINE ( 'NONE', #2734, #1746 ) ;
#4617 = ORIENTED_EDGE ( 'NONE', *, *, #4532, .F. ) ;
#4618 = ORIENTED_EDGE ( 'NONE', *, *, #2405, .F. ) ;
#4619 = CIRCLE ( 'NONE', #2039, 19.99999999999999645 ) ;
#4620 = ADVANCED_FACE ( 'NONE', ( #839, #1160 ), #4469, .F. ) ;
#4621 = CARTESIAN_POINT ( 'NONE',  ( -15.11984585097072120, 5.000000000000000000, -48.07609031786337539 ) ) ;
#4622 = VERTEX_POINT ( 'NONE', #1938 ) ;
#4623 = LINE ( 'NONE', #1694, #1609 ) ;
#4624 = CIRCLE ( 'NONE', #8, 9.909443506496760534 ) ;
#4625 = AXIS2_PLACEMENT_3D ( 'NONE', #3885, #924, #871 ) ;
#4626 = ORIENTED_EDGE ( 'NONE', *, *, #2437, .T. ) ;
#4627 = DIRECTION ( 'NONE',  ( -1.000000000000000000, -0.000000000000000000, -0.000000000000000000 ) ) ;
#4628 = CIRCLE ( 'NONE', #1270, 1.499999999999999556 ) ;
#4629 = CARTESIAN_POINT ( 'NONE',  ( 0.000000000000000000, 26.14942490415070253, 10.50000000000000533 ) ) ;
#4630 = CARTESIAN_POINT ( 'NONE',  ( -37.24514088232525211, 3.888912010840047451, -34.68608106453382334 ) ) ;
#4631 = ORIENTED_EDGE ( 'NONE', *, *, #4086, .F. ) ;
#4632 = DIRECTION ( 'NONE',  ( 0.000000000000000000, 0.000000000000000000, -1.000000000000000000 ) ) ;
#4633 = CARTESIAN_POINT ( 'NONE',  ( 13.54999999999999893, -15.80000000000000071, 0.000000000000000000 ) ) ;
#4634 = CARTESIAN_POINT ( 'NONE',  ( -19.90210035005835110, 20.88667557965986177, 7.450000000000003730 ) ) ;
#4635 = DIRECTION ( 'NONE',  ( 0.000000000000000000, 0.000000000000000000, -1.000000000000000000 ) ) ;
#4636 = CARTESIAN_POINT ( 'NONE',  ( -29.37307556689169630, 7.323837609385374314, -18.94195043366669395 ) ) ;
#4637 = CIRCLE ( 'NONE', #412, 20.00000000000000355 ) ;
#4638 = AXIS2_PLACEMENT_3D ( 'NONE', #3787, #1923, #2685 ) ;
#4639 = CARTESIAN_POINT ( 'NONE',  ( -16.00000000000000000, -9.525961875374001409, 0.000000000000000000 ) ) ;
#4640 = LINE ( 'NONE', #2021, #4092 ) ;
#4641 = CARTESIAN_POINT ( 'NONE',  ( 0.000000000000000000, 26.14942490415070253, 0.000000000000000000 ) ) ;
#4642 = DIRECTION ( 'NONE',  ( -0.000000000000000000, 1.000000000000000000, -0.000000000000000000 ) ) ;
#4643 = EDGE_LOOP ( 'NONE', ( #4367, #3791, #4670, #2618 ) ) ;
#4644 = ORIENTED_EDGE ( 'NONE', *, *, #2843, .F. ) ;
#4645 = ADVANCED_FACE ( 'NONE', ( #2330 ), #1555, .T. ) ;
#4646 = DIRECTION ( 'NONE',  ( 0.000000000000000000, 1.000000000000000000, 0.000000000000000000 ) ) ;
#4647 = ORIENTED_EDGE ( 'NONE', *, *, #3930, .T. ) ;
#4648 = CARTESIAN_POINT ( 'NONE',  ( 13.00000000000000178, -9.525961875374001409, 1.500000000000000000 ) ) ;
#4649 = AXIS2_PLACEMENT_3D ( 'NONE', #1981, #3436, #4554 ) ;
#4650 = EDGE_CURVE ( 'NONE', #3913, #4241, #1824, .T. ) ;
#4651 = ORIENTED_EDGE ( 'NONE', *, *, #1567, .F. ) ;
#4652 = ORIENTED_EDGE ( 'NONE', *, *, #4017, .F. ) ;
#4653 = DIRECTION ( 'NONE',  ( -0.000000000000000000, 1.000000000000000000, -0.000000000000000000 ) ) ;
#4654 = CARTESIAN_POINT ( 'NONE',  ( -13.00000000000000178, -3.800000000000000266, -9.077851480992147986E-14 ) ) ;
#4655 = DIRECTION ( 'NONE',  ( -0.000000000000000000, 1.000000000000000000, -0.000000000000000000 ) ) ;
#4656 = CARTESIAN_POINT ( 'NONE',  ( 10.55000000000000071, -10.80000000000000071, 0.000000000000000000 ) ) ;
#4657 = VECTOR ( 'NONE', #4597, 1000.000000000000000 ) ;
#4658 = EDGE_CURVE ( 'NONE', #4737, #4103, #2446, .T. ) ;
#4659 = ORIENTED_EDGE ( 'NONE', *, *, #2534, .F. ) ;
#4660 = CARTESIAN_POINT ( 'NONE',  ( -32.97918471982870159, 0.000000000000000000, -65.93542918672126518 ) ) ;
#4661 = DIRECTION ( 'NONE',  ( -0.000000000000000000, 1.000000000000000000, -0.000000000000000000 ) ) ;
#4662 = DIRECTION ( 'NONE',  ( -0.000000000000000000, -1.000000000000000000, -0.000000000000000000 ) ) ;
#4663 = CARTESIAN_POINT ( 'NONE',  ( -13.00000000000000178, -4.525961875374001409, 0.000000000000000000 ) ) ;
#4664 = FACE_OUTER_BOUND ( 'NONE', #4844, .T. ) ;
#4665 = CARTESIAN_POINT ( 'NONE',  ( 8.749999999999998224, -2.315795280694864733, 0.000000000000000000 ) ) ;
#4666 = CYLINDRICAL_SURFACE ( 'NONE', #1974, 21.99999999999999289 ) ;
#4667 = DIRECTION ( 'NONE',  ( -0.7071067811865482389, 0.000000000000000000, -0.7071067811865469066 ) ) ;
#4668 = DIRECTION ( 'NONE',  ( 1.000000000000000000, 0.000000000000000000, 0.000000000000000000 ) ) ;
#4669 = ORIENTED_EDGE ( 'NONE', *, *, #791, .T. ) ;
#4670 = ORIENTED_EDGE ( 'NONE', *, *, #2509, .T. ) ;
#4671 = EDGE_CURVE ( 'NONE', #581, #3525, #2054, .T. ) ;
#4672 = PRODUCT_CONTEXT ( 'NONE', #447, 'mechanical' ) ;
#4673 = CARTESIAN_POINT ( 'NONE',  ( -45.00000000000002132, 0.000000000000000000, -46.40370120307597546 ) ) ;
#4674 = ORIENTED_EDGE ( 'NONE', *, *, #690, .T. ) ;
#4675 = DIRECTION ( 'NONE',  ( 0.000000000000000000, 0.000000000000000000, -1.000000000000000000 ) ) ;
#4676 = AXIS2_PLACEMENT_3D ( 'NONE', #1230, #2659, #2268 ) ;
#4677 = AXIS2_PLACEMENT_3D ( 'NONE', #1005, #2496, #3989 ) ;
#4678 = ORIENTED_EDGE ( 'NONE', *, *, #2630, .T. ) ;
#4679 = EDGE_CURVE ( 'NONE', #4795, #1886, #4628, .T. ) ;
#4680 = CARTESIAN_POINT ( 'NONE',  ( -16.29064151234193503, 8.074421660968079451, 0.000000000000000000 ) ) ;
#4681 = DIRECTION ( 'NONE',  ( -0.000000000000000000, -1.000000000000000000, 0.000000000000000000 ) ) ;
#4682 = CARTESIAN_POINT ( 'NONE',  ( -9.520122296069104095, 1.747546292539035928, 20.76395610797850821 ) ) ;
#4683 = EDGE_LOOP ( 'NONE', ( #3818, #1662, #2092, #4044 ) ) ;
#4684 =( GEOMETRIC_REPRESENTATION_CONTEXT ( 3 ) GLOBAL_UNCERTAINTY_ASSIGNED_CONTEXT ( ( #1817 ) ) GLOBAL_UNIT_ASSIGNED_CONTEXT ( ( #3676, #1470, #4777 ) ) REPRESENTATION_CONTEXT ( 'NONE', 'WORKASPACE' ) );
#4685 = EDGE_CURVE ( 'NONE', #4722, #1750, #3739, .T. ) ;
#4686 = ORIENTED_EDGE ( 'NONE', *, *, #1752, .T. ) ;
#4687 = DIRECTION ( 'NONE',  ( 0.000000000000000000, 0.000000000000000000, 1.000000000000000000 ) ) ;
#4688 = EDGE_CURVE ( 'NONE', #3729, #856, #1877, .T. ) ;
#4689 = CARTESIAN_POINT ( 'NONE',  ( -10.99017473251071664, 7.640285087069871750, 2.182792236353802565E-15 ) ) ;
#4690 = CARTESIAN_POINT ( 'NONE',  ( 13.00000000000000178, -4.525961875374001409, 1.500000000000000000 ) ) ;
#4691 = FACE_OUTER_BOUND ( 'NONE', #1310, .T. ) ;
#4692 = CARTESIAN_POINT ( 'NONE',  ( -33.33273811042190715, 5.000000000000000000, -57.80370120307600246 ) ) ;
#4693 = DIRECTION ( 'NONE',  ( 0.000000000000000000, 0.000000000000000000, 1.000000000000000000 ) ) ;
#4694 = DIRECTION ( 'NONE',  ( 0.000000000000000000, 0.000000000000000000, 1.000000000000000000 ) ) ;
#4695 = CYLINDRICAL_SURFACE ( 'NONE', #4845, 6.000000000000032863 ) ;
#4696 = ORIENTED_EDGE ( 'NONE', *, *, #1056, .F. ) ;
#4697 = EDGE_LOOP ( 'NONE', ( #3550, #2087, #4701, #3765 ) ) ;
#4698 = CIRCLE ( 'NONE', #1803, 20.00000000000000000 ) ;
#4699 = APPLICATION_PROTOCOL_DEFINITION ( 'draft international standard', 'automotive_design', 1998, #1778 ) ;
#4700 = CARTESIAN_POINT ( 'NONE',  ( -45.00000000000002132, 5.000000000000000000, -44.80370120307598114 ) ) ;
#4701 = ORIENTED_EDGE ( 'NONE', *, *, #1794, .T. ) ;
#4702 = DIRECTION ( 'NONE',  ( -1.000000000000000000, 0.000000000000000000, -3.192632552693102876E-17 ) ) ;
#4703 = CIRCLE ( 'NONE', #4857, 8.450000000000008171 ) ;
#4704 = EDGE_LOOP ( 'NONE', ( #2140, #2281, #1249, #4132 ) ) ;
#4705 = CARTESIAN_POINT ( 'NONE',  ( -39.39838489184216996, 0.05478672904803285476, -2.387606245936157452E-15 ) ) ;
#4706 = VECTOR ( 'NONE', #988, 1000.000000000000000 ) ;
#4707 = EDGE_CURVE ( 'NONE', #3974, #2084, #1188, .T. ) ;
#4708 = CARTESIAN_POINT ( 'NONE',  ( -19.90210035005835110, 3.340681043584106558, 0.000000000000000000 ) ) ;
#4709 = LINE ( 'NONE', #4351, #1755 ) ;
#4710 = ORIENTED_EDGE ( 'NONE', *, *, #4583, .T. ) ;
#4711 = ORIENTED_EDGE ( 'NONE', *, *, #940, .T. ) ;
#4712 = DIRECTION ( 'NONE',  ( -0.000000000000000000, 1.000000000000000000, -0.000000000000000000 ) ) ;
#4713 = ADVANCED_FACE ( 'NONE', ( #394 ), #1897, .T. ) ;
#4714 = CIRCLE ( 'NONE', #2605, 10.55000000000000071 ) ;
#4715 = DIRECTION ( 'NONE',  ( 1.000000000000000000, 0.000000000000000000, 0.000000000000000000 ) ) ;
#4716 = DIRECTION ( 'NONE',  ( -0.000000000000000000, 1.000000000000000000, 0.000000000000000000 ) ) ;
#4717 = CARTESIAN_POINT ( 'NONE',  ( -10.07889787202729082, 7.229776570311008399, -19.64640495606211701 ) ) ;
#4718 = DIRECTION ( 'NONE',  ( 0.7071067811865456854, 0.000000000000000000, 0.7071067811865493491 ) ) ;
#4719 = LINE ( 'NONE', #2099, #3240 ) ;
#4720 = LINE ( 'NONE', #2759, #2488 ) ;
#4721 = DIRECTION ( 'NONE',  ( 0.000000000000000000, 0.000000000000000000, 1.000000000000000000 ) ) ;
#4722 = VERTEX_POINT ( 'NONE', #813 ) ;
#4723 = ORIENTED_EDGE ( 'NONE', *, *, #275, .T. ) ;
#4724 = VECTOR ( 'NONE', #4655, 1000.000000000000000 ) ;
#4725 = AXIS2_PLACEMENT_3D ( 'NONE', #2758, #847, #1318 ) ;
#4726 = ADVANCED_FACE ( 'NONE', ( #2679 ), #1486, .F. ) ;
#4727 = CARTESIAN_POINT ( 'NONE',  ( 0.000000000000000000, 26.14942490415070253, 20.00000000000000000 ) ) ;
#4728 = B_SPLINE_CURVE_WITH_KNOTS ( 'NONE', 3,
 ( #1813, #1769, #285, #4824, #3677, #4389, #3283, #3607 ),
 .UNSPECIFIED., .F., .F.,
 ( 4, 1, 1, 1, 1, 4 ),
 ( 0.000000000000000000, 0.2590864190816864476, 0.3949345011034242625, 0.5592166308916470818, 0.7114141871853519872, 1.000000000000000000 ),
 .UNSPECIFIED. ) ;
#4729 = DIRECTION ( 'NONE',  ( -0.000000000000000000, 0.000000000000000000, -1.000000000000000000 ) ) ;
#4730 = ORIENTED_EDGE ( 'NONE', *, *, #4838, .T. ) ;
#4731 = CARTESIAN_POINT ( 'NONE',  ( -19.90210035005835110, 24.63667557965986532, 0.000000000000000000 ) ) ;
#4732 = VECTOR ( 'NONE', #1892, 1000.000000000000114 ) ;
#4733 = AXIS2_PLACEMENT_3D ( 'NONE', #4040, #3701, #1471 ) ;
#4734 = CARTESIAN_POINT ( 'NONE',  ( -39.80420070011669509, -2.229077290394566858E-17, -39.80420070011669509 ) ) ;
#4735 = ORIENTED_EDGE ( 'NONE', *, *, #553, .F. ) ;
#4736 = ORIENTED_EDGE ( 'NONE', *, *, #4532, .T. ) ;
#4737 = VERTEX_POINT ( 'NONE', #2657 ) ;
#4738 = CARTESIAN_POINT ( 'NONE',  ( -13.00000000000000178, -9.525961875374001409, 1.500000000000000000 ) ) ;
#4739 = CARTESIAN_POINT ( 'NONE',  ( 13.00000000000000178, -4.525961875374001409, 1.500000000000000000 ) ) ;
#4740 = FILL_AREA_STYLE ('',( #1044 ) ) ;
#4741 = CYLINDRICAL_SURFACE ( 'NONE', #687, 1.499999999999999556 ) ;
#4742 = ADVANCED_FACE ( 'NONE', ( #4169 ), #25, .F. ) ;
#4743 = AXIS2_PLACEMENT_3D ( 'NONE', #2383, #916, #3540 ) ;
#4744 = CARTESIAN_POINT ( 'NONE',  ( -19.90210035005835110, 20.88667557965986177, 0.000000000000000000 ) ) ;
#4745 = EDGE_CURVE ( 'NONE', #1360, #1382, #419, .T. ) ;
#4746 = DIRECTION ( 'NONE',  ( 0.000000000000000000, 0.000000000000000000, -1.000000000000000000 ) ) ;
#4747 = DIRECTION ( 'NONE',  ( -0.000000000000000000, 1.000000000000000000, -0.000000000000000000 ) ) ;
#4748 = ORIENTED_EDGE ( 'NONE', *, *, #4235, .F. ) ;
#4749 = VERTEX_POINT ( 'NONE', #3044 ) ;
#4750 =( NAMED_UNIT ( * ) PLANE_ANGLE_UNIT ( ) SI_UNIT ( $, .RADIAN. ) );
#4751 = EDGE_CURVE ( 'NONE', #4508, #3180, #72, .T. ) ;
#4752 = ADVANCED_FACE ( 'NONE', ( #3463, #3092 ), #4216, .T. ) ;
#4753 = FACE_BOUND ( 'NONE', #4573, .T. ) ;
#4754 = ORIENTED_EDGE ( 'NONE', *, *, #2080, .F. ) ;
#4755 = CARTESIAN_POINT ( 'NONE',  ( 13.00000000000000178, -3.800000000000000266, 0.000000000000000000 ) ) ;
#4756 = ADVANCED_FACE ( 'NONE', ( #2723 ), #864, .F. ) ;
#4757 = EDGE_CURVE ( 'NONE', #3360, #3672, #1601, .T. ) ;
#4758 = DIRECTION ( 'NONE',  ( 0.7071067811865462405, 0.000000000000000000, 0.7071067811865489050 ) ) ;
#4759 = ORIENTED_EDGE ( 'NONE', *, *, #338, .T. ) ;
#4760 = AXIS2_PLACEMENT_3D ( 'NONE', #2142, #4001, #2558 ) ;
#4761 = ORIENTED_EDGE ( 'NONE', *, *, #1401, .T. ) ;
#4762 = CIRCLE ( 'NONE', #2490, 6.000000000000032863 ) ;
#4763 = AXIS2_PLACEMENT_3D ( 'NONE', #1682, #4357, #3955 ) ;
#4764 = ORIENTED_EDGE ( 'NONE', *, *, #1708, .T. ) ;
#4765 = CARTESIAN_POINT ( 'NONE',  ( -10.17009838266490540, 5.000000000000000000, -53.02583778616920540 ) ) ;
#4766 = DIRECTION ( 'NONE',  ( -0.000000000000000000, 1.000000000000000000, -0.000000000000000000 ) ) ;
#4767 =( NAMED_UNIT ( * ) PLANE_ANGLE_UNIT ( ) SI_UNIT ( $, .RADIAN. ) );
#4768 = CARTESIAN_POINT ( 'NONE',  ( 15.05000000000000071, -13.30000000000000071, 0.000000000000000000 ) ) ;
#4769 = DIRECTION ( 'NONE',  ( -0.000000000000000000, -1.000000000000000000, -0.000000000000000000 ) ) ;
#4770 = EDGE_CURVE ( 'NONE', #2442, #2739, #800, .T. ) ;
#4771 = DIRECTION ( 'NONE',  ( 0.000000000000000000, 0.000000000000000000, -1.000000000000000000 ) ) ;
#4772 = CARTESIAN_POINT ( 'NONE',  ( 6.999999999999995559, 5.000000000000000000, -34.58380151290431570 ) ) ;
#4773 = CARTESIAN_POINT ( 'NONE',  ( 16.00000000000000000, -4.525961875374001409, 0.000000000000000000 ) ) ;
#4774 = VERTEX_POINT ( 'NONE', #4013 ) ;
#4775 = ORIENTED_EDGE ( 'NONE', *, *, #305, .T. ) ;
#4776 = DIRECTION ( 'NONE',  ( 0.000000000000000000, 1.000000000000000000, 0.000000000000000000 ) ) ;
#4777 =( NAMED_UNIT ( * ) SI_UNIT ( $, .STERADIAN. ) SOLID_ANGLE_UNIT ( ) );
#4778 = VERTEX_POINT ( 'NONE', #282 ) ;
#4779 = CARTESIAN_POINT ( 'NONE',  ( 0.000000000000000000, 0.000000000000000000, 0.000000000000000000 ) ) ;
#4780 = CIRCLE ( 'NONE', #70, 2.500000000000000444 ) ;
#4781 = EDGE_CURVE ( 'NONE', #3141, #4266, #659, .T. ) ;
#4782 = FACE_OUTER_BOUND ( 'NONE', #2102, .T. ) ;
#4783 = VERTEX_POINT ( 'NONE', #306 ) ;
#4784 = VERTEX_POINT ( 'NONE', #4453 ) ;
#4785 = VERTEX_POINT ( 'NONE', #2130 ) ;
#4786 = CIRCLE ( 'NONE', #2668, 2.500000000000000444 ) ;
#4787 = ORIENTED_EDGE ( 'NONE', *, *, #1548, .T. ) ;
#4788 = DIRECTION ( 'NONE',  ( 0.000000000000000000, -0.1320627300026313011, -0.9912413607917358593 ) ) ;
#4789 = DIRECTION ( 'NONE',  ( 0.000000000000000000, -1.000000000000000000, 0.000000000000000000 ) ) ;
#4790 = CIRCLE ( 'NONE', #3064, 10.45000000000000462 ) ;
#4791 = LINE ( 'NONE', #2863, #245 ) ;
#4792 = DIRECTION ( 'NONE',  ( -0.000000000000000000, 1.000000000000000000, -0.000000000000000000 ) ) ;
#4793 = CARTESIAN_POINT ( 'NONE',  ( 13.54999999999999893, -13.30000000000000071, 0.000000000000000000 ) ) ;
#4794 = PLANE ( 'NONE',  #3753 ) ;
#4795 = VERTEX_POINT ( 'NONE', #1766 ) ;
#4796 = ORIENTED_EDGE ( 'NONE', *, *, #852, .F. ) ;
#4797 = LINE ( 'NONE', #4727, #2287 ) ;
#4798 = DIRECTION ( 'NONE',  ( 0.000000000000000000, 0.000000000000000000, -1.000000000000000000 ) ) ;
#4799 = CARTESIAN_POINT ( 'NONE',  ( -8.500000000000003553, -16.35000000000000497, -5.935518276033329228E-14 ) ) ;
#4800 = ORIENTED_EDGE ( 'NONE', *, *, #2985, .T. ) ;
#4801 = CIRCLE ( 'NONE', #4252, 8.500000000000003553 ) ;
#4802 = EDGE_CURVE ( 'NONE', #2879, #3862, #3793, .T. ) ;
#4803 = CARTESIAN_POINT ( 'NONE',  ( -22.45078147173898131, 11.57534542638514274, -5.097362243361254208 ) ) ;
#4804 = VERTEX_POINT ( 'NONE', #2548 ) ;
#4805 = EDGE_CURVE ( 'NONE', #1670, #4722, #3328, .T. ) ;
#4806 = ORIENTED_EDGE ( 'NONE', *, *, #1454, .F. ) ;
#4807 = ORIENTED_EDGE ( 'NONE', *, *, #631, .F. ) ;
#4808 = ORIENTED_EDGE ( 'NONE', *, *, #2148, .T. ) ;
#4809 = LINE ( 'NONE', #2969, #2854 ) ;
#4810 = DIRECTION ( 'NONE',  ( -1.000000000000000000, 0.000000000000000000, 0.000000000000000000 ) ) ;
#4811 = FACE_OUTER_BOUND ( 'NONE', #241, .T. ) ;
#4812 = ADVANCED_FACE ( 'NONE', ( #260 ), #3303, .F. ) ;
#4813 = VECTOR ( 'NONE', #374, 1000.000000000000000 ) ;
#4814 = FACE_OUTER_BOUND ( 'NONE', #3163, .T. ) ;
#4815 = DIRECTION ( 'NONE',  ( 0.000000000000000000, 0.000000000000000000, 1.000000000000000000 ) ) ;
#4816 = CARTESIAN_POINT ( 'NONE',  ( -33.33273811042190715, 5.000000000000000000, -59.35370120307606356 ) ) ;
#4817 = LINE ( 'NONE', #795, #2235 ) ;
#4818 = ORIENTED_EDGE ( 'NONE', *, *, #309, .F. ) ;
#4819 = ORIENTED_EDGE ( 'NONE', *, *, #2401, .F. ) ;
#4820 = AXIS2_PLACEMENT_3D ( 'NONE', #1652, #4560, #3439 ) ;
#4821 = EDGE_CURVE ( 'NONE', #1999, #1266, #1096, .T. ) ;
#4822 = DIRECTION ( 'NONE',  ( 0.000000000000000000, 0.000000000000000000, -1.000000000000000000 ) ) ;
#4823 = SURFACE_STYLE_USAGE ( .BOTH. , #3605 ) ;
#4824 = CARTESIAN_POINT ( 'NONE',  ( -2.389691460303893678, 0.8729443479809960715, 0.000000000000000000 ) ) ;
#4825 = ORIENTED_EDGE ( 'NONE', *, *, #3450, .F. ) ;
#4826 = EDGE_CURVE ( 'NONE', #3837, #4233, #4797, .T. ) ;
#4827 = CARTESIAN_POINT ( 'NONE',  ( -26.09965688416941276, 4.391801250357438846, -7.589817772033874462E-16 ) ) ;
#4828 = ORIENTED_EDGE ( 'NONE', *, *, #3460, .T. ) ;
#4829 =( BOUNDED_SURFACE ( )  B_SPLINE_SURFACE ( 3, 3, ( 
 ( #421, #2658, #3345, #4170 ),
 ( #3417, #4145, #2614, #348 ),
 ( #3782, #3740, #1534, #2587 ),
 ( #4121, #3000, #46, #815 ),
 ( #1556, #2267, #3, #771 ),
 ( #4076, #4495, #4100, #1140 ),
 ( #3045, #1854, #1464, #1182 ) ),
 .UNSPECIFIED., .F., .F., .F. ) 
 B_SPLINE_SURFACE_WITH_KNOTS ( ( 4, 1, 1, 1, 4 ),
 ( 4, 4 ),
 ( 0.000000000000000000, 0.3976085936376361207, 0.6246750225943311641, 0.8359075554083627013, 1.000000000000000000 ),
 ( 0.000000000000000000, 1.000000000000000000 ),
 .UNSPECIFIED. ) 
 GEOMETRIC_REPRESENTATION_ITEM ( )  RATIONAL_B_SPLINE_SURFACE ( (
 ( 1.000000000000000000, 0.3333333333333334259, 0.3333333333333334259, 1.000000000000000000),
 ( 1.000000000000000000, 0.3333333333333334259, 0.3333333333333334259, 1.000000000000000000),
 ( 1.000000000000000000, 0.3333333333333334259, 0.3333333333333334259, 1.000000000000000000),
 ( 1.000000000000000000, 0.3333333333333334259, 0.3333333333333334259, 1.000000000000000000),
 ( 1.000000000000000000, 0.3333333333333334259, 0.3333333333333334259, 1.000000000000000000),
 ( 1.000000000000000000, 0.3333333333333334259, 0.3333333333333334259, 1.000000000000000000),
 ( 1.000000000000000000, 0.3333333333333334259, 0.3333333333333334259, 1.000000000000000000) ) ) 
 REPRESENTATION_ITEM ( '' )  SURFACE ( )  );
#4830 = EDGE_LOOP ( 'NONE', ( #4459, #2665, #4398, #3216 ) ) ;
#4831 = EDGE_CURVE ( 'NONE', #4080, #4506, #4038, .T. ) ;
#4832 = VERTEX_POINT ( 'NONE', #1418 ) ;
#4833 = ORIENTED_EDGE ( 'NONE', *, *, #4685, .F. ) ;
#4834 = CARTESIAN_POINT ( 'NONE',  ( -13.54999999999999893, -13.30000000000000071, 0.000000000000000000 ) ) ;
#4835 = DIRECTION ( 'NONE',  ( 0.000000000000000000, 0.000000000000000000, -1.000000000000000000 ) ) ;
#4836 = DIRECTION ( 'NONE',  ( -1.000000000000000000, 0.000000000000000000, 0.000000000000000000 ) ) ;
#4837 = VECTOR ( 'NONE', #1313, 1000.000000000000000 ) ;
#4838 = EDGE_CURVE ( 'NONE', #2324, #1447, #2911, .T. ) ;
#4839 = CARTESIAN_POINT ( 'NONE',  ( 13.54999999999999893, -13.30000000000000071, 1.500000000000000000 ) ) ;
#4840 = DIRECTION ( 'NONE',  ( 0.000000000000000000, 0.000000000000000000, -1.000000000000000000 ) ) ;
#4841 = CARTESIAN_POINT ( 'NONE',  ( -6.560365685056499530, 5.452319956944943868, 0.000000000000000000 ) ) ;
#4842 = FACE_OUTER_BOUND ( 'NONE', #4643, .T. ) ;
#4843 = VERTEX_POINT ( 'NONE', #2594 ) ;
#4844 = EDGE_LOOP ( 'NONE', ( #3237, #242 ) ) ;
#4845 = AXIS2_PLACEMENT_3D ( 'NONE', #2127, #4385, #1001 ) ;
#4846 = CIRCLE ( 'NONE', #134, 2.500000000000000444 ) ;
#4847 = SPHERICAL_SURFACE ( 'NONE', #489, 0.7000000000000009548 ) ;
#4848 = PRESENTATION_STYLE_ASSIGNMENT (( #4823 ) ) ;
#4849 = CARTESIAN_POINT ( 'NONE',  ( -41.46446609406726225, 5.000000000000000000, -57.45014781248266900 ) ) ;
#4850 = ORIENTED_EDGE ( 'NONE', *, *, #2169, .T. ) ;
#4851 = CIRCLE ( 'NONE', #4214, 15.99999999999999645 ) ;
#4852 = CARTESIAN_POINT ( 'NONE',  ( -23.51355918777477072, 8.074421660968079451, -7.222917675432837470 ) ) ;
#4853 = EDGE_LOOP ( 'NONE', ( #2116, #1189, #715, #654 ) ) ;
#4854 = ORIENTED_EDGE ( 'NONE', *, *, #4166, .F. ) ;
#4855 = ORIENTED_EDGE ( 'NONE', *, *, #1983, .F. ) ;
#4856 = ORIENTED_EDGE ( 'NONE', *, *, #4826, .F. ) ;
#4857 = AXIS2_PLACEMENT_3D ( 'NONE', #1898, #4535, #1091 ) ;
#4858 = NEXT_ASSEMBLY_USAGE_OCCURRENCE ( 'NAUO1', ' ', ' ', #520, #3224, $ ) ;
#4859 = NEXT_ASSEMBLY_USAGE_OCCURRENCE ( 'NAUO2', ' ', ' ', #520, #2205, $ ) ;
#4860 = NEXT_ASSEMBLY_USAGE_OCCURRENCE ( 'NAUO3', ' ', ' ', #520, #2775, $ ) ;
#4861 = NEXT_ASSEMBLY_USAGE_OCCURRENCE ( 'NAUO4', ' ', ' ', #520, #2775, $ ) ;
ENDSEC;
END-ISO-10303-21;
